City Name,Customer ID,Customer Name,Customer Segment,Sum of Discount,First Name,Manager Performance Class,Year,Quarter,Month,Day,Count of Order ID,Product Category,Product Container,Product Name,Product Sub-Category,Sum of Profit,Region Code,Sum of Sales,Year,Quarter,Month,Day,Ship Mode,Sum of Shipping Cost,State,Sum of Unit Price,Count of Zip Code
Albany,260,Brenda Gonzalez,Corporate,0.03,Erin,Low,2011,Qtr 2,April,24,1,Furniture,Jumbo Box,"Rush Hierlooms Collection 1"" Thick Stackable Bookcases",Bookcases,583.15,EAST,1576.52,2011,Qtr 2,April,25,Delivery Truck,35.89,New York,170.98,1
Albany,260,Brenda Gonzalez,Corporate,0,Erin,Low,2011,Qtr 2,April,24,1,Technology,Medium Box,1726 Digital Answering Machine,Telephones and Communication,-52.239000000000004,EAST,57.96,2011,Qtr 2,April,26,Regular Air,4.81,New York,20.99,1
Albany,2416,Neil Waller,Consumer,0.1,Erin,Low,2013,Qtr 4,November,23,1,Furniture,Jumbo Drum,Office Star Flex Back Scooter Chair with White Frame,Chairs & Chairmats,41.713600000000014,EAST,129.88,2013,Qtr 4,November,24,Delivery Truck,30,New York,110.98,1
Altamonte Springs,1172,Bill Hudson,Consumer,0.01,Sam,Low,2012,Qtr 3,August,8,1,Office Supplies,Small Box,Xerox 1893,Paper,-296.114,SOUTH,869.24,2012,Qtr 3,August,9,Regular Air,17.48,Florida,40.99,1
Altamonte Springs,1178,Sandy Hunt,Consumer,0.06,Sam,Low,2010,Qtr 2,April,9,1,Furniture,Jumbo Drum,Global Leather Executive Chair,Chairs & Chairmats,-302.6156,SOUTH,3506.78,2010,Qtr 2,April,11,Delivery Truck,39,Florida,350.99,1
Altamonte Springs,1178,Sandy Hunt,Consumer,0.09,Sam,Low,2010,Qtr 2,April,9,1,Furniture,Jumbo Drum,"SAFCO PlanMaster Heigh-Adjustable Drafting Table Base, 43w x 30d x 30-37h, Black",Tables,-369.10999999999996,SOUTH,2307.26,2010,Qtr 2,April,10,Delivery Truck,60,Florida,349.45,1
Altamonte Springs,1178,Sandy Hunt,Consumer,0.03,Sam,Low,2010,Qtr 2,April,9,1,Office Supplies,Large Box,Hoover Portapower™ Portable Vacuum,Appliances,64.26599999999999,SOUTH,21.46,2010,Qtr 2,April,11,Regular Air,49,Florida,4.48,1
Altamonte Springs,1178,Sandy Hunt,Consumer,0.09,Sam,Low,2010,Qtr 2,April,9,1,Technology,Small Box,Targus USB Numeric Keypad,Computer Peripherals,5.6916,SOUTH,267.69,2010,Qtr 2,April,11,Express Air,6.5,Florida,40.98,1
Altamonte Springs,1178,Sandy Hunt,Consumer,0.09,Sam,Low,2011,Qtr 1,January,1,1,Technology,Medium Box,"Soundgear Copyboard Conference Phone, Optional Battery",Office Machines,-71.176,SOUTH,397.7,2011,Qtr 1,January,3,Express Air,13.99,Florida,204.1,1
Anaheim,2400,Anita Boyle,Consumer,0,William,Low,2012,Qtr 2,June,22,1,Office Supplies,Small Box,Fellowes Staxonsteel® Drawer Files,Storage & Organization,1975.7160000000001,WEST,3825.29,2012,Qtr 2,June,22,Regular Air,19.99,California,193.17,1
Anaheim,2400,Anita Boyle,Consumer,0.02,William,Low,2013,Qtr 1,January,16,1,Office Supplies,Small Box,Avery 491,Labels,19.941,WEST,28.9,2013,Qtr 1,January,17,Regular Air,0.99,California,4.13,1
Anaheim,2400,Anita Boyle,Consumer,0.02,William,Low,2013,Qtr 1,January,16,1,Office Supplies,Small Box,Sterilite Officeware Hinged File Box,Storage & Organization,-134.168,WEST,105.65,2013,Qtr 1,January,16,Regular Air,6.91,California,10.48,1
Anaheim,2400,Anita Boyle,Corporate,0.05,William,Low,2013,Qtr 3,July,21,1,Office Supplies,Small Box,Xerox 4200 Series MultiUse Premium Copy Paper (20Lb. and 84 Bright),Paper,-87.81648000000001,WEST,71.71,2013,Qtr 3,July,22,Regular Air,5.66,California,5.28,1
Anaheim,2400,Anita Boyle,Corporate,0.03,William,Low,2013,Qtr 3,July,21,1,Technology,Jumbo Box,Hewlett-Packard Deskjet 940 REFURBISHED Color Inkjet Printer,Office Machines,469.9616,WEST,1200.38,2013,Qtr 3,July,23,Delivery Truck,30.06,California,80.97,1
Anaheim,2400,Anita Boyle,Corporate,0.08,William,Low,2013,Qtr 4,October,16,1,Office Supplies,Small Pack,Boston 16801 Nautilus™ Battery Pencil Sharpener,Pens & Art Supplies,4.75,WEST,192.46,2013,Qtr 4,October,16,Regular Air,5.53,California,22.01,1
Antioch,2401,Tommy Morse Brown,Consumer,0.06,William,Low,2012,Qtr 2,June,22,1,Furniture,Small Pack,Nu-Dell Executive Frame,Office Furnishings,-14.712,WEST,14.49,2012,Qtr 2,June,23,Regular Air,4.98,California,12.64,1
Antioch,2529,Francis McKenzie,Small Business,0.05,William,Low,2011,Qtr 3,September,3,1,Office Supplies,Small Box,"#10- 4 1/8"" x 9 1/2"" Recycled Envelopes",Envelopes,-32.35,WEST,28.46,2011,Qtr 3,September,5,Regular Air,8.29,California,8.74,1
Apopka,1206,Dana Jain,Small Business,0.04,Sam,Low,2011,Qtr 1,January,6,1,Furniture,Small Box,Contemporary Wood/Metal Frame,Office Furnishings,-73.9795,SOUTH,115.89,2011,Qtr 1,January,7,Regular Air,7.74,Florida,16.16,1
Apopka,1206,Dana Jain,Small Business,0.02,Sam,Low,2011,Qtr 3,September,30,1,Office Supplies,Small Box,"Tyvek Interoffice Envelopes, 9 1/2"" x 12 1/2"", 100/Box",Envelopes,96.012,SOUTH,1022.42,2011,Qtr 4,October,3,Regular Air,19.99,Florida,60.98,1
Apopka,1206,Dana Jain,Small Business,0.04,Sam,Low,2011,Qtr 3,September,30,1,Office Supplies,Wrap Bag,Newell 309,Pens & Art Supplies,1229.1779999999999,SOUTH,250.22,2011,Qtr 4,October,2,Regular Air,2.36,Florida,11.55,1
Apopka,1206,Dana Jain,Small Business,0.07,Sam,Low,2013,Qtr 1,January,6,1,Office Supplies,Small Box,Newell® 3-Hole Punched Plastic Slotted Magazine Holders for Binders,Binders and Binder Accessories,-30.478,SOUTH,31.86,2013,Qtr 1,January,8,Regular Air,5.42,Florida,4.57,1
Apopka,1206,Dana Jain,Small Business,0.09,Sam,Low,2013,Qtr 3,August,1,1,Office Supplies,Wrap Bag,"TOPS Money Receipt Book, Consecutively Numbered in Red,",Paper,36.942,SOUTH,23.81,2013,Qtr 3,August,3,Regular Air,2.87,Florida,8.01,1
Apopka,1206,Dana Jain,Small Business,0.1,Sam,Low,2013,Qtr 3,August,1,1,Technology,Small Box,Talkabout T8097,Telephones and Communication,266.11199999999997,SOUTH,636.63,2013,Qtr 3,August,2,Regular Air,8.99,Florida,205.99,1
Apopka,1206,Dana Jain,Small Business,0.02,Sam,Low,2013,Qtr 3,September,15,1,Furniture,Medium Box,Eldon Advantage® Foldable Chair Mats for Low Pile Carpets,Office Furnishings,32.777699999999996,SOUTH,1357.19,2013,Qtr 3,September,16,Regular Air,11.1,Florida,54.2,1
Apple Valley,2530,Janet Zhang,Small Business,0.04,William,Low,2010,Qtr 1,March,29,1,Technology,Small Box,Targus USB Numeric Keypad,Computer Peripherals,-89.5,WEST,277.07,2010,Qtr 1,March,30,Regular Air,6.5,California,40.98,1
Apple Valley,2530,Janet Zhang,Small Business,0.06,William,Low,2011,Qtr 2,May,17,1,Office Supplies,Large Box,Tennsco Regal Shelving Units,Storage & Organization,-253.38,WEST,216.09,2011,Qtr 2,May,19,Regular Air,35,California,101.41,1
Apple Valley,2530,Janet Zhang,Small Business,0.06,William,Low,2011,Qtr 2,May,17,1,Office Supplies,Small Pack,Sanford 52201 APSCO Electric Pencil Sharpener,Pens & Art Supplies,196.58,WEST,664.5,2011,Qtr 2,May,17,Regular Air,8.99,California,40.97,1
Apple Valley,2530,Janet Zhang,Small Business,0.01,William,Low,2011,Qtr 2,May,17,1,Technology,Small Pack,Accessory32,Telephones and Communication,526.6563,WEST,763.27,2011,Qtr 2,May,19,Regular Air,1.25,California,55.99,1
Asbury Park,1011,Denise Sumner,Home Office,0.07,Erin,Low,2013,Qtr 3,July,2,1,Office Supplies,Small Pack,Boston 16765 Mini Stand Up Battery Pencil Sharpener,Pens & Art Supplies,-25.92816,EAST,14.17,2013,Qtr 3,July,6,Regular Air,8.99,New Jersey,11.66,1
Asbury Park,1221,Vickie Frost,Small Business,0.01,Erin,Low,2011,Qtr 2,May,8,1,Office Supplies,Small Box,Smead Adjustable Mobile File Trolley with Lockable Top,Storage & Organization,-259.01,EAST,423.3,2011,Qtr 2,May,9,Regular Air,19.99,New Jersey,419.19,1
Asbury Park,1861,Melissa McCullough,Home Office,0.02,Erin,Low,2012,Qtr 1,January,29,1,Office Supplies,Small Box,GBC Standard Therm-A-Bind Covers,Binders and Binder Accessories,25.361959999999996,EAST,230.16,2012,Qtr 1,January,31,Regular Air,12.98,New Jersey,24.92,1
Atascadero,883,Alex Harding,Consumer,0.02,William,Low,2013,Qtr 3,September,20,1,Furniture,Large Box,Deflect-o DuraMat Antistatic Studded Beveled Mat for Medium Pile Carpeting,Office Furnishings,-28.621199999999998,WEST,74.76,2013,Qtr 3,September,22,Regular Air,12.39,California,16.98,1
Atascadero,883,Alex Harding,Home Office,0,William,High,2011,Qtr 3,September,15,1,Technology,Large Box,Sharp AL-1530CS Digital Copier,Copiers and Fax,-1312.84,WEST,10933.47,2011,Qtr 3,September,22,Express Air,24.49,California,499.99,1
Atascadero,883,Alex Harding,Home Office,0.02,William,Low,2012,Qtr 3,July,5,1,Furniture,Jumbo Box,Bretford CR8500 Series Meeting Room Furniture,Tables,2.45,WEST,5.81,2012,Qtr 3,July,7,Regular Air,0.5,California,2.88,1
Atascadero,883,Alex Harding,Home Office,0.03,William,Low,2013,Qtr 4,October,27,1,Furniture,Small Box,Eldon Expressions Mahogany Wood Desk Collection,Office Furnishings,-530.68,WEST,1268.16,2013,Qtr 4,October,28,Regular Air,35,California,113.64,1
Atascadero,883,Alex Harding,Home Office,0.01,William,Medium,2013,Qtr 4,November,14,1,Technology,Medium Box,Canon MP100DHII Printing Calculator,Office Machines,4472.649,WEST,6482.1,2013,Qtr 4,November,14,Regular Air,13.99,California,140.99,1
Atascadero,2531,Rick Houston,Small Business,0.08,William,Low,2010,Qtr 2,May,2,1,Office Supplies,Wrap Bag,EcoTones® Memo Sheets,Paper,28.4,WEST,51.99,2010,Qtr 2,May,4,Regular Air,1.3,California,4,1
Atascadero,2531,Rick Houston,Small Business,0.03,William,Low,2011,Qtr 1,February,24,1,Office Supplies,Small Box,UniKeep™ View Case Binders,Binders and Binder Accessories,-132.2615,WEST,45.49,2011,Qtr 1,February,26,Regular Air,6.07,California,4.89,1
Atascadero,2531,Rick Houston,Small Business,0.05,William,Low,2011,Qtr 2,April,10,1,Furniture,Jumbo Box,Bush Advantage Collection® Round Conference Table,Tables,-248.78,WEST,426.93,2011,Qtr 2,April,12,Delivery Truck,52.2,California,212.6,1
Atascadero,2531,Rick Houston,Small Business,0.05,William,Low,2013,Qtr 1,January,26,1,Office Supplies,Small Box,Xerox 191,Paper,0.14439999999999828,WEST,21.48,2013,Qtr 1,January,27,Regular Air,5.86,California,19.98,1
Atascadero,2531,Rick Houston,Small Business,0.05,William,Low,2013,Qtr 2,May,2,1,Technology,Small Pack,"Verbatim DVD-RAM, 5.2GB, Rewritable, Type 1, DS",Computer Peripherals,277.0419,WEST,401.51,2013,Qtr 2,May,3,Regular Air,1.99,California,29.89,1
Atascadero,2531,Rick Houston,Small Business,0,William,Low,2013,Qtr 4,December,26,1,Office Supplies,Wrap Bag,"Advantus Push Pins, Aluminum Head",Rubber Bands,-12.00864,WEST,130.82,2013,Qtr 4,December,26,Regular Air,3.37,California,5.81,1
Atlantic City,1274,Christina McNeill,Corporate,0.02,Erin,Low,2012,Qtr 1,March,21,1,Technology,Small Box,StarTAC 7760,Telephones and Communication,-165.62699999999998,EAST,116.54,2012,Qtr 1,March,23,Regular Air,3.99,New Jersey,65.99,1
Atlantic City,1583,Evan Shore,Corporate,0,Erin,Medium,2011,Qtr 3,September,12,1,Technology,Medium Box,"Polycom Soundstation EX Audio-Conferencing Telephone, Black",Office Machines,6644.6379,EAST,9629.91,2011,Qtr 3,September,16,Regular Air,13.99,New Jersey,999.99,1
Auburn,393,Shawn Combs,Corporate,0.07,Erin,Low,2010,Qtr 1,February,15,1,Office Supplies,Small Box,Filing/Storage Totes and Swivel Casters,Storage & Organization,-81.77,EAST,31.44,2010,Qtr 1,February,22,Regular Air,9.45,New York,9.71,1
Auburn,393,Shawn Combs,Corporate,0.09,Erin,Low,2011,Qtr 1,January,20,1,Technology,Jumbo Drum,Panasonic KX-P1131 Dot Matrix Printer,Office Machines,-716.0750759999999,EAST,250.78,2011,Qtr 1,January,21,Delivery Truck,17.86,New York,264.98,1
Auburn,393,Shawn Combs,Corporate,0.04,Erin,Low,2011,Qtr 2,May,14,1,Furniture,Small Pack,"GE 48"" Fluorescent Tube, Cool White Energy Saver, 34 Watts, 30/Box",Office Furnishings,899.7048,EAST,1303.92,2011,Qtr 2,May,15,Express Air,8.99,New York,99.23,1
Auburn,393,Shawn Combs,Corporate,0.04,Erin,Low,2012,Qtr 2,April,28,1,Technology,Small Pack,Accessory8,Telephones and Communication,-315.326,EAST,70.17,2012,Qtr 2,April,28,Regular Air,1.25,New York,85.99,1
Auburn,393,Shawn Combs,Corporate,0.01,Erin,Low,2013,Qtr 2,April,30,1,Furniture,Jumbo Drum,Hon 4070 Series Pagoda™ Round Back Stacking Chairs,Chairs & Chairmats,-171.92,EAST,335.92,2013,Qtr 2,May,1,Delivery Truck,58.95,New York,320.98,1
Auburn,393,Shawn Combs,Corporate,0.04,Erin,Low,2013,Qtr 3,July,2,1,Office Supplies,Small Box,Avery 51,Labels,29.504399999999997,EAST,42.76,2013,Qtr 3,July,3,Regular Air,0.5,New York,6.3,1
Avenel,791,Samuel Moss,Corporate,0.04,Erin,Low,2012,Qtr 1,February,25,1,Office Supplies,Small Box,Xerox 1984,Paper,-16.38,EAST,10.22,2012,Qtr 1,February,27,Express Air,8.74,New Jersey,6.48,1
Avenel,1188,Kevin Marks,Consumer,0.03,Erin,Low,2011,Qtr 2,June,10,1,Technology,Medium Box,Bell Sonecor JB700 Caller ID,Telephones and Communication,-68.9568,EAST,71.41,2011,Qtr 2,June,11,Regular Air,5.03,New Jersey,7.99,1
Avondale,2698,Bruce Adcock,Home Office,0.01,William,Low,2011,Qtr 2,April,11,1,Office Supplies,Small Box,Self-Adhesive Address Labels for Typewriters by Universal,Labels,53.93039999999999,WEST,78.16,2011,Qtr 2,April,15,Regular Air,0.49,Arizona,7.31,1
Avondale,2698,Bruce Adcock,Home Office,0.06,William,Low,2011,Qtr 2,April,11,1,Office Supplies,Wrap Bag,Riverleaf Stik-Withit® Designer Note Cubes®,Paper,79.45349999999999,WEST,115.15,2011,Qtr 2,April,15,Regular Air,2.06,Arizona,10.06,1
Avondale,2698,Bruce Adcock,Small Business,0.08,William,Low,2013,Qtr 1,January,15,1,Office Supplies,Small Box,Staples Colored Bar Computer Paper,Paper,296.3067,WEST,429.43,2013,Qtr 1,January,16,Regular Air,4.92,Arizona,35.44,1
Bakersfield,2647,Teresa Bishop,Corporate,0.01,William,Low,2010,Qtr 3,September,17,1,Furniture,Wrap Bag,Eldon Radial Chair Mat for Low to Medium Pile Carpets,Office Furnishings,117.52079999999998,WEST,170.32,2010,Qtr 3,September,19,Regular Air,9.2,California,39.98,1
Bakersfield,2647,Teresa Bishop,Corporate,0.1,William,Low,2010,Qtr 3,September,17,1,Office Supplies,Small Box,Staples Surge Protector 6 outlet,Appliances,-21.03,WEST,52.21,2010,Qtr 3,September,24,Regular Air,3.99,California,10.98,1
Bakersfield,2647,Teresa Bishop,Corporate,0.01,William,Low,2011,Qtr 3,August,3,1,Office Supplies,Small Box,"Avery® Durable Plastic 1"" Binders",Binders and Binder Accessories,-39.83278,WEST,48.5,2011,Qtr 3,August,4,Regular Air,5.83,California,4.54,1
Bakersfield,2652,Brenda Ross,Consumer,0.06,William,Low,2010,Qtr 2,May,25,1,Office Supplies,Small Box,Xerox 1938,Paper,21.78,WEST,94.2,2010,Qtr 2,May,27,Regular Air,5.86,California,47.9,1
Bakersfield,2652,Brenda Ross,Consumer,0.1,William,Low,2012,Qtr 1,January,8,1,Technology,Small Pack,"Maxell 3.5"" DS/HD IBM-Formatted Diskettes, 10/Pack",Computer Peripherals,-172.79399999999998,WEST,46.34,2012,Qtr 1,January,12,Regular Air,4.93,California,4.89,1
Bakersfield,2652,Brenda Ross,Consumer,0.02,William,Low,2013,Qtr 2,April,20,1,Office Supplies,Small Box,"Multi-Use Personal File Cart and Caster Set, Three Stacking Bins",Storage & Organization,175.32,WEST,285.48,2013,Qtr 2,April,21,Regular Air,8.22,California,34.76,1
Bakersfield,2652,Brenda Ross,Consumer,0.03,William,Low,2013,Qtr 3,August,19,1,Furniture,Jumbo Box,"Bevis Round Conference Table Top, X-Base",Tables,144.31431999999998,WEST,3145.43,2013,Qtr 3,August,24,Delivery Truck,29.21,California,179.29,1
Bayonne,947,Dorothy Buchanan,Home Office,0.08,Erin,Low,2010,Qtr 3,July,11,1,Furniture,Wrap Bag,Coloredge Poster Frame,Office Furnishings,27.23,EAST,72.11,2010,Qtr 3,July,13,Express Air,5.3,New Jersey,14.2,1
Bayonne,997,Phillip Pollard,Small Business,0.08,Erin,Low,2010,Qtr 1,January,24,1,Office Supplies,Small Box,Fellowes Command Center 5-outlet power strip,Appliances,-23.6344,EAST,63.66,2010,Qtr 1,January,29,Regular Air,0.99,New Jersey,67.84,1
Belle Glade,897,Daniel Sigmon,Small Business,0.1,Sam,Low,2013,Qtr 2,April,2,1,Office Supplies,Small Box,"Tenex Personal Project File with Scoop Front Design, Black",Storage & Organization,-65.814,SOUTH,141.25,2013,Qtr 2,April,4,Regular Air,4.51,Florida,13.48,1
Belle Glade,1038,Jon Hale,Corporate,0.1,Sam,Low,2010,Qtr 4,December,16,1,Office Supplies,Wrap Bag,"Rediform Wirebound ""Phone Memo"" Message Book, 11 x 5-3/4",Paper,-403.18739999999997,SOUTH,39.36,2010,Qtr 4,December,17,Regular Air,5.83,Florida,7.64,1
Belle Glade,1038,Jon Hale,Corporate,0.08,Sam,Low,2011,Qtr 2,June,21,1,Office Supplies,Small Box,Avery 520,Labels,-3.9928,SOUTH,40.76,2011,Qtr 2,June,23,Regular Air,0.5,Florida,3.15,1
Belle Glade,1038,Jon Hale,Corporate,0.05,Sam,Low,2011,Qtr 2,June,21,1,Office Supplies,Small Box,GBC Standard Plastic Binding Systems' Combs,Binders and Binder Accessories,-85.106,SOUTH,20.63,2011,Qtr 2,June,24,Regular Air,5.36,Florida,6.28,1
Belle Glade,1038,Jon Hale,Corporate,0.06,Sam,Low,2011,Qtr 2,June,21,1,Office Supplies,Small Box,Security-Tint Envelopes,Envelopes,73.458,SOUTH,22.14,2011,Qtr 2,June,23,Regular Air,1.39,Florida,7.64,1
Belle Glade,1038,Jon Hale,Corporate,0.03,Sam,Low,2013,Qtr 1,March,5,1,Office Supplies,Small Pack,Boston 1730 StandUp Electric Pencil Sharpener,Pens & Art Supplies,-76.307,SOUTH,89.67,2013,Qtr 1,March,6,Regular Air,8.99,Florida,21.38,1
Belle Glade,1038,Jon Hale,Corporate,0.06,Sam,Low,2013,Qtr 1,March,5,1,Technology,Jumbo Drum,Canon PC940 Copier,Copiers and Fax,3735.2159999999994,SOUTH,4978.6,2013,Qtr 1,March,7,Delivery Truck,49,Florida,449.99,1
Belleville,282,Vickie Andrews,Corporate,0.03,Erin,Low,2010,Qtr 2,May,21,1,Technology,Small Pack,Accessory36,Telephones and Communication,-221.254,EAST,416.95,2010,Qtr 2,May,22,Regular Air,5,New Jersey,55.99,1
Belleville,439,Jay Parker,Corporate,0.08,Erin,Low,2013,Qtr 4,December,9,1,Technology,Small Pack,"IBM 80 Minute CD-R Spindle, 50/Pack",Computer Peripherals,209.5668,EAST,303.72,2013,Qtr 4,December,13,Regular Air,1.99,New Jersey,20.89,1
Bergenfield,2602,Leah Phillips,Corporate,0.03,Erin,Low,2011,Qtr 4,December,25,1,Office Supplies,Small Box,Southworth 25% Cotton Premium Laser Paper and Envelopes,Paper,248.19,EAST,431.3,2011,Qtr 4,December,27,Regular Air,8.68,New Jersey,19.98,1
Bergenfield,3292,Clarence Davis,Corporate,0.05,Erin,Low,2012,Qtr 1,March,4,1,Office Supplies,Small Box,Xerox 226,Paper,-41.99,EAST,33.55,2012,Qtr 1,March,7,Regular Air,5.84,New Jersey,6.48,1
Berkeley,3048,Tracy G Starr,Corporate,0.06,William,Low,2010,Qtr 3,September,5,1,Furniture,Large Box,SAFCO Arco Folding Chair,Chairs & Chairmats,1167.38,WEST,2610.56,2010,Qtr 3,September,7,Express Air,24.49,California,276.2,1
Berkeley,3048,Tracy G Starr,Corporate,0.08,William,Low,2011,Qtr 1,March,4,1,Office Supplies,Small Box,Xerox 1933,Paper,31.54,WEST,61.66,2011,Qtr 1,March,11,Regular Air,4.86,California,12.28,1
Berkeley,3048,Tracy G Starr,Corporate,0.09,William,Low,2012,Qtr 1,February,6,1,Furniture,Small Pack,"Advantus Employee of the Month Certificate Frame, 11 x 13-1/2",Office Furnishings,60.5682,WEST,87.78,2012,Qtr 1,February,7,Express Air,3.92,California,30.93,1
Berkeley,3048,Tracy G Starr,Corporate,0.09,William,Low,2012,Qtr 2,May,1,1,Furniture,Jumbo Box,Bretford CR4500 Series Slim Rectangular Table,Tables,298.83,WEST,1663.19,2012,Qtr 2,May,3,Delivery Truck,40.19,California,348.21,1
Berkeley,3048,Tracy G Starr,Corporate,0.09,William,Low,2013,Qtr 3,September,5,1,Office Supplies,Wrap Bag,Newell 346,Pens & Art Supplies,3.0348,WEST,22.79,2013,Qtr 3,September,7,Regular Air,0.7,California,2.88,1
Berkeley,3208,Jackie Wu,Corporate,0.06,William,Low,2011,Qtr 4,November,19,1,Furniture,Small Pack,Ultra Door Pull Handle,Office Furnishings,0.7560000000000007,WEST,113.42,2011,Qtr 4,November,21,Regular Air,7.94,California,10.52,1
Berkeley,3208,Jackie Wu,Corporate,0.04,William,Low,2011,Qtr 4,November,19,1,Office Supplies,Small Box,Desktop 3-Pocket Hot File®,Storage & Organization,13.978000000000009,WEST,238.28,2011,Qtr 4,November,19,Regular Air,19.99,California,54.1,1
Berkeley,3208,Jackie Wu,Corporate,0.02,William,Low,2012,Qtr 1,February,15,1,Technology,Jumbo Box,Hewlett-Packard 2600DN Business Color Inkjet Printer,Office Machines,239.41,WEST,1335.2,2012,Qtr 1,February,17,Delivery Truck,56.14,California,119.99,1
Berkeley,3208,Jackie Wu,Corporate,0.09,William,Low,2012,Qtr 4,December,18,1,Technology,Small Box,R289LX,Telephones and Communication,1205.4015,WEST,1856.51,2012,Qtr 4,December,20,Regular Air,7.69,California,95.99,1
Bethpage,1646,Eugene Brewer Knox,Small Business,0.06,Erin,Low,2010,Qtr 3,September,15,1,Office Supplies,Wrap Bag,Acco® Hot Clips™ Clips to Go,Rubber Bands,8.53,EAST,35.97,2010,Qtr 3,September,17,Regular Air,1.35,New York,3.29,1
Bethpage,1646,Eugene Brewer Knox,Small Business,0.1,Erin,Low,2013,Qtr 2,April,25,1,Office Supplies,Wrap Bag,OIC Thumb-Tacks,Rubber Bands,-1.72,EAST,1.32,2013,Qtr 2,April,27,Regular Air,0.7,New York,1.14,1
Bethpage,1820,Mary Wood,Consumer,0.06,Erin,Low,2011,Qtr 3,August,7,1,Office Supplies,Medium Box,Eldon Simplefile® Box Office®,Storage & Organization,-19.2608,EAST,74.95,2011,Qtr 3,August,9,Regular Air,6.27,New York,12.44,1
Bethpage,1820,Mary Wood,Consumer,0.1,Erin,Low,2013,Qtr 3,July,21,1,Technology,Small Pack,Accessory9,Telephones and Communication,90.10598399999999,EAST,175.11,2013,Qtr 3,July,22,Regular Air,3.3,New York,35.99,1
Beverly Hills,3209,Elsie Floyd,Corporate,0.03,William,Low,2010,Qtr 4,December,28,1,Technology,Small Pack,"Imation 3.5"", DISKETTE 44766 HGHLD3.52HD/FM, 10/Pack",Computer Peripherals,-30.45,WEST,44.24,2010,Qtr 4,December,29,Express Air,4.62,California,4.98,1
Beverly Hills,3209,Elsie Floyd,Corporate,0.02,William,Low,2011,Qtr 1,February,22,1,Technology,Small Box,Microsoft Multimedia Keyboard,Computer Peripherals,112.78,WEST,383.44,2011,Qtr 1,February,24,Regular Air,4,California,30.97,1
Beverly Hills,3209,Elsie Floyd,Corporate,0.06,William,Low,2013,Qtr 3,August,27,1,Technology,Small Box,R280,Telephones and Communication,97.96888799999999,WEST,924.8,2013,Qtr 3,August,29,Regular Air,8.99,California,155.99,1
Beverly Hills,3235,Aaron Davies Bruce,Home Office,0.02,William,Low,2012,Qtr 1,February,2,1,Furniture,Large Box,Electrix Halogen Magnifier Lamp,Office Furnishings,1560.8627999999999,WEST,2262.12,2012,Qtr 1,February,2,Regular Air,11.54,California,194.3,1
Beverly Hills,3235,Aaron Davies Bruce,Home Office,0.01,William,Low,2012,Qtr 1,February,2,1,Furniture,Wrap Bag,Eldon Radial Chair Mat for Low to Medium Pile Carpets,Office Furnishings,30.242699999999996,WEST,43.83,2012,Qtr 1,February,3,Regular Air,9.2,California,39.98,1
Beverly Hills,3235,Aaron Davies Bruce,Home Office,0.07,William,Low,2012,Qtr 1,February,2,1,Office Supplies,Small Box,Eldon Shelf Savers™ Cubes and Bins,Storage & Organization,-197.13,WEST,41.48,2012,Qtr 1,February,2,Regular Air,9.69,California,6.98,1
Beverly Hills,3235,Aaron Davies Bruce,Home Office,0.07,William,Low,2012,Qtr 1,February,2,1,Office Supplies,Small Box,Storex Dura Pro™ Binders,Binders and Binder Accessories,-169.165,WEST,42.34,2012,Qtr 1,February,4,Regular Air,9.92,California,5.94,1
Binghamton,394,Kristin Simpson,Corporate,0.02,Erin,Low,2012,Qtr 1,February,10,1,Office Supplies,Large Box,Hoover Portapower™ Portable Vacuum,Appliances,-1172.75,EAST,46.08,2012,Qtr 1,February,10,Regular Air,49,New York,4.48,1
Binghamton,394,Kristin Simpson,Corporate,0.01,Erin,Low,2013,Qtr 1,March,5,1,Technology,Small Box,6120,Telephones and Communication,350.361,EAST,512.96,2013,Qtr 1,March,5,Express Air,8.8,New York,65.99,1
Binghamton,394,Kristin Simpson,Corporate,0.09,Erin,Low,2013,Qtr 2,April,29,1,Office Supplies,Small Box,Kensington 6 Outlet Guardian Standard Surge Protector,Appliances,-29.77,EAST,40.13,2013,Qtr 2,May,1,Regular Air,6.32,New York,20.48,1
Bloomfield,737,Danny Vaughn,Consumer,0.02,Erin,Low,2010,Qtr 2,June,7,1,Office Supplies,Small Box,Xerox 1937,Paper,422.4525,EAST,612.25,2010,Qtr 2,June,14,Regular Air,5.79,New Jersey,48.04,1
Bloomfield,2320,Sheila Schultz,Small Business,0.1,Erin,Low,2012,Qtr 1,February,24,1,Technology,Small Box,US Robotics 56K V.92 External Faxmodem,Computer Peripherals,227.67,EAST,679.63,2012,Qtr 1,February,25,Regular Air,19.99,New Jersey,99.99,1
Boca Raton,1267,Rosemary Branch,Corporate,0.01,Sam,Low,2010,Qtr 1,February,10,1,Technology,Medium Box,Sharp EL500L Fraction Calculator,Office Machines,533.742,SOUTH,29.85,2010,Qtr 1,February,11,Regular Air,7.51,Florida,13.99,1
Boca Raton,1267,Rosemary Branch,Corporate,0.08,Sam,Low,2010,Qtr 2,May,12,1,Furniture,Medium Box,SAFCO Folding Chair Trolley,Chairs & Chairmats,-379.344,SOUTH,366.44,2010,Qtr 2,May,13,Regular Air,12.65,Florida,128.24,1
Boca Raton,1267,Rosemary Branch,Corporate,0.04,Sam,Low,2010,Qtr 2,May,12,1,Technology,Small Pack,"Imation 3.5"" DS/HD IBM Formatted Diskettes, 10/Pack",Computer Peripherals,-1522.3039999999999,SOUTH,69.75,2010,Qtr 2,May,14,Regular Air,4.38,Florida,5.98,1
Boca Raton,1267,Rosemary Branch,Corporate,0.03,Sam,Low,2013,Qtr 1,January,12,1,Office Supplies,Small Box,GBC Standard Plastic Binding Systems Combs,Binders and Binder Accessories,-2.8840000000000003,SOUTH,10.45,2013,Qtr 1,January,13,Regular Air,5.6,Florida,8.85,1
Boynton Beach,1268,Stuart Bruce,Corporate,0.03,Sam,Low,2013,Qtr 3,August,8,1,Technology,Small Box,T60,Telephones and Communication,484.4286,SOUTH,633.15,2013,Qtr 3,August,8,Regular Air,4.9,Florida,95.99,1
Boynton Beach,1268,Stuart Bruce,Corporate,0.03,Sam,Low,2013,Qtr 4,November,4,1,Office Supplies,Small Box,Southworth 25% Cotton Linen-Finish Paper & Envelopes,Paper,-188.17680000000001,SOUTH,294.55,2013,Qtr 4,November,6,Express Air,9.86,Florida,9.06,1
Boynton Beach,1268,Stuart Bruce,Corporate,0.05,Sam,Low,2013,Qtr 4,November,4,1,Office Supplies,Wrap Bag,Newell 332,Pens & Art Supplies,-1914.808,SOUTH,69.03,2013,Qtr 4,November,6,Regular Air,1.05,Florida,2.94,1
Bradenton,1269,Janice Page,Corporate,0.07,Sam,Low,2012,Qtr 3,August,13,1,Office Supplies,Small Box,Fellowes 8 Outlet Superior Workstation Surge Protector w/o Phone/Fax/Modem Protection,Appliances,389.42999999999995,SOUTH,189.22,2012,Qtr 3,August,14,Regular Air,3.5,Florida,33.62,1
Bradenton,1346,Florence Walters,Home Office,0.03,Sam,Low,2011,Qtr 1,January,17,1,Office Supplies,Wrap Bag,Sanford Liquid Accent Highlighters,Pens & Art Supplies,-3.822,SOUTH,54.27,2011,Qtr 1,January,19,Regular Air,1.5,Florida,6.68,1
Bradenton,1346,Florence Walters,Home Office,0.04,Sam,Low,2012,Qtr 1,January,1,1,Office Supplies,Small Box,Xerox 1927,Paper,-298.452,SOUTH,19.38,2012,Qtr 1,January,2,Regular Air,6.72,Florida,4.28,1
Bradenton,1346,Florence Walters,Home Office,0.05,Sam,Low,2013,Qtr 2,June,20,1,Technology,Medium Box,Bell Sonecor JB700 Caller ID,Telephones and Communication,1.9872,SOUTH,77.62,2013,Qtr 2,June,21,Regular Air,5.03,Florida,7.99,1
Bradenton,1346,Florence Walters,Home Office,0.1,Sam,Low,2013,Qtr 4,November,1,1,Office Supplies,Small Pack,Kleencut® Forged Office Shears by Acme United Corporation,"Scissors, Rulers and Trimmers",-2.548,SOUTH,62.78,2013,Qtr 4,November,3,Regular Air,2.56,Florida,2.08,1
Brandon,1347,Vivian Goldstein,Home Office,0.1,Sam,Low,2010,Qtr 4,October,30,1,Office Supplies,Wrap Bag,Staples Metal Binder Clips,Rubber Bands,-94.4909,SOUTH,51.86,2010,Qtr 4,November,6,Regular Air,0.8,Florida,2.62,1
Brandon,1347,Vivian Goldstein,Home Office,0.07,Sam,Low,2013,Qtr 1,March,9,1,Office Supplies,Small Box,Portfile® Personal File Boxes,Storage & Organization,-874.006,SOUTH,125.75,2013,Qtr 1,March,9,Regular Air,9.47,Florida,17.7,1
Brandon,1347,Vivian Goldstein,Home Office,0.1,Sam,Low,2013,Qtr 1,March,9,1,Office Supplies,Small Box,Xerox 210,Paper,-313.45230000000004,SOUTH,64.78,2013,Qtr 1,March,11,Regular Air,7.37,Florida,6.48,1
Brandon,1347,Vivian Goldstein,Home Office,0.07,Sam,Low,2013,Qtr 2,April,13,1,Furniture,Jumbo Box,Bush Mission Pointe Library,Bookcases,-506.548,SOUTH,1140.96,2013,Qtr 2,April,15,Delivery Truck,66.27,Florida,150.98,1
Brentwood,3236,Heidi Best,Home Office,0.09,William,Low,2011,Qtr 1,March,5,1,Technology,Small Box,5185,Telephones and Communication,249.10199999999998,WEST,642.57,2011,Qtr 1,March,7,Regular Air,8.99,California,115.99,1
Brentwood,3236,Heidi Best,Home Office,0.08,William,Low,2012,Qtr 1,February,11,1,Furniture,Small Pack,"Eldon® 400 Class™ Desk Accessories, Black Carbon",Office Furnishings,-16.49,WEST,26.71,2012,Qtr 1,February,13,Regular Air,8.54,California,8.75,1
Brentwood,3236,Heidi Best,Home Office,0.02,William,Low,2012,Qtr 1,February,11,1,Office Supplies,Large Box,Belkin OmniView SE Rackmount Kit,Storage & Organization,-1087.36,WEST,361.18,2012,Qtr 1,February,13,Regular Air,35,California,35.48,1
Brentwood,3236,Heidi Best,Home Office,0.04,William,Low,2012,Qtr 1,February,11,1,Office Supplies,Small Box,"Array® Parchment Paper, Assorted Colors",Paper,-270.96,WEST,81.77,2012,Qtr 1,February,12,Express Air,11.15,California,7.28,1
Brentwood,3236,Heidi Best,Home Office,0.05,William,Low,2013,Qtr 1,March,5,1,Office Supplies,Wrap Bag,Newell 333,Pens & Art Supplies,-3.67,WEST,10.91,2013,Qtr 1,March,5,Regular Air,0.97,California,2.78,1
Brentwood,3241,Terri Link,Small Business,0.08,William,Low,2011,Qtr 3,September,21,1,Office Supplies,Small Box,Southworth Structures Collection™,Paper,-16.46,WEST,23.24,2011,Qtr 3,September,22,Regular Air,5.47,California,7.28,1
Brentwood,3241,Terri Link,Small Business,0.08,William,Low,2012,Qtr 1,March,15,1,Furniture,Wrap Bag,Eldon® 500 Class™ Desk Accessories,Office Furnishings,20.67,WEST,73.82,2012,Qtr 1,March,17,Regular Air,6.2,California,12.07,1
Bridgeton,1330,Edwin Riddle,Small Business,0.03,Erin,Low,2013,Qtr 1,January,15,1,Office Supplies,Small Box,Strathmore Photo Mount Cards,Paper,-115.94,EAST,83.05,2013,Qtr 1,January,17,Regular Air,6.18,New Jersey,6.78,1
Bridgeton,1785,Gayle Peterson,Corporate,0.02,Erin,Low,2013,Qtr 4,December,12,1,Furniture,Small Pack,"GE 48"" Fluorescent Tube, Cool White Energy Saver, 34 Watts, 30/Box",Office Furnishings,634.0893,EAST,918.97,2013,Qtr 4,December,14,Regular Air,8.99,New Jersey,99.23,1
Brooklyn,519,Beverly Keith,Home Office,0.02,Erin,Low,2012,Qtr 3,July,12,1,Office Supplies,Small Box,Avery 508,Labels,3.14,EAST,9.72,2012,Qtr 3,July,19,Regular Air,0.5,New York,4.91,1
Brooklyn,519,Beverly Keith,Home Office,0.02,Erin,Low,2012,Qtr 3,July,12,1,Office Supplies,Small Pack,Boston 16801 Nautilus™ Battery Pencil Sharpener,Pens & Art Supplies,19.37,EAST,115.22,2012,Qtr 3,July,17,Regular Air,5.53,New York,22.01,1
Brooklyn,764,Judy Kirk,Consumer,0.05,Erin,Low,2013,Qtr 2,April,16,1,Office Supplies,Small Box,Avery 510,Labels,15.5733,EAST,22.57,2013,Qtr 2,April,17,Regular Air,0.5,New York,3.75,1
Brooklyn,764,Judy Kirk,Consumer,0.1,Erin,Low,2013,Qtr 2,May,12,1,Office Supplies,Wrap Bag,"Dixon Ticonderoga Core-Lock Colored Pencils, 48-Color Set",Pens & Art Supplies,77.45,EAST,366.34,2013,Qtr 2,May,13,Regular Air,13.89,New York,36.55,1
Brooklyn,764,Judy Kirk,Consumer,0.06,Erin,Low,2013,Qtr 3,July,23,1,Office Supplies,Wrap Bag,Array® Memo Cubes,Paper,24.523519999999998,EAST,54.26,2013,Qtr 3,July,25,Regular Air,2.04,New York,5.18,1
Brooklyn,764,Judy Kirk,Consumer,0,Erin,Low,2013,Qtr 4,October,16,1,Office Supplies,Wrap Bag,Newell 326,Pens & Art Supplies,-1.02,EAST,9.68,2013,Qtr 4,October,18,Regular Air,0.7,New York,1.76,1
Buffalo,765,Ruby Goodwin,Consumer,0.02,Erin,Low,2013,Qtr 2,May,12,1,Furniture,Jumbo Drum,"Barricks Non-Folding Utility Table with Steel Legs, Laminate Tops",Tables,65.24685,EAST,222.62,2013,Qtr 2,May,14,Delivery Truck,60,New York,85.29,1
Buffalo,765,Ruby Goodwin,Consumer,0.1,Erin,Low,2013,Qtr 2,May,12,1,Technology,Small Box,StarTAC Analog,Telephones and Communication,317.196,EAST,812.79,2013,Qtr 2,May,14,Regular Air,8.99,New York,65.99,1
Buffalo,1002,Kathleen S Erickson,Home Office,0.05,Erin,Low,2011,Qtr 2,May,25,1,Office Supplies,Small Box,Xerox 1898,Paper,-15,EAST,8.84,2011,Qtr 2,May,26,Regular Air,6.92,New York,6.68,1
Buffalo,1002,Kathleen S Erickson,Home Office,0.02,Erin,Low,2011,Qtr 2,May,25,1,Technology,Small Box,5165,Telephones and Communication,1250.2593,EAST,1811.97,2011,Qtr 2,May,26,Regular Air,4.99,New York,175.99,1
Buffalo,1002,Kathleen S Erickson,Home Office,0.07,Erin,Low,2011,Qtr 2,May,25,1,Technology,Small Pack,"Imation 3.5 IBM Formatted Diskettes, 10/Box",Computer Peripherals,-63.76,EAST,94.62,2011,Qtr 2,May,27,Regular Air,2.38,New York,8.32,1
Buffalo,1002,Kathleen S Erickson,Home Office,0.04,Erin,Low,2011,Qtr 2,May,25,1,Technology,Small Pack,"Verbatim DVD-RAM, 9.4GB, Rewritable, Type 1, DS, DataLife Plus",Computer Peripherals,8.95,EAST,185.68,2011,Qtr 2,May,26,Regular Air,1.99,New York,45.19,1
Bullhead City,2699,Marcia Greenberg,Corporate,0.06,William,Low,2010,Qtr 2,May,22,1,Office Supplies,Small Box,Cardinal Holdit Business Card Pockets,Binders and Binder Accessories,-103.224,WEST,78.99,2010,Qtr 2,May,24,Regular Air,4.95,Arizona,4.98,1
Bullhead City,2699,Marcia Greenberg,Corporate,0.04,William,Low,2010,Qtr 4,October,8,1,Furniture,Jumbo Box,"Hon Metal Bookcases, Black",Bookcases,-84.6288,WEST,1345.33,2010,Qtr 4,October,10,Delivery Truck,26.74,Arizona,70.98,1
Bullhead City,2699,Marcia Greenberg,Corporate,0.1,William,Low,2013,Qtr 4,October,27,1,Technology,Medium Box,"Polycom Soundstation EX Audio-Conferencing Telephone, Black",Office Machines,-221.7804,WEST,3635.97,2013,Qtr 4,October,28,Regular Air,13.99,Arizona,999.99,1
Bullhead City,2699,Marcia Greenberg,Home Office,0.08,William,Low,2011,Qtr 2,June,18,1,Technology,Jumbo Box,Okidata ML320 Series Turbo Dot Matrix Printers,Office Machines,2904.6998999999996,WEST,4209.71,2011,Qtr 2,June,20,Delivery Truck,12.06,Arizona,399.98,1
Bullhead City,2699,Marcia Greenberg,Home Office,0.07,William,Low,2013,Qtr 3,August,14,1,Office Supplies,Small Box,Avery® Durable Slant Ring Binders With Label Holder,Binders and Binder Accessories,-18.445908000000003,WEST,98.68,2013,Qtr 3,August,15,Regular Air,2.99,Arizona,4.18,1
Bullhead City,2699,Marcia Greenberg,Small Business,0.03,William,Low,2011,Qtr 3,August,10,1,Technology,Small Box,StarTAC ST7762,Telephones and Communication,1608.4175999999998,WEST,2331.04,2011,Qtr 3,August,12,Regular Air,8.08,Arizona,125.99,1
Bullhead City,2699,Marcia Greenberg,Small Business,0.09,William,Low,2013,Qtr 1,January,15,1,Office Supplies,Wrap Bag,"It's Hot Message Books with Stickers, 2 3/4"" x 5""",Paper,39.7164,WEST,57.56,2013,Qtr 1,January,17,Regular Air,1.71,Arizona,7.4,1
Burbank,3242,Cynthia Gross,Small Business,0,William,Low,2013,Qtr 1,January,11,1,Furniture,Jumbo Box,Bevis Round Conference Table Top & Single Column Base,Tables,-23.324399999999997,WEST,485.08,2013,Qtr 1,January,13,Delivery Truck,43.75,California,146.34,1
Burbank,3242,Cynthia Gross,Small Business,0.1,William,Low,2013,Qtr 4,October,1,1,Office Supplies,Wrap Bag,*Staples* Letter Opener,"Scissors, Rulers and Trimmers",-195.93,WEST,46.22,2013,Qtr 4,October,5,Regular Air,5,California,2.18,1
Calexico,3354,Sara Faulkner,Corporate,0.03,William,Low,2010,Qtr 2,May,16,1,Office Supplies,Small Box,Lock-Up Easel 'Spel-Binder',Binders and Binder Accessories,137.67569999999998,WEST,199.53,2010,Qtr 2,May,17,Regular Air,1.49,California,28.53,1
Calexico,3354,Sara Faulkner,Corporate,0.07,William,Low,2010,Qtr 2,May,16,1,Office Supplies,Small Box,Universal Premium White Copier/Laser Paper (20Lb. and 87 Bright),Paper,-62,WEST,37.05,2010,Qtr 2,May,18,Regular Air,7.15,California,5.98,1
Calexico,3354,Sara Faulkner,Corporate,0.04,William,Low,2010,Qtr 3,September,27,1,Office Supplies,Small Box,Avery 487,Labels,47.52719999999999,WEST,68.88,2010,Qtr 3,September,29,Regular Air,0.5,California,3.69,1
Calexico,3354,Sara Faulkner,Corporate,0.09,William,Low,2011,Qtr 2,June,21,1,Office Supplies,Small Box,Filing/Storage Totes and Swivel Casters,Storage & Organization,-121.44000000000001,WEST,87.84,2011,Qtr 2,June,22,Regular Air,9.45,California,9.71,1
Calexico,3354,Sara Faulkner,Corporate,0.01,William,Low,2011,Qtr 3,August,2,1,Furniture,Small Pack,3M Polarizing Light Filter Sleeves,Office Furnishings,41.6277,WEST,60.33,2011,Qtr 3,August,4,Regular Air,3.77,California,18.65,1
Calexico,3354,Sara Faulkner,Corporate,0.06,William,Low,2011,Qtr 3,August,2,1,Office Supplies,Small Box,Home/Office Personal File Carts,Storage & Organization,177.62959999999998,WEST,373.2,2011,Qtr 3,August,4,Express Air,5.49,California,34.76,1
Calexico,3354,Sara Faulkner,Corporate,0.05,William,Low,2011,Qtr 3,September,7,1,Office Supplies,Small Box,Fellowes Binding Cases,Binders and Binder Accessories,1.1560000000000001,WEST,73.29,2011,Qtr 3,September,9,Regular Air,5.63,California,11.7,1
Calexico,3354,Sara Faulkner,Corporate,0.04,William,Low,2012,Qtr 3,August,2,1,Office Supplies,Small Box,Belkin F5C206VTEL 6 Outlet Surge,Appliances,13.542000000000002,WEST,78.97,2012,Qtr 3,August,3,Express Air,4.5,California,22.98,1
Camarillo,3355,Glenda Simon,Corporate,0.1,William,Low,2010,Qtr 1,February,28,1,Office Supplies,Small Box,GBC VeloBinder Electric Binding Machine,Binders and Binder Accessories,379.3965,WEST,549.85,2010,Qtr 1,March,9,Regular Air,9.07,California,120.98,1
Camarillo,3355,Glenda Simon,Corporate,0.1,William,Low,2010,Qtr 1,February,28,1,Technology,Small Box,V3682,Telephones and Communication,372.402,WEST,681.42,2010,Qtr 1,February,28,Regular Air,4.2,California,125.99,1
Camarillo,3355,Glenda Simon,Corporate,0.08,William,Low,2010,Qtr 1,February,28,1,Technology,Small Pack,"Imation 3.5 IBM Formatted Diskettes, 10/Box",Computer Peripherals,-41.83,WEST,48.99,2010,Qtr 1,March,4,Express Air,2.38,California,8.32,1
Camarillo,3355,Glenda Simon,Corporate,0.01,William,Low,2011,Qtr 1,January,8,1,Technology,Medium Box,Sharp EL500L Fraction Calculator,Office Machines,-6.008916,WEST,115.94,2011,Qtr 1,January,8,Regular Air,7.51,California,13.99,1
Camarillo,3355,Glenda Simon,Corporate,0.03,William,Low,2013,Qtr 2,April,9,1,Office Supplies,Small Box,"#10- 4 1/8"" x 9 1/2"" Security-Tint Envelopes",Envelopes,65.2878,WEST,94.62,2013,Qtr 2,April,10,Regular Air,1.39,California,7.64,1
Camarillo,3355,Glenda Simon,Corporate,0.01,William,Low,2013,Qtr 3,August,2,1,Office Supplies,Medium Box,Bionaire Personal Warm Mist Humidifier/Vaporizer,Appliances,193.94519999999997,WEST,281.08,2013,Qtr 3,August,4,Regular Air,5.1,California,46.89,1
Camden,9,Lorraine Houston,Home Office,0.1,Erin,Low,2012,Qtr 4,December,25,1,Furniture,Jumbo Box,Riverside Furniture Stanwyck Manor Table Series,Tables,-346.6151975000001,EAST,1794.27,2012,Qtr 4,December,27,Delivery Truck,61.76,New Jersey,286.85,1
Camden,1163,Clifford Morrow,Corporate,0.02,Erin,Low,2011,Qtr 1,February,1,1,Office Supplies,Small Box,"#10-4 1/8"" x 9 1/2"" Premium Diagonal Seam Envelopes",Envelopes,57.477,EAST,83.3,2011,Qtr 1,February,2,Regular Air,1.39,New Jersey,15.74,1
Carlsbad,1852,Joy Kaplan McNeill,Corporate,0.09,William,Low,2011,Qtr 2,April,10,1,Office Supplies,Small Box,"Tenex Personal Project File with Scoop Front Design, Black",Storage & Organization,-24.44,WEST,87.9,2011,Qtr 2,April,14,Regular Air,4.51,California,13.48,1
Carlsbad,1852,Joy Kaplan McNeill,Corporate,0,William,Low,2011,Qtr 2,April,10,1,Office Supplies,Small Box,Xerox 1966,Paper,-84.33,WEST,54.02,2011,Qtr 2,April,12,Regular Air,6.65,California,6.48,1
Carlsbad,1852,Joy Kaplan McNeill,Corporate,0.09,William,Low,2011,Qtr 2,April,10,1,Technology,Small Box,8890,Telephones and Communication,-182.974,WEST,274.54,2011,Qtr 2,April,12,Regular Air,5.92,California,115.99,1
Carlsbad,1852,Joy Kaplan McNeill,Corporate,0.09,William,Low,2012,Qtr 2,April,20,1,Furniture,Jumbo Box,"Chromcraft 48"" x 96"" Racetrack Double Pedestal Table",Tables,104.48,WEST,908.91,2012,Qtr 2,April,22,Delivery Truck,29.2,California,320.64,1
Carlsbad,1852,Joy Kaplan McNeill,Corporate,0.04,William,Low,2012,Qtr 2,April,20,1,Furniture,Small Box,Howard Miller Distant Time Traveler Alarm Clock,Office Furnishings,-5.179999999999993,WEST,139.97,2012,Qtr 2,April,27,Regular Air,19.46,California,27.42,1
Carlsbad,1852,Joy Kaplan McNeill,Corporate,0,William,Low,2013,Qtr 2,June,2,1,Furniture,Small Box,Eldon® Wave Desk Accessories,Office Furnishings,-120.92,WEST,35.02,2013,Qtr 2,June,7,Regular Air,5.33,California,2.08,1
Carlsbad,1852,Joy Kaplan McNeill,Home Office,0.06,William,Low,2010,Qtr 3,September,19,1,Office Supplies,Small Box,Xerox 23,Paper,-28.45,WEST,68.34,2010,Qtr 3,September,21,Express Air,5.14,California,6.48,1
Carol City,1350,Jackie Burke,Home Office,0,Sam,Low,2010,Qtr 4,October,17,1,Furniture,Small Pack,Advantus Panel Wall Certificate Holder - 8.5x11,Office Furnishings,-172.298,SOUTH,56.24,2010,Qtr 4,October,18,Express Air,6.02,Florida,12.2,1
Carol City,1350,Jackie Burke,Home Office,0.07,Sam,Low,2012,Qtr 2,May,12,1,Furniture,Jumbo Drum,Hon Deluxe Fabric Upholstered Stacking Chairs,Chairs & Chairmats,101.4984,SOUTH,4035.94,2012,Qtr 2,May,13,Delivery Truck,62.94,Florida,243.98,1
Carol City,1350,Jackie Burke,Home Office,0.06,Sam,Low,2012,Qtr 4,November,19,1,Office Supplies,Small Box,Xerox 217,Paper,-2609.712,SOUTH,80.85,2012,Qtr 4,November,21,Regular Air,8.19,Florida,6.48,1
Carol City,1350,Jackie Burke,Home Office,0.03,Sam,Low,2012,Qtr 4,November,19,1,Technology,Medium Box,1726 Digital Answering Machine,Telephones and Communication,-0.43400000000000316,SOUTH,480.51,2012,Qtr 4,November,20,Regular Air,4.81,Florida,20.99,1
Carteret,928,Jan Massey,Small Business,0.04,Erin,Low,2011,Qtr 1,January,13,1,Office Supplies,Wrap Bag,Newell 342,Pens & Art Supplies,-143.2572,EAST,36,2011,Qtr 1,January,15,Regular Air,3.97,New Jersey,3.28,1
Carteret,3312,Robyn Stanley,Small Business,0.06,Erin,Low,2012,Qtr 1,January,22,1,Technology,Small Pack,"Memorex 'Cool' 80 Minute CD-R Spindle, 25/Pack",Computer Peripherals,98.3388,EAST,142.52,2012,Qtr 1,January,23,Regular Air,1.99,New Jersey,17.48,1
Casas Adobes,2700,Dean Rosenberg,Corporate,0.09,William,Low,2013,Qtr 1,March,30,1,Office Supplies,Wrap Bag,OIC Thumb-Tacks,Rubber Bands,-2.66,WEST,5.57,2013,Qtr 1,March,30,Regular Air,0.7,Arizona,1.14,1
Casas Adobes,2700,Dean Rosenberg,Small Business,0.02,William,Medium,2012,Qtr 4,November,2,1,Furniture,Jumbo Box,Hon 94000 Series Round Tables,Tables,1537.074,WEST,6497.47,2012,Qtr 4,November,3,Delivery Truck,54.12,Arizona,296.18,1
Casselberry,1363,Earl Roy,Consumer,0.05,Sam,Low,2010,Qtr 1,February,4,1,Office Supplies,Small Box,"Mead 1st Gear 2"" Zipper Binder, Asst. Colors",Binders and Binder Accessories,5.465999999999999,SOUTH,26.37,2010,Qtr 1,February,6,Regular Air,1.49,Florida,12.97,1
Casselberry,1363,Earl Roy,Consumer,0.06,Sam,Low,2010,Qtr 1,February,4,1,Office Supplies,Wrap Bag,"Advantus Push Pins, Aluminum Head",Rubber Bands,-149.1182,SOUTH,53.44,2010,Qtr 1,February,6,Regular Air,3.37,Florida,5.81,1
Casselberry,1363,Earl Roy,Consumer,0.03,Sam,Low,2011,Qtr 2,May,20,1,Furniture,Wrap Bag,Eldon® 500 Class™ Desk Accessories,Office Furnishings,-71.75,SOUTH,166.62,2011,Qtr 2,May,21,Regular Air,6.2,Florida,12.07,1
Casselberry,1363,Earl Roy,Consumer,0.09,Sam,Low,2012,Qtr 4,November,19,1,Office Supplies,Small Box,Xerox 1993,Paper,15.864,SOUTH,94.66,2012,Qtr 4,November,21,Regular Air,9.68,Florida,6.48,1
Casselberry,1363,Earl Roy,Home Office,0.06,Sam,Low,2012,Qtr 3,September,13,1,Office Supplies,Small Box,Fellowes Black Plastic Comb Bindings,Binders and Binder Accessories,0.5639999999999996,SOUTH,71.45,2012,Qtr 3,September,14,Express Air,8.49,Florida,5.81,1
Centereach,1003,Jessie Coble,Home Office,0,Erin,Low,2013,Qtr 1,February,17,1,Technology,Jumbo Drum,Canon S750 Color Inkjet Printer,Office Machines,968.8220999999999,EAST,1404.09,2013,Qtr 1,February,24,Delivery Truck,26.3,New York,120.97,1
Centereach,1025,Patrick Hendrix,Small Business,0.01,Erin,High,2013,Qtr 4,December,1,1,Technology,Large Box,Canon imageCLASS 2200 Advanced Copier,Copiers and Fax,6643.55328,EAST,18537.69,2013,Qtr 4,December,4,Regular Air,24.49,New York,3499.99,1
Centereach,1025,Patrick Hendrix,Small Business,0.02,Erin,Low,2011,Qtr 3,September,3,1,Furniture,Jumbo Drum,"Global Leather & Oak Executive Chair, Burgundy",Chairs & Chairmats,-423.2,EAST,821.22,2011,Qtr 3,September,4,Delivery Truck,60.2,New York,150.89,1
Centereach,1025,Patrick Hendrix,Small Business,0,Erin,Low,2012,Qtr 1,February,15,1,Office Supplies,Wrap Bag,"Dixon My First Ticonderoga Pencil, #2",Pens & Art Supplies,-1.09,EAST,36.04,2012,Qtr 1,February,17,Regular Air,2.27,New York,5.85,1
Centereach,1025,Patrick Hendrix,Small Business,0.07,Erin,Low,2012,Qtr 4,November,8,1,Office Supplies,Small Box,GBC Plastic Binding Combs,Binders and Binder Accessories,53.960300000000075,EAST,203.87,2012,Qtr 4,November,11,Regular Air,11.51,New York,7.38,1
Centereach,1025,Patrick Hendrix,Small Business,0,Erin,Low,2013,Qtr 4,December,1,1,Furniture,Jumbo Drum,"Global Leather Task Chair, Black",Chairs & Chairmats,-203.45471999999995,EAST,1911.3,2013,Qtr 4,December,2,Delivery Truck,42,New York,89.99,1
Centereach,1025,Patrick Hendrix,Small Business,0.06,Erin,Low,2013,Qtr 4,December,1,1,Office Supplies,Small Box,"IBM Multi-Purpose Copy Paper, 8 1/2 x 11"", Case",Paper,448.4724,EAST,649.96,2013,Qtr 4,December,1,Regular Air,5.76,New York,30.98,1
Centereach,1025,Patrick Hendrix,Small Business,0.08,Erin,Medium,2012,Qtr 4,November,8,1,Furniture,Jumbo Drum,Global Commerce™ Series High-Back Swivel/Tilt Chairs,Chairs & Chairmats,1010.9000000000001,EAST,5668.64,2012,Qtr 4,November,9,Delivery Truck,69.55,New York,284.98,1
Central Islip,1026,Eugene Kerr,Small Business,0.08,Erin,Low,2010,Qtr 3,August,7,1,Technology,Small Box,i500plus,Telephones and Communication,624.4016399999999,EAST,1137.6,2010,Qtr 3,August,7,Regular Air,5.92,New York,65.99,1
Central Islip,1026,Eugene Kerr,Small Business,0.07,Erin,Low,2010,Qtr 4,November,29,1,Office Supplies,Small Box,Avery 494,Labels,39.350699999999996,EAST,57.03,2010,Qtr 4,December,1,Regular Air,0.5,New York,2.61,1
Central Islip,1026,Eugene Kerr,Small Business,0.1,Erin,Low,2010,Qtr 4,November,29,1,Technology,Small Pack,"Imation 3.5"" IBM-Formatted Diskettes, 10/Pack",Computer Peripherals,18.92200000000001,EAST,151.55,2010,Qtr 4,November,30,Regular Air,3.85,New York,5.98,1
Central Islip,1026,Eugene Kerr,Small Business,0.08,Erin,Low,2012,Qtr 3,September,15,1,Office Supplies,Small Box,Peel & Stick Add-On Corner Pockets,Binders and Binder Accessories,-192.6825,EAST,39.51,2012,Qtr 3,September,15,Regular Air,6.05,New York,2.16,1
Chandler,2745,Arnold Gay,Corporate,0.01,William,Low,2010,Qtr 1,March,18,1,Furniture,Jumbo Box,"Bush Cubix Collection Bookcases, Fully Assembled",Bookcases,1049.03,WEST,2591.09,2010,Qtr 1,March,19,Delivery Truck,64.66,Arizona,220.98,1
Chandler,2745,Arnold Gay,Corporate,0.08,William,Low,2013,Qtr 1,February,5,1,Furniture,Small Box,"Eldon® Expressions™ Wood and Plastic Desk Accessories, Oak",Office Furnishings,-102.93,WEST,40.06,2013,Qtr 1,February,7,Regular Air,12.52,Arizona,9.98,1
Chandler,2801,Jimmy Wang,Home Office,0,William,Low,2010,Qtr 2,June,28,1,Office Supplies,Medium Box,Bionaire 99.97% HEPA Air Cleaner,Appliances,52.763999999999996,WEST,284.34,2010,Qtr 3,July,3,Regular Air,8.17,Arizona,17.52,1
Chandler,2801,Jimmy Wang,Home Office,0.04,William,Low,2011,Qtr 3,July,23,1,Technology,Small Box,DPC 650 Piper,Telephones and Communication,-43.252,WEST,390.41,2011,Qtr 3,July,30,Express Air,2.5,Arizona,115.99,1
Chandler,2801,Jimmy Wang,Home Office,0.03,William,Low,2011,Qtr 4,October,9,1,Office Supplies,Small Box,"Hot File® 7-Pocket, Floor Stand",Storage & Organization,173.7972,WEST,715.2,2011,Qtr 4,October,16,Regular Air,19.99,Arizona,178.47,1
Chandler,2801,Jimmy Wang,Home Office,0.06,William,Low,2013,Qtr 3,August,10,1,Office Supplies,Small Box,Xerox 1894,Paper,-14.640720000000002,WEST,39.94,2013,Qtr 3,August,14,Regular Air,6.22,Arizona,6.48,1
Cheektowaga,1027,Brian Bennett,Small Business,0.05,Erin,Low,2010,Qtr 1,March,12,1,Technology,Medium Box,Canon MP25DIII Desktop Whisper-Quiet Printing Calculator,Office Machines,329.9787,EAST,478.23,2010,Qtr 1,March,13,Regular Air,10.17,New York,51.98,1
Cheektowaga,1027,Brian Bennett,Small Business,0.1,Erin,Low,2010,Qtr 1,March,12,1,Technology,Small Box,Keytronic French Keyboard,Computer Peripherals,-229.87,EAST,347.23,2010,Qtr 1,March,13,Regular Air,4,New York,73.98,1
Cheektowaga,1027,Brian Bennett,Small Business,0.08,Erin,Medium,2013,Qtr 4,December,28,1,Technology,Jumbo Drum,Canon PC940 Copier,Copiers and Fax,5827.332899999999,EAST,8445.41,2013,Qtr 4,December,29,Delivery Truck,49,New York,449.99,1
Cherry Hill,836,Glen Stein,Corporate,0,Erin,Low,2013,Qtr 2,April,24,1,Office Supplies,Wrap Bag,Newell 337,Pens & Art Supplies,-119.16,EAST,41.53,2013,Qtr 2,April,26,Regular Air,3.97,New Jersey,3.28,1
Cherry Hill,2314,Michael Summers,Small Business,0.08,Erin,Low,2013,Qtr 2,May,13,1,Office Supplies,Small Pack,Berol Giant Pencil Sharpener,Pens & Art Supplies,-97.21,EAST,183.67,2013,Qtr 2,May,17,Express Air,8.99,New Jersey,16.99,1
Chico,2094,Vernon Hirsch Singleton,Corporate,0.06,William,Low,2011,Qtr 2,June,5,1,Office Supplies,Small Box,Fellowes Recycled Storage Drawers,Storage & Organization,73.35600000000001,WEST,1057.32,2011,Qtr 2,June,7,Regular Air,8.64,California,111.03,1
Chico,2094,Vernon Hirsch Singleton,Corporate,0.06,William,Low,2011,Qtr 2,June,5,1,Technology,Small Pack,"80 Minute Slim Jewel Case CD-R , 10/Pack - Staples",Computer Peripherals,-17.152,WEST,17.4,2011,Qtr 2,June,6,Regular Air,1.99,California,8.33,1
Chico,2094,Vernon Hirsch Singleton,Corporate,0.04,William,Low,2013,Qtr 4,October,1,1,Office Supplies,Small Pack,Kleencut® Forged Office Shears by Acme United Corporation,"Scissors, Rulers and Trimmers",-64.29,WEST,43.25,2013,Qtr 4,October,3,Regular Air,2.56,California,2.08,1
Chico,2094,Vernon Hirsch Singleton,Corporate,0.04,William,Low,2013,Qtr 4,October,1,1,Technology,Small Box,Micro Innovations 104 Keyboard,Computer Peripherals,-100.16,WEST,119.25,2013,Qtr 4,October,4,Regular Air,6.5,California,10.97,1
Chico,2094,Vernon Hirsch Singleton,Corporate,0.08,William,Medium,2010,Qtr 3,August,5,1,Furniture,Jumbo Box,Bretford CR8500 Series Meeting Room Furniture,Tables,3031.9724,WEST,7840.04,2010,Qtr 3,August,6,Delivery Truck,42.52,California,400.98,1
Chula Vista,2174,Herbert Hester,Small Business,0.06,William,Low,2011,Qtr 1,January,6,1,Furniture,Wrap Bag,"Master Big Foot® Doorstop, Beige",Office Furnishings,-57.8832,WEST,46.58,2011,Qtr 1,January,7,Regular Air,3.96,California,5.28,1
Chula Vista,2174,Herbert Hester,Small Business,0.01,William,Low,2011,Qtr 2,June,21,1,Office Supplies,Small Box,"Avery Flip-Chart Easel Binder, Black",Binders and Binder Accessories,-58.7236,WEST,299.57,2011,Qtr 2,June,23,Regular Air,15.1,California,22.38,1
Chula Vista,2230,Ross Kent,Consumer,0.09,William,Low,2011,Qtr 1,March,2,1,Office Supplies,Small Box,Xerox 1939,Paper,-24.74,WEST,20.96,2011,Qtr 1,March,3,Regular Air,9.54,California,18.97,1
Chula Vista,2230,Ross Kent,Consumer,0.01,William,Low,2013,Qtr 2,June,20,1,Furniture,Jumbo Box,Hon Rectangular Conference Tables,Tables,2204.172,WEST,4229.32,2013,Qtr 2,June,23,Delivery Truck,32.48,California,227.55,1
Chula Vista,2230,Ross Kent,Consumer,0.01,William,Low,2013,Qtr 2,June,20,1,Office Supplies,Small Pack,Panasonic KP-150 Electric Pencil Sharpener,Pens & Art Supplies,429.7458,WEST,622.82,2013,Qtr 2,June,21,Regular Air,2.9,California,37.74,1
Chula Vista,2230,Ross Kent,Consumer,0.03,William,Low,2013,Qtr 2,June,20,1,Technology,Medium Box,Sharp EL500L Fraction Calculator,Office Machines,-30.067200000000003,WEST,30.19,2013,Qtr 2,June,22,Regular Air,7.51,California,13.99,1
Citrus Heights,2231,Regina Hewitt,Consumer,0.04,William,Low,2011,Qtr 1,March,4,1,Furniture,Jumbo Drum,Bevis Steel Folding Chairs,Chairs & Chairmats,-1216.64,WEST,897.87,2011,Qtr 1,March,6,Delivery Truck,74.35,California,95.95,1
Citrus Heights,2231,Regina Hewitt,Consumer,0.08,William,Low,2013,Qtr 1,January,19,1,Office Supplies,Small Box,"Hot File® 7-Pocket, Floor Stand",Storage & Organization,1594.5278999999998,WEST,2310.91,2013,Qtr 1,January,20,Regular Air,19.99,California,178.47,1
Claremont,2232,Kay Ivey Orr,Consumer,0.1,William,Low,2011,Qtr 1,March,4,1,Office Supplies,Small Pack,Panasonic KP-350BK Electric Pencil Sharpener with Auto Stop,Pens & Art Supplies,-9.319999999999993,WEST,129.38,2011,Qtr 1,March,6,Regular Air,8.99,California,34.58,1
Claremont,2232,Kay Ivey Orr,Consumer,0.03,William,Low,2013,Qtr 2,June,29,1,Office Supplies,Small Box,Airmail Envelopes,Envelopes,838.8467999999999,WEST,1215.72,2013,Qtr 2,June,30,Regular Air,19.99,California,83.93,1
Claremont,2232,Kay Ivey Orr,Consumer,0.06,William,Low,2013,Qtr 2,June,29,1,Office Supplies,Small Box,Xerox 1929,Paper,72.432,WEST,112.67,2013,Qtr 2,June,30,Regular Air,5.47,California,22.84,1
Claremont,2232,Kay Ivey Orr,Consumer,0.1,William,Low,2013,Qtr 3,September,14,1,Office Supplies,Small Box,"Cardinal Slant-D® Ring Binder, Heavy Gauge Vinyl",Binders and Binder Accessories,-6.8135200000000005,WEST,18.23,2013,Qtr 3,September,16,Regular Air,2.99,California,8.69,1
Cliffside Park,347,Alexandra Lambert,Corporate,0.01,Erin,Low,2013,Qtr 4,October,28,1,Technology,Small Box,Adesso Programmable 142-Key Keyboard,Computer Peripherals,608.9,EAST,3622.93,2013,Qtr 4,October,30,Regular Air,4,New Jersey,152.48,1
Cliffside Park,788,Laurie Boyd,Home Office,0.03,Erin,Low,2013,Qtr 1,March,3,1,Office Supplies,Wrap Bag,"Dixon Prang® Watercolor Pencils, 10-Color Set with Brush",Pens & Art Supplies,26.571899999999996,EAST,38.51,2013,Qtr 1,March,4,Express Air,1.2,New Jersey,4.26,1
Clifton,2169,Linda Waters,Small Business,0.08,Erin,Low,2013,Qtr 3,July,2,1,Office Supplies,Small Box,Xerox 1936,Paper,197.74709999999996,EAST,286.59,2013,Qtr 3,July,3,Express Air,5.97,New Jersey,19.98,1
Clifton,2689,Marlene Gray,Home Office,0.09,Erin,Low,2010,Qtr 4,November,4,1,Office Supplies,Small Box,Avery 496,Labels,51.2187,EAST,74.23,2010,Qtr 4,November,6,Regular Air,0.5,New Jersey,3.75,1
Coachella,2323,Emma Buckley,Small Business,0.08,William,Low,2010,Qtr 1,March,16,1,Office Supplies,Jumbo Drum,"Holmes Replacement Filter for HEPA Air Cleaner, Very Large Room, HEPA Filter",Appliances,-550.43,WEST,337.86,2010,Qtr 1,March,17,Delivery Truck,60,California,68.81,1
Coachella,2323,Emma Buckley,Small Business,0.04,William,Low,2010,Qtr 1,March,16,1,Office Supplies,Small Pack,Boston 1730 StandUp Electric Pencil Sharpener,Pens & Art Supplies,-52.12,WEST,84.21,2010,Qtr 1,March,18,Regular Air,8.99,California,21.38,1
Coachella,2323,Emma Buckley,Small Business,0.06,William,Low,2010,Qtr 4,December,19,1,Technology,Small Pack,"Imation 3.5"", DISKETTE 44766 HGHLD3.52HD/FM, 10/Pack",Computer Peripherals,-27.005,WEST,38.74,2010,Qtr 4,December,19,Express Air,4.62,California,4.98,1
Coachella,2323,Emma Buckley,Small Business,0.08,William,Low,2013,Qtr 2,June,25,1,Office Supplies,Small Box,"Manila Recycled Extra-Heavyweight Clasp Envelopes, 6"" x 9""",Envelopes,1.0199999999999974,WEST,28.91,2013,Qtr 2,June,27,Express Air,4.8,California,10.98,1
Coachella,2323,Emma Buckley,Small Business,0.09,William,Low,2013,Qtr 2,June,25,1,Office Supplies,Small Pack,Staples SlimLine Pencil Sharpener,Pens & Art Supplies,-92.52799999999999,WEST,200.16,2013,Qtr 2,June,26,Regular Air,5.81,California,11.97,1
Coachella,2355,Clyde Burnett,Consumer,0.1,William,Low,2010,Qtr 1,February,15,1,Furniture,Small Box,Howard Miller 12-3/4 Diameter Accuwave DS ™ Wall Clock,Office Furnishings,465.43949999999995,WEST,674.55,2010,Qtr 1,February,16,Regular Air,19.99,California,78.69,1
Coachella,2355,Clyde Burnett,Consumer,0.06,William,Low,2010,Qtr 4,December,16,1,Furniture,Jumbo Box,Bevis Round Conference Table Top & Single Column Base,Tables,-89.27,WEST,1721.24,2010,Qtr 4,December,18,Delivery Truck,43.75,California,146.34,1
Coachella,2355,Clyde Burnett,Consumer,0.01,William,Low,2013,Qtr 1,February,15,1,Technology,Small Box,Gyration RF Keyboard,Computer Peripherals,891.7973999999999,WEST,1292.46,2013,Qtr 1,February,17,Regular Air,5.5,California,159.99,1
Coconut Creek,1348,Calvin J Marcus,Home Office,0.08,Sam,Low,2011,Qtr 2,June,11,1,Furniture,Small Box,DAX Natural Wood-Tone Poster Frame,Office Furnishings,3.348,SOUTH,476.24,2011,Qtr 2,June,18,Regular Air,6.93,Florida,26.48,1
Coconut Creek,1348,Calvin J Marcus,Home Office,0.06,Sam,Low,2012,Qtr 4,November,18,1,Furniture,Small Pack,Nu-Dell Executive Frame,Office Furnishings,-6.8586,SOUTH,529.78,2012,Qtr 4,November,19,Express Air,4.98,Florida,12.64,1
Coconut Creek,1348,Calvin J Marcus,Home Office,0.05,Sam,Low,2013,Qtr 2,June,28,1,Furniture,Jumbo Drum,"Global High-Back Leather Tilter, Burgundy",Chairs & Chairmats,-93.43599999999999,SOUTH,1636.9,2013,Qtr 2,June,29,Delivery Truck,70.2,Florida,122.99,1
Coconut Creek,1348,Calvin J Marcus,Home Office,0.05,Sam,Low,2013,Qtr 4,December,5,1,Office Supplies,Small Box,Xerox 226,Paper,-30.654400000000003,SOUTH,109.39,2013,Qtr 4,December,6,Regular Air,5.84,Florida,6.48,1
Coconut Creek,1348,Calvin J Marcus,Home Office,0.03,Sam,Medium,2013,Qtr 4,December,5,1,Technology,Medium Box,Polycom ViewStation™ Adapter H323 Videoconferencing Unit,Office Machines,899.964,SOUTH,5822.62,2013,Qtr 4,December,6,Express Air,13.99,Florida,1938.02,1
Coconut Creek,1351,Janet McCullough,Home Office,0.1,Sam,Low,2010,Qtr 3,July,27,1,Technology,Small Box,LX 677,Telephones and Communication,3285.48,SOUTH,627.78,2010,Qtr 3,July,29,Express Air,8.99,Florida,110.99,1
Cohoes,1968,Paula Koch,Home Office,0.03,Erin,Low,2012,Qtr 4,November,2,1,Office Supplies,Small Box,Wilson Jones Easy Flow II™ Sheet Lifters,Binders and Binder Accessories,12.976600000000005,EAST,44.8,2012,Qtr 4,November,3,Express Air,4.79,New York,1.8,1
Cohoes,1968,Paula Koch,Small Business,0.08,Erin,Low,2012,Qtr 4,November,1,1,Office Supplies,Small Box,Xerox 1952,Paper,9.710000000000008,EAST,69.59,2012,Qtr 4,November,2,Regular Air,5.49,New York,4.98,1
Cohoes,1968,Paula Koch,Small Business,0.04,Erin,Low,2012,Qtr 4,November,1,1,Office Supplies,Wrap Bag,"Rediform Wirebound ""Phone Memo"" Message Book, 11 x 5-3/4",Paper,9.614000000000011,EAST,195.59,2012,Qtr 4,November,3,Regular Air,5.83,New York,7.64,1
Cohoes,1968,Paula Koch,Small Business,0.05,Erin,Low,2012,Qtr 4,November,1,1,Technology,Small Box,KF 788,Telephones and Communication,842.8068000000002,EAST,1446.42,2012,Qtr 4,November,2,Regular Air,4.99,New York,45.99,1
Cohoes,2015,Claudia Wall,Home Office,0.06,Erin,Low,2011,Qtr 4,December,4,1,Furniture,Small Box,"DAX Copper Panel Document Frame, 5 x 7 Size",Office Furnishings,105.76500000000001,EAST,179.8,2011,Qtr 4,December,5,Regular Air,5.16,New York,12.58,1
Cohoes,2015,Claudia Wall,Home Office,0.05,Erin,Low,2011,Qtr 4,December,4,1,Furniture,Small Pack,Nu-Dell Leatherette Frames,Office Furnishings,143.6856,EAST,208.24,2011,Qtr 4,December,6,Regular Air,5,New York,14.34,1
Colonia,712,Katie Wood,Consumer,0.02,Erin,Low,2011,Qtr 3,July,23,1,Furniture,Jumbo Drum,Hon Every-Day® Chair Series Swivel Task Chairs,Chairs & Chairmats,-64.14,EAST,488.98,2011,Qtr 3,July,24,Delivery Truck,30,New Jersey,120.98,1
Colonia,1398,Harry McCall,Consumer,0.03,Erin,Low,2011,Qtr 3,July,24,1,Office Supplies,Small Box,Recycled Eldon Regeneration Jumbo File,Storage & Organization,-7.25,EAST,18.16,2011,Qtr 3,July,26,Regular Air,6.13,New Jersey,12.28,1
Commack,1028,Marguerite Rodgers,Small Business,0.07,Erin,Low,2010,Qtr 3,September,29,1,Office Supplies,Wrap Bag,SANFORD Major Accent™ Highlighters,Pens & Art Supplies,30.49,EAST,93.82,2010,Qtr 3,September,30,Express Air,2.35,New York,7.08,1
Commack,1028,Marguerite Rodgers,Small Business,0.05,Erin,Low,2010,Qtr 4,November,8,1,Technology,Small Box,"Micro Innovations Micro Digital Wireless Keyboard and Mouse, Gray",Computer Peripherals,1152.5276999999999,EAST,1670.33,2010,Qtr 4,November,9,Express Air,6.13,New York,83.1,1
Commack,1028,Marguerite Rodgers,Small Business,0.09,Erin,Low,2011,Qtr 2,June,7,1,Office Supplies,Small Box,"IBM Multi-Purpose Copy Paper, 8 1/2 x 11"", Case",Paper,21.084,EAST,62.81,2011,Qtr 2,June,7,Regular Air,5.76,New York,30.98,1
Commack,1028,Marguerite Rodgers,Small Business,0.1,Erin,Low,2011,Qtr 2,June,7,1,Technology,Small Box,StarTAC 3000,Telephones and Communication,-182.5472,EAST,486.73,2011,Qtr 2,June,8,Regular Air,7.69,New York,125.99,1
Commack,1028,Marguerite Rodgers,Small Business,0.08,Erin,Low,2013,Qtr 2,May,21,1,Office Supplies,Small Box,Ibico EB-19 Dual Function Manual Binding System,Binders and Binder Accessories,149.498,EAST,324.01,2013,Qtr 2,May,25,Regular Air,19.99,New York,172.99,1
Commack,1028,Marguerite Rodgers,Small Business,0.1,Erin,Low,2013,Qtr 2,May,21,1,Technology,Small Box,T193,Telephones and Communication,185.94,EAST,472.52,2013,Qtr 2,May,30,Regular Air,4.99,New York,65.99,1
Commack,1061,Earl Melton,Small Business,0.05,Erin,Low,2013,Qtr 1,January,8,1,Office Supplies,Small Box,GBC Standard Plastic Binding Systems Combs,Binders and Binder Accessories,-24.156440000000003,EAST,52.91,2013,Qtr 1,January,9,Regular Air,5.6,New York,8.85,1
Concord,2489,Craig Liu,Consumer,0.01,William,Low,2010,Qtr 1,February,11,1,Technology,Jumbo Drum,Lexmark 4227 Plus Dot Matrix Printer,Office Machines,-1596.7458,WEST,3786.84,2010,Qtr 1,February,13,Delivery Truck,14.7,California,2036.48,1
Concord,2489,Craig Liu,Home Office,0.04,William,Low,2010,Qtr 2,April,26,1,Office Supplies,Small Box,Smead Adjustable Mobile File Trolley with Lockable Top,Storage & Organization,1388.3558999999998,WEST,2012.11,2010,Qtr 2,April,27,Regular Air,19.99,California,419.19,1
Concord,2489,Craig Liu,Home Office,0.07,William,Low,2010,Qtr 3,July,12,1,Technology,Small Box,6120,Telephones and Communication,109.83600000000001,WEST,471.66,2010,Qtr 3,July,12,Regular Air,8.8,California,65.99,1
Concord,2489,Craig Liu,Home Office,0.08,William,Low,2012,Qtr 1,January,30,1,Furniture,Small Box,"Eldon® Expressions™ Wood Desk Accessories, Oak",Office Furnishings,1.4212,WEST,23.73,2012,Qtr 1,January,31,Regular Air,5.21,California,7.38,1
Concord,2489,Craig Liu,Home Office,0.02,William,Low,2012,Qtr 4,December,10,1,Furniture,Jumbo Drum,"Office Star - Contemporary Task Swivel chair with 2-way adjustable arms, Plum",Chairs & Chairmats,-143.81,WEST,3026.67,2012,Qtr 4,December,12,Delivery Truck,30,California,130.98,1
Concord,2489,Craig Liu,Home Office,0.01,William,Low,2012,Qtr 4,December,10,1,Office Supplies,Large Box,Hoover Portapower™ Portable Vacuum,Appliances,-446.695,WEST,70.19,2012,Qtr 4,December,11,Regular Air,49,California,4.48,1
Concord,2489,Craig Liu,Home Office,0.09,William,Low,2012,Qtr 4,December,10,1,Technology,Small Box,Logitech Access Keyboard,Computer Peripherals,-26.22,WEST,34.08,2012,Qtr 4,December,12,Regular Air,6.5,California,15.98,1
Coral Gables,1478,Jason Donovan,Consumer,0,Sam,Low,2011,Qtr 2,June,19,1,Technology,Medium Box,Canon P1-DHIII Palm Printing Calculator,Office Machines,-19.642,SOUTH,324.23,2011,Qtr 2,June,20,Regular Air,8.51,Florida,17.98,1
Coral Gables,1499,Charlotte L Doyle,Home Office,0.08,Sam,Low,2010,Qtr 1,February,4,1,Furniture,Jumbo Box,BPI Conference Tables,Tables,-27.951,SOUTH,1557.66,2010,Qtr 1,February,5,Delivery Truck,80.2,Florida,146.05,1
Coral Gables,1499,Charlotte L Doyle,Home Office,0.05,Sam,Low,2010,Qtr 1,February,4,1,Office Supplies,Small Box,Peel & Stick Add-On Corner Pockets,Binders and Binder Accessories,-298.886,SOUTH,18.59,2010,Qtr 1,February,5,Regular Air,6.05,Florida,2.16,1
Coral Gables,1499,Charlotte L Doyle,Home Office,0.03,Sam,Low,2010,Qtr 1,February,4,1,Office Supplies,Small Box,Xerox 21,Paper,-145.852,SOUTH,58.83,2010,Qtr 1,February,5,Regular Air,6.6,Florida,6.48,1
Coral Gables,1499,Charlotte L Doyle,Home Office,0.04,Sam,Low,2011,Qtr 4,October,6,1,Technology,Small Pack,"Verbatim DVD-RAM, 9.4GB, Rewritable, Type 1, DS, DataLife Plus",Computer Peripherals,-108.72399999999999,SOUTH,742.71,2011,Qtr 4,October,13,Regular Air,1.99,Florida,45.19,1
Coral Springs,1500,Miriam Francis,Home Office,0.07,Sam,Low,2013,Qtr 2,June,5,1,Office Supplies,Small Box,Hoover WindTunnel™ Plus Canister Vacuum,Appliances,251.16,SOUTH,1756.68,2013,Qtr 2,June,7,Regular Air,19.99,Florida,363.25,1
Coral Springs,1500,Miriam Francis,Home Office,0.08,Sam,Low,2013,Qtr 4,October,31,1,Office Supplies,Small Box,"#10- 4 1/8"" x 9 1/2"" Recycled Envelopes",Envelopes,5.052,SOUTH,219.73,2013,Qtr 4,October,31,Regular Air,8.29,Florida,8.74,1
Coral Springs,1502,Renee Huang,Small Business,0.08,Sam,Low,2010,Qtr 4,November,7,1,Office Supplies,Small Box,Avery 487,Labels,-3.6547,SOUTH,129.43,2010,Qtr 4,November,10,Regular Air,0.5,Florida,3.69,1
Coral Springs,1502,Renee Huang,Small Business,0.08,Sam,Low,2010,Qtr 4,December,29,1,Office Supplies,Wrap Bag,"Quartet Omega® Colored Chalk, 12/Pack",Pens & Art Supplies,731.9219999999999,SOUTH,61.39,2011,Qtr 1,January,3,Express Air,1,Florida,5.84,1
Coral Springs,1502,Renee Huang,Small Business,0,Sam,Low,2010,Qtr 4,December,29,1,Technology,Small Box,StarTAC 8000,Telephones and Communication,186.558,SOUTH,2435.52,2011,Qtr 1,January,2,Regular Air,8.99,Florida,205.99,1
Coral Springs,1502,Renee Huang,Small Business,0.01,Sam,Low,2012,Qtr 4,October,16,1,Office Supplies,Small Box,Xerox 1926,Paper,-238.24779999999998,SOUTH,75.99,2012,Qtr 4,October,21,Regular Air,7.28,Florida,4.98,1
Coral Springs,1502,Renee Huang,Small Business,0.04,Sam,Low,2012,Qtr 4,October,16,1,Technology,Small Box,Adesso Programmable 142-Key Keyboard,Computer Peripherals,-109.38199999999999,SOUTH,1241.31,2012,Qtr 4,October,16,Regular Air,6.5,Florida,152.48,1
Coram,1062,Willie Robinson,Small Business,0.09,Erin,Low,2010,Qtr 1,March,24,1,Furniture,Jumbo Box,Balt Split Level Computer Training Table,Tables,-335.31712500000003,EAST,659.42,2010,Qtr 1,March,25,Delivery Truck,52.42,New York,138.75,1
Coram,1062,Willie Robinson,Small Business,0.06,Erin,Low,2010,Qtr 4,November,30,1,Furniture,Small Box,"Seth Thomas 13 1/2"" Wall Clock",Office Furnishings,38.067299999999996,EAST,55.17,2010,Qtr 4,December,2,Regular Air,5.03,New York,17.78,1
Coram,1062,Willie Robinson,Small Business,0.04,Erin,Low,2010,Qtr 4,November,30,1,Office Supplies,Small Box,"Avery Flip-Chart Easel Binder, Black",Binders and Binder Accessories,16.021800000000013,EAST,403.53,2010,Qtr 4,December,7,Regular Air,15.1,New York,22.38,1
Coram,1062,Willie Robinson,Small Business,0.05,Erin,Low,2011,Qtr 1,February,3,1,Technology,Medium Box,Bell Sonecor JB700 Caller ID,Telephones and Communication,-110.59400000000001,EAST,61.52,2011,Qtr 1,February,5,Regular Air,5.03,New York,7.99,1
Coram,1062,Willie Robinson,Small Business,0.06,Erin,Low,2012,Qtr 2,June,11,1,Office Supplies,Small Box,Xerox 1997,Paper,-99.152,EAST,55.19,2012,Qtr 2,June,13,Regular Air,10.05,New York,6.48,1
Coram,1062,Willie Robinson,Small Business,0.07,Erin,Low,2013,Qtr 4,November,30,1,Office Supplies,Small Box,Avery 51,Labels,15.326080000000001,EAST,30.47,2013,Qtr 4,November,30,Regular Air,0.5,New York,6.3,1
Costa Mesa,2490,Pauline Finch,Consumer,0.08,William,Low,2012,Qtr 3,July,22,1,Furniture,Jumbo Box,"O'Sullivan Elevations Bookcase, Cherry Finish",Bookcases,-581.59,WEST,1058.65,2012,Qtr 3,July,24,Delivery Truck,54.74,California,130.98,1
Costa Mesa,2490,Pauline Finch,Consumer,0,William,Low,2013,Qtr 3,September,14,1,Technology,Medium Box,1726 Digital Answering Machine,Telephones and Communication,-7.1447199999999995,WEST,173.98,2013,Qtr 3,September,16,Regular Air,4.81,California,20.99,1
Costa Mesa,2490,Pauline Finch,Home Office,0.09,William,Low,2010,Qtr 1,February,14,1,Furniture,Jumbo Box,Bretford CR4500 Series Slim Rectangular Table,Tables,-93.84999999999991,WEST,662.8,2010,Qtr 1,February,16,Delivery Truck,40.19,California,348.21,1
Costa Mesa,2490,Pauline Finch,Home Office,0,William,Low,2010,Qtr 3,July,12,1,Technology,Small Pack,TDK 4.7GB DVD-R,Computer Peripherals,82.70339999999999,WEST,119.86,2010,Qtr 3,July,14,Express Air,1.99,California,10.01,1
Costa Mesa,2490,Pauline Finch,Home Office,0.09,William,Low,2012,Qtr 2,April,16,1,Furniture,Medium Box,"Tenex Contemporary Contur Chairmats for Low and Medium Pile Carpet, Computer, 39"" x 49""",Office Furnishings,750.1266,WEST,1087.14,2012,Qtr 2,April,18,Regular Air,5.81,California,107.53,1
Costa Mesa,2490,Pauline Finch,Home Office,0.1,William,Low,2013,Qtr 2,June,19,1,Furniture,Jumbo Drum,Novimex Fabric Task Chair,Chairs & Chairmats,-500.86400000000003,WEST,614.7,2013,Qtr 2,June,20,Delivery Truck,30,California,60.98,1
Costa Mesa,2490,Pauline Finch,Home Office,0.05,William,Low,2013,Qtr 2,June,19,1,Office Supplies,Small Box,"Avery Flip-Chart Easel Binder, Black",Binders and Binder Accessories,-44.9696,WEST,163.63,2013,Qtr 2,June,21,Regular Air,15.1,California,22.38,1
Costa Mesa,2490,Pauline Finch,Home Office,0.02,William,Low,2013,Qtr 2,June,19,1,Office Supplies,Wrap Bag,Newell 335,Pens & Art Supplies,34.668,WEST,54.62,2013,Qtr 2,June,21,Regular Air,0.7,California,2.88,1
Cranford,738,Peggy Rowe,Consumer,0.02,Erin,Low,2010,Qtr 2,June,15,1,Furniture,Jumbo Box,"Hon Metal Bookcases, Putty",Bookcases,-178.216,EAST,313.63,2010,Qtr 2,June,16,Delivery Truck,46.74,New Jersey,70.98,1
Cranford,3139,David Powell,Home Office,0.09,Erin,Medium,2010,Qtr 4,November,2,1,Furniture,Jumbo Drum,Hon 2090 “Pillow Soft” Series Mid Back Swivel/Tilt Chairs,Chairs & Chairmats,252.48800000000028,EAST,7974.21,2010,Qtr 4,November,5,Delivery Truck,57,New Jersey,280.98,1
Daly City,2505,Cameron Gentry Herndon,Home Office,0,William,Low,2011,Qtr 2,May,24,1,Furniture,Small Box,"Howard Miller 13"" Diameter Goldtone Round Wall Clock",Office Furnishings,607.9934999999999,WEST,881.15,2011,Qtr 2,June,2,Regular Air,6.77,California,46.94,1
Daly City,2505,Cameron Gentry Herndon,Home Office,0.09,William,Low,2011,Qtr 2,May,24,1,Office Supplies,Small Box,Fellowes Super Stor/Drawer® Files,Storage & Organization,-139.75,WEST,458.42,2011,Qtr 2,May,28,Regular Air,19.99,California,161.55,1
Danville,2569,Harvey Hoyle,Consumer,0.05,William,Low,2011,Qtr 1,February,22,1,Office Supplies,Small Box,Xerox 190,Paper,3.25,WEST,19.96,2011,Qtr 1,February,23,Express Air,4.86,California,4.98,1
Danville,2569,Harvey Hoyle,Consumer,0.03,William,Low,2011,Qtr 1,February,22,1,Office Supplies,Small Pack,Barrel Sharpener,Pens & Art Supplies,-115.48,WEST,36.34,2011,Qtr 1,February,24,Regular Air,4.17,California,3.57,1
Danville,2569,Harvey Hoyle,Consumer,0.06,William,Low,2011,Qtr 1,February,22,1,Office Supplies,Wrap Bag,Newell 342,Pens & Art Supplies,-57.84,WEST,16.82,2011,Qtr 1,February,24,Regular Air,3.97,California,3.28,1
Danville,2569,Harvey Hoyle,Consumer,0.02,William,Low,2012,Qtr 1,March,31,1,Office Supplies,Small Box,Xerox 198,Paper,-42.61,WEST,19.78,2012,Qtr 2,April,1,Express Air,8.33,California,4.98,1
Davie,1540,Charlene Reynolds,Corporate,0.09,Sam,Low,2011,Qtr 3,August,4,1,Office Supplies,Wrap Bag,"Crayola Anti Dust Chalk, 12/Pack",Pens & Art Supplies,1136.484,SOUTH,29.06,2011,Qtr 3,August,5,Regular Air,1,Florida,1.82,1
Davie,1540,Charlene Reynolds,Corporate,0.09,Sam,Low,2012,Qtr 3,July,3,1,Office Supplies,Wrap Bag,Stockwell Push Pins,Rubber Bands,6.930000000000001,SOUTH,6.24,2012,Qtr 3,July,6,Express Air,0.78,Florida,2.18,1
Davie,1540,Charlene Reynolds,Corporate,0.09,Sam,Low,2012,Qtr 3,July,3,1,Technology,Small Box,M3682,Telephones and Communication,-236.52999999999997,SOUTH,210.5,2012,Qtr 3,July,5,Regular Air,8.08,Florida,125.99,1
Davie,1540,Charlene Reynolds,Corporate,0.07,Sam,Low,2013,Qtr 3,September,26,1,Furniture,Small Box,Eldon Executive Woodline II Cherry Finish Desk Accessories,Office Furnishings,-49.476000000000006,SOUTH,123.58,2013,Qtr 3,September,28,Regular Air,18.98,Florida,40.89,1
Davis,2570,Yvonne Stephens,Consumer,0.02,William,Low,2010,Qtr 4,October,25,1,Furniture,Small Box,"DAX Copper Panel Document Frame, 5 x 7 Size",Office Furnishings,44.712,WEST,224.29,2010,Qtr 4,October,25,Regular Air,5.16,California,12.58,1
Davis,2570,Yvonne Stephens,Consumer,0.1,William,Low,2010,Qtr 4,October,25,1,Furniture,Wrap Bag,Deflect-O® Glasstique™ Clear Desk Accessories,Office Furnishings,-22.626,WEST,51.2,2010,Qtr 4,October,26,Regular Air,3.68,California,7.7,1
Davis,2570,Yvonne Stephens,Consumer,0,William,Low,2010,Qtr 4,October,25,1,Office Supplies,Small Box,"Eureka Sanitaire ® Multi-Pro Heavy-Duty Upright, Disposable Bags",Appliances,-150.2604,WEST,87.85,2010,Qtr 4,October,27,Regular Air,5.15,California,4.37,1
Davis,2570,Yvonne Stephens,Consumer,0.01,William,Low,2013,Qtr 3,September,14,1,Office Supplies,Small Box,Avery Durable Binders,Binders and Binder Accessories,7.27974,WEST,50.23,2013,Qtr 3,September,16,Regular Air,1.49,California,2.88,1
Davis,2570,Yvonne Stephens,Consumer,0.01,William,Medium,2010,Qtr 4,October,25,1,Furniture,Jumbo Drum,Global Troy™ Executive Leather Low-Back Tilter,Chairs & Chairmats,4899.1288,WEST,7429.63,2010,Qtr 4,October,26,Delivery Truck,56,California,500.98,1
Davis,2610,Tommy Lutz,Corporate,0.09,William,Low,2010,Qtr 2,May,16,1,Office Supplies,Small Box,3M Organizer Strips,Binders and Binder Accessories,-136.252,WEST,49.24,2010,Qtr 2,May,17,Regular Air,7.78,California,5.4,1
Davis,2610,Tommy Lutz,Corporate,0.05,William,Low,2011,Qtr 1,February,11,1,Office Supplies,Wrap Bag,Newell 340,Pens & Art Supplies,0.35000000000000053,WEST,8.47,2011,Qtr 1,February,12,Regular Air,0.7,California,2.88,1
Daytona Beach,1541,Glenda Taylor Strauss,Corporate,0,Sam,Low,2013,Qtr 2,May,9,1,Office Supplies,Small Box,Wilson Jones® Four-Pocket Poly Binders,Binders and Binder Accessories,-38.486,SOUTH,66.03,2013,Qtr 2,May,9,Express Air,5.27,Florida,6.54,1
Daytona Beach,1541,Glenda Taylor Strauss,Corporate,0.07,Sam,Low,2013,Qtr 2,May,9,1,Technology,Small Box,"IBM Numeric Access II Keypad, 17-Key, Black",Computer Peripherals,14.364,SOUTH,326.35,2013,Qtr 2,May,10,Regular Air,9.02,Florida,35.77,1
Daytona Beach,1541,Glenda Taylor Strauss,Corporate,0.09,Sam,Medium,2013,Qtr 4,October,5,1,Furniture,Jumbo Box,Hon Rectangular Conference Tables,Tables,-18.648,SOUTH,5504.64,2013,Qtr 4,October,6,Delivery Truck,32.48,Florida,227.55,1
Deer Park,1085,Ted Dunlap,Corporate,0.02,Erin,Low,2010,Qtr 2,May,13,1,Office Supplies,Wrap Bag,"Snap-A-Way® Black Print Carbonless Ruled Speed Letter, Triplicate",Paper,206.517,EAST,299.3,2010,Qtr 2,May,14,Regular Air,5.08,New York,37.94,1
Deer Park,1085,Ted Dunlap,Corporate,0.06,Erin,Low,2010,Qtr 2,May,13,1,Technology,Small Box,"Fellowes Internet Keyboard, Platinum",Computer Peripherals,-159.25,EAST,309.05,2010,Qtr 2,May,15,Regular Air,8.65,New York,30.42,1
Deer Park,1085,Ted Dunlap,Corporate,0.1,Erin,Low,2012,Qtr 1,March,13,1,Office Supplies,Small Box,"Fellowes Twister Kit, Gray/Clear, 3/pkg",Binders and Binder Accessories,-114.4135,EAST,47.91,2012,Qtr 1,March,17,Express Air,8.94,New York,8.04,1
Deer Park,1085,Ted Dunlap,Corporate,0.09,Erin,Low,2013,Qtr 1,March,15,1,Office Supplies,Small Box,"Tenex Personal Self-Stacking Standard File Box, Black/Gray",Storage & Organization,-31.86,EAST,145.01,2013,Qtr 1,March,15,Express Air,6.25,New York,16.91,1
Deer Park,1085,Ted Dunlap,Home Office,0.05,Erin,Low,2010,Qtr 1,January,5,1,Office Supplies,Wrap Bag,"Rediform Wirebound ""Phone Memo"" Message Book, 11 x 5-3/4",Paper,-40.2752,EAST,47.18,2010,Qtr 1,January,6,Regular Air,5.83,New York,7.64,1
Deer Park,1085,Ted Dunlap,Home Office,0.04,Erin,Low,2010,Qtr 2,April,24,1,Office Supplies,Small Box,Southworth 25% Cotton Linen-Finish Paper & Envelopes,Paper,-53.25,EAST,30.87,2010,Qtr 2,April,25,Regular Air,9.86,New York,9.06,1
Deer Park,1085,Ted Dunlap,Home Office,0.09,Erin,Low,2011,Qtr 3,July,14,1,Office Supplies,Small Box,Staples File Caddy,Storage & Organization,-75.22,EAST,46.53,2011,Qtr 3,July,15,Regular Air,7.28,New York,9.38,1
Deer Park,1085,Ted Dunlap,Home Office,0.01,Erin,Low,2012,Qtr 1,January,19,1,Office Supplies,Small Box,Xerox 199,Paper,-34.025600000000004,EAST,10.07,2012,Qtr 1,January,21,Regular Air,5.68,New York,4.28,1
Deerfield Beach,1565,Carl Solomon,Small Business,0.08,Sam,Low,2012,Qtr 3,September,19,1,Office Supplies,Small Box,Xerox 1937,Paper,569.2739999999999,SOUTH,537.56,2012,Qtr 3,September,21,Express Air,5.79,Florida,48.04,1
Deerfield Beach,1565,Carl Solomon,Small Business,0.08,Sam,Low,2012,Qtr 4,December,15,1,Furniture,Jumbo Drum,Bevis Steel Folding Chairs,Chairs & Chairmats,246.66,SOUTH,1068.22,2012,Qtr 4,December,16,Delivery Truck,74.35,Florida,95.95,1
Deland,1566,Vanessa Casey Jones,Small Business,0.1,Sam,Low,2013,Qtr 4,October,19,1,Office Supplies,Small Box,Southworth 25% Cotton Premium Laser Paper and Envelopes,Paper,11.617799999999999,SOUTH,293.1,2013,Qtr 4,October,21,Regular Air,8.68,Florida,19.98,1
Deland,1566,Vanessa Casey Jones,Small Business,0.09,Sam,Low,2013,Qtr 4,November,12,1,Technology,Small Box,"Micro Innovations Micro 3000 Keyboard, Black",Computer Peripherals,42.233999999999995,SOUTH,229.4,2013,Qtr 4,November,13,Regular Air,5.89,Florida,26.31,1
Deland,1667,Brad Pearce,Consumer,0.09,Sam,Low,2012,Qtr 1,January,21,1,Furniture,Jumbo Drum,Global Enterprise™ Series Seating Low-Back Swivel/Tilt Chairs,Chairs & Chairmats,43.914,SOUTH,249.25,2012,Qtr 1,January,22,Delivery Truck,54.31,Florida,258.98,1
Deland,1667,Brad Pearce,Consumer,0.1,Sam,Low,2013,Qtr 1,February,27,1,Office Supplies,Small Box,Xerox 1910,Paper,18.762,SOUTH,356.27,2013,Qtr 1,March,2,Regular Air,5.09,Florida,48.04,1
Deland,1667,Brad Pearce,Consumer,0.02,Sam,Low,2013,Qtr 4,November,27,1,Technology,Small Box,8860,Telephones and Communication,2.646,SOUTH,2370.52,2013,Qtr 4,November,29,Regular Air,5.26,Florida,65.99,1
Delray Beach,1668,Marian Anthony,Consumer,0.04,Sam,Low,2013,Qtr 2,April,13,1,Furniture,Jumbo Box,Bevis 36 x 72 Conference Tables,Tables,-633.1773000000001,SOUTH,1219.72,2013,Qtr 2,April,15,Delivery Truck,51.94,Florida,124.49,1
Delray Beach,1668,Marian Anthony,Consumer,0.08,Sam,Low,2013,Qtr 2,April,13,1,Office Supplies,Small Box,Fellowes PB300 Plastic Comb Binding Machine,Binders and Binder Accessories,19.464,SOUTH,4162.05,2013,Qtr 2,April,15,Regular Air,19.99,Florida,387.99,1
Delray Beach,1668,Marian Anthony,Consumer,0.05,Sam,Low,2013,Qtr 2,April,13,1,Office Supplies,Small Box,Poly Designer Cover & Back,Binders and Binder Accessories,2.5326000000000066,SOUTH,228.68,2013,Qtr 2,April,15,Regular Air,5.23,Florida,18.99,1
Delray Beach,1668,Marian Anthony,Consumer,0.09,Sam,Low,2013,Qtr 4,October,8,1,Office Supplies,Small Box,Belkin 6 Outlet Metallic Surge Strip,Appliances,-23.226,SOUTH,42.68,2013,Qtr 4,October,13,Regular Air,4.5,Florida,10.89,1
Delray Beach,1762,Alan Atkins,Consumer,0,Sam,Low,2012,Qtr 1,March,22,1,Office Supplies,Small Box,"Peel & Seel® Recycled Catalog Envelopes, Brown",Envelopes,-88.69,SOUTH,37.87,2012,Qtr 1,March,22,Regular Air,6.97,Florida,11.58,1
Deltona,1763,Lucy Levine,Consumer,0,Sam,Low,2012,Qtr 1,March,22,1,Office Supplies,Small Box,Hoover Commercial Soft Guard Upright Vacuum And Disposable Filtration Bags,Appliances,-17.806600000000003,SOUTH,83.3,2012,Qtr 1,March,23,Regular Air,9.23,Florida,7.77,1
Deltona,1763,Lucy Levine,Consumer,0.1,Sam,Low,2012,Qtr 4,November,25,1,Office Supplies,Wrap Bag,Newell 310,Pens & Art Supplies,10.29,SOUTH,33.53,2012,Qtr 4,November,29,Regular Air,0.7,Florida,1.76,1
Deltona,1763,Lucy Levine,Corporate,0.04,Sam,Low,2012,Qtr 2,May,20,1,Office Supplies,Small Box,Avery Durable Binders,Binders and Binder Accessories,-296.373,SOUTH,29.63,2012,Qtr 2,May,22,Regular Air,1.49,Florida,2.88,1
Deltona,1763,Lucy Levine,Corporate,0.06,Sam,Low,2012,Qtr 2,May,20,1,Technology,Small Box,StarTAC 7760,Telephones and Communication,21.587999999999997,SOUTH,579.99,2012,Qtr 2,May,22,Regular Air,3.99,Florida,65.99,1
Depew,2947,Kathy Turner,Consumer,0.01,Erin,Low,2010,Qtr 3,August,4,1,Office Supplies,Small Box,Security-Tint Envelopes,Envelopes,112.1181,EAST,162.49,2010,Qtr 3,August,7,Regular Air,1.39,New York,7.64,1
Depew,2947,Kathy Turner,Consumer,0.05,Erin,Low,2011,Qtr 4,November,9,1,Technology,Small Pack,BASF Silver 74 Minute CD-R,Computer Peripherals,6.140000000000004,EAST,29.7,2011,Qtr 4,November,10,Regular Air,1.99,New York,1.7,1
Depew,2947,Kathy Turner,Consumer,0.02,Erin,Low,2012,Qtr 4,October,20,1,Technology,Small Pack,Accessory15,Telephones and Communication,-47.66256,EAST,198.5,2012,Qtr 4,October,21,Regular Air,0.99,New York,20.99,1
Depew,2947,Kathy Turner,Consumer,0.06,Erin,Low,2013,Qtr 3,September,1,1,Office Supplies,Small Box,Avery 503,Labels,122.04029999999999,EAST,176.87,2013,Qtr 3,September,3,Regular Air,0.99,New York,10.35,1
Depew,3213,Mike Barry,Home Office,0.05,Erin,Low,2013,Qtr 3,July,29,1,Office Supplies,Wrap Bag,Zebra Zazzle Fluorescent Highlighters,Pens & Art Supplies,7.86624,EAST,18.5,2013,Qtr 3,July,31,Regular Air,0.91,New York,6.08,1
Depew,3213,Mike Barry,Home Office,0.09,Erin,Low,2013,Qtr 3,September,16,1,Technology,Small Box,StarTAC 6500,Telephones and Communication,178.68276,EAST,1157.75,2013,Qtr 3,September,18,Regular Air,8.8,New York,125.99,1
Dix Hills,1086,Leon Peele,Corporate,0.04,Erin,Low,2011,Qtr 1,March,31,1,Office Supplies,Small Pack,Fiskars® Softgrip Scissors,"Scissors, Rulers and Trimmers",-10.38,EAST,21.83,2011,Qtr 2,April,1,Regular Air,3.37,New York,10.98,1
Dix Hills,1086,Leon Peele,Home Office,0.04,Erin,Low,2010,Qtr 2,April,24,1,Office Supplies,Small Box,"GBC Laser Imprintable Binding System Covers, Desert Sand",Binders and Binder Accessories,2.125,EAST,45.24,2010,Qtr 2,April,25,Regular Air,7.27,New York,14.27,1
Dix Hills,1086,Leon Peele,Home Office,0.1,Erin,Low,2012,Qtr 1,January,4,1,Technology,Small Box,Gyration Ultra Professional Cordless Optical Suite,Computer Peripherals,2199.8441999999995,EAST,3188.18,2012,Qtr 1,January,5,Regular Air,7.18,New York,300.97,1
Dix Hills,1086,Leon Peele,Home Office,0.03,Erin,Low,2013,Qtr 2,April,24,1,Office Supplies,Small Box,Avery 508,Labels,24.156899999999997,EAST,35.01,2013,Qtr 2,April,27,Regular Air,0.5,New York,4.91,1
Dix Hills,1086,Leon Peele,Home Office,0.07,Erin,Low,2013,Qtr 4,November,5,1,Office Supplies,Small Box,Acco Perma® 2700 Stacking Storage Drawers,Storage & Organization,19.650400000000012,EAST,564.74,2013,Qtr 4,November,6,Regular Air,6.64,New York,29.74,1
Dix Hills,1311,Veronica O'Connor,Corporate,0.04,Erin,Low,2011,Qtr 3,September,24,1,Office Supplies,Small Box,Belkin Premiere Surge Master II 8-outlet surge protector,Appliances,138.46,EAST,328.32,2011,Qtr 3,September,26,Regular Air,3.99,New York,48.58,1
Dover,1152,Brett Douglas,Corporate,0.09,Erin,Low,2012,Qtr 4,December,29,1,Office Supplies,Wrap Bag,Newell 339,Pens & Art Supplies,-2.68,EAST,18.37,2012,Qtr 4,December,30,Regular Air,0.97,New Jersey,2.78,1
Dover,1331,Ted Bowden,Small Business,0,Erin,Low,2013,Qtr 3,September,6,1,Office Supplies,Small Box,"Eureka Sanitaire ® Multi-Pro Heavy-Duty Upright, Disposable Bags",Appliances,-52.090399999999995,EAST,37.89,2013,Qtr 3,September,8,Regular Air,5.15,New Jersey,4.37,1
Dover,2939,Annie Humphrey,Small Business,0.01,Erin,Low,2011,Qtr 3,July,31,1,Office Supplies,Small Box,Ibico EB-19 Dual Function Manual Binding System,Binders and Binder Accessories,-62.1345,EAST,184.77,2011,Qtr 3,August,1,Regular Air,19.99,New Jersey,172.99,1
Dublin,2733,Marian Godwin,Small Business,0.04,William,Low,2011,Qtr 4,November,12,1,Office Supplies,Small Box,Xerox 188,Paper,27.5,WEST,148.69,2011,Qtr 4,November,13,Regular Air,5.01,California,11.34,1
Dublin,2733,Marian Godwin,Small Business,0.1,William,Low,2011,Qtr 4,November,12,1,Technology,Small Box,5180,Telephones and Communication,581.5062,WEST,1860.26,2011,Qtr 4,November,14,Regular Air,8.99,California,65.99,1
Dublin,2733,Marian Godwin,Small Business,0.08,William,Low,2013,Qtr 3,July,18,1,Office Supplies,Wrap Bag,Serrated Blade or Curved Handle Hand Letter Openers,"Scissors, Rulers and Trimmers",-48.11712,WEST,37.79,2013,Qtr 3,July,20,Regular Air,1.92,California,3.14,1
Dublin,2733,Marian Godwin,Small Business,0.09,William,Low,2013,Qtr 3,August,19,1,Office Supplies,Small Box,Self-Adhesive Address Labels for Typewriters by Universal,Labels,-1.2168800000000002,WEST,14.37,2013,Qtr 3,August,19,Regular Air,0.49,California,7.31,1
Dublin,2733,Marian Godwin,Small Business,0.03,William,Low,2013,Qtr 3,August,19,1,Office Supplies,Wrap Bag,"Post-it® “Important Message” Note Pad, Neon Colors, 50 Sheets/Pad",Paper,91.8252,WEST,133.08,2013,Qtr 3,August,21,Regular Air,1.77,California,7.28,1
Dublin,2773,Christina Zhu,Corporate,0.1,William,Low,2010,Qtr 1,March,26,1,Office Supplies,Small Box,Wilson Jones Impact Binders,Binders and Binder Accessories,-29.003,WEST,10.96,2010,Qtr 1,March,28,Regular Air,5.74,California,5.18,1
Dublin,2773,Christina Zhu,Corporate,0.06,William,Low,2012,Qtr 3,July,12,1,Furniture,Wrap Bag,"Master Giant Foot® Doorstop, Safety Yellow",Office Furnishings,17.15,WEST,94.12,2012,Qtr 3,July,14,Regular Air,4,California,7.59,1
Dublin,2773,Christina Zhu,Corporate,0.01,William,Low,2012,Qtr 3,July,12,1,Office Supplies,Wrap Bag,"Premium Writing Pencils, Soft, #2 by Central Association for the Blind",Pens & Art Supplies,-30.39,WEST,33.11,2012,Qtr 3,July,14,Regular Air,2.03,California,2.98,1
Dumont,363,Erica Lyon,Small Business,0.02,Erin,Low,2011,Qtr 1,March,25,1,Furniture,Jumbo Box,Hon 94000 Series Round Tables,Tables,-715.7782060000003,EAST,1418.97,2011,Qtr 1,March,27,Delivery Truck,54.12,New Jersey,296.18,1
Dumont,3335,Christopher Berman,Home Office,0.08,Erin,Low,2013,Qtr 3,September,24,1,Technology,Small Pack,"Imation 3.5 IBM Formatted Diskettes, 10/Box",Computer Peripherals,-42.2188,EAST,129.86,2013,Qtr 3,September,25,Regular Air,2.38,New Jersey,8.32,1
Dunedin,1764,Michele Bradshaw,Consumer,0,Sam,Low,2010,Qtr 3,July,22,1,Technology,Small Box,8890,Telephones and Communication,-16.772000000000002,SOUTH,1160.42,2010,Qtr 3,July,22,Regular Air,5.92,Florida,115.99,1
Dunedin,1764,Michele Bradshaw,Consumer,0.06,Sam,Low,2010,Qtr 3,September,1,1,Furniture,Small Box,12-1/2 Diameter Round Wall Clock,Office Furnishings,514.1772,SOUTH,103.37,2010,Qtr 3,September,3,Regular Air,10.49,Florida,19.98,1
Dunedin,1764,Michele Bradshaw,Consumer,0.08,Sam,Low,2010,Qtr 3,September,1,1,Furniture,Small Box,Regeneration Desk Collection,Office Furnishings,235.65599999999998,SOUTH,40.22,2010,Qtr 3,September,2,Regular Air,4.86,Florida,1.76,1
Dunedin,1802,Jack Morse,Corporate,0.04,Sam,Low,2010,Qtr 2,June,1,1,Office Supplies,Wrap Bag,"*Staples* vLetter Openers, 2/Pack","Scissors, Rulers and Trimmers",300.9258,SOUTH,41.29,2010,Qtr 2,June,2,Regular Air,1.32,Florida,3.68,1
Dunedin,1802,Jack Morse,Corporate,0.06,Sam,Low,2012,Qtr 3,August,5,1,Furniture,Jumbo Box,Balt Solid Wood Rectangular Table,Tables,-3942.87306,SOUTH,614.18,2012,Qtr 3,August,10,Delivery Truck,41.64,Florida,105.49,1
Dunedin,1802,Jack Morse,Corporate,0.09,Sam,Low,2012,Qtr 3,August,5,1,Office Supplies,Small Box,GBC DocuBind P100 Manual Binding Machine,Binders and Binder Accessories,-220.682,SOUTH,3213.59,2012,Qtr 3,August,12,Regular Air,19.99,Florida,165.98,1
Dunedin,1802,Jack Morse,Corporate,0.08,Sam,Low,2013,Qtr 2,June,1,1,Office Supplies,Small Box,Avery Non-Stick Binders,Binders and Binder Accessories,-1137.15,SOUTH,17.73,2013,Qtr 2,June,1,Regular Air,1.49,Florida,4.49,1
Dunedin,1802,Jack Morse,Corporate,0.1,Sam,Medium,2013,Qtr 1,March,30,1,Technology,Large Box,Canon PC1060 Personal Laser Copier,Copiers and Fax,-80.024,SOUTH,5140.73,2013,Qtr 2,April,1,Regular Air,24.49,Florida,699.99,1
East Brunswick,1097,Michele Meadows,Home Office,0.01,Erin,Low,2013,Qtr 3,September,9,1,Office Supplies,Small Box,"White Dual Perf Computer Printout Paper, 2700 Sheets, 1 Part, Heavyweight, 20 lbs., 14 7/8 x 11",Paper,158.544,EAST,643.76,2013,Qtr 3,September,12,Regular Air,19.99,New Jersey,40.99,1
East Brunswick,1454,Claude Silver,Corporate,0.09,Erin,Low,2011,Qtr 3,August,3,1,Technology,Small Box,5170,Telephones and Communication,-113.78224,EAST,157.72,2011,Qtr 3,August,6,Regular Air,4.2,New Jersey,65.99,1
East Los Angeles,2799,Gilbert Vogel,Small Business,0.05,William,Low,2011,Qtr 4,November,4,1,Furniture,Jumbo Box,Bush Mission Pointe Library,Bookcases,153.81000000000017,WEST,4531.85,2011,Qtr 4,November,9,Delivery Truck,66.27,California,150.98,1
East Los Angeles,2799,Gilbert Vogel,Small Business,0,William,Low,2013,Qtr 2,April,12,1,Office Supplies,Small Box,ACCOHIDE® Binder by Acco,Binders and Binder Accessories,-68.1375,WEST,28.16,2013,Qtr 2,April,14,Regular Air,5.34,California,4.13,1
East Los Angeles,2803,Catherine Dorsey Burnett,Small Business,0.1,William,Low,2010,Qtr 1,February,5,1,Office Supplies,Small Box,"Hot File® 7-Pocket, Floor Stand",Storage & Organization,-170.98,WEST,180.14,2010,Qtr 1,February,7,Regular Air,19.99,California,178.47,1
East Los Angeles,2803,Catherine Dorsey Burnett,Small Business,0.07,William,Low,2010,Qtr 1,February,5,1,Technology,Jumbo Drum,"Hewlett-Packard cp1700 [D, PS] Series Color Inkjet Printers",Office Machines,2699.9838,WEST,3913.02,2010,Qtr 1,February,6,Delivery Truck,28.14,California,500.98,1
East Los Angeles,2803,Catherine Dorsey Burnett,Small Business,0.04,William,Low,2011,Qtr 3,September,26,1,Furniture,Small Pack,G.E. Longer-Life Indoor Recessed Floodlight Bulbs,Office Furnishings,14.57,WEST,22.77,2011,Qtr 3,September,28,Regular Air,4.95,California,6.64,1
East Los Angeles,2803,Catherine Dorsey Burnett,Small Business,0.07,William,Low,2011,Qtr 4,October,30,1,Office Supplies,Wrap Bag,"Adams Phone Message Book, 200 Message Capacity, 8 1/16” x 11”",Paper,68.14439999999999,WEST,132.7,2011,Qtr 4,October,30,Regular Air,2,California,6.88,1
East Los Angeles,2803,Catherine Dorsey Burnett,Small Business,0.01,William,Low,2011,Qtr 4,October,30,1,Office Supplies,Wrap Bag,"Binney & Smith inkTank™ Erasable Desk Highlighter, Chisel Tip, Yellow, 12/Box",Pens & Art Supplies,-44.873999999999995,WEST,20.68,2011,Qtr 4,October,30,Regular Air,4.28,California,2.52,1
East Massapequa,1998,Judy Frazier,Corporate,0.06,Erin,Low,2010,Qtr 4,December,3,1,Office Supplies,Small Box,Grip Seal Envelopes,Envelopes,-10.435,EAST,14.85,2010,Qtr 4,December,5,Regular Air,4.99,New York,4.42,1
East Massapequa,1998,Judy Frazier,Corporate,0.02,Erin,Low,2011,Qtr 4,November,1,1,Office Supplies,Small Box,Belkin 5 Outlet SurgeMaster™ Power Centers,Appliances,1444.8392999999996,EAST,2093.97,2011,Qtr 4,November,1,Regular Air,0.99,New York,54.48,1
East Massapequa,1998,Judy Frazier,Corporate,0.08,Erin,Low,2011,Qtr 4,November,1,1,Office Supplies,Small Box,Xerox 1968,Paper,21.24200000000002,EAST,222.5,2011,Qtr 4,November,3,Regular Air,6.15,New York,6.68,1
East Massapequa,1998,Judy Frazier,Corporate,0.04,Erin,Low,2011,Qtr 4,November,1,1,Technology,Small Box,Microsoft Natural Multimedia Keyboard,Computer Peripherals,60.522000000000006,EAST,1157.56,2011,Qtr 4,November,3,Regular Air,6.5,New York,50.98,1
East Massapequa,1998,Judy Frazier,Corporate,0.02,Erin,Low,2011,Qtr 4,November,1,1,Technology,Small Box,T61,Telephones and Communication,667.2600000000001,EAST,1055.05,2011,Qtr 4,November,1,Regular Air,2.5,New York,45.99,1
East Massapequa,1998,Judy Frazier,Corporate,0.09,Erin,Low,2012,Qtr 4,December,2,1,Technology,Medium Box,Canon P1-DHIII Palm Printing Calculator,Office Machines,-6.17265,EAST,234.15,2012,Qtr 4,December,3,Regular Air,8.51,New York,17.98,1
East Massapequa,1998,Judy Frazier,Home Office,0.1,Erin,Low,2013,Qtr 3,September,8,1,Furniture,Wrap Bag,"Master Giant Foot® Doorstop, Safety Yellow",Office Furnishings,-9.761199999999999,EAST,17.42,2013,Qtr 3,September,9,Regular Air,4,New York,7.59,1
East Meadow,1312,Arlene Weber,Corporate,0.04,Erin,Low,2011,Qtr 2,May,5,1,Office Supplies,Small Box,Staples Colored Interoffice Envelopes,Envelopes,-75.7,EAST,516.19,2011,Qtr 2,May,14,Express Air,19.51,New York,30.98,1
East Meadow,1312,Arlene Weber,Corporate,0.02,Erin,Low,2011,Qtr 3,September,24,1,Office Supplies,Wrap Bag,*Staples* Letter Opener,"Scissors, Rulers and Trimmers",-115.38,EAST,29.91,2011,Qtr 3,September,26,Regular Air,5,New York,2.18,1
East Meadow,1312,Arlene Weber,Corporate,0.04,Erin,Low,2011,Qtr 3,September,24,1,Office Supplies,Wrap Bag,"Speediset Carbonless Redi-Letter® 7"" x 8 1/2""",Paper,11.06,EAST,32.97,2011,Qtr 3,September,27,Regular Air,1.79,New York,10.31,1
East Meadow,1312,Arlene Weber,Corporate,0.09,Erin,Low,2012,Qtr 2,June,15,1,Office Supplies,Wrap Bag,Prang Colored Pencils,Pens & Art Supplies,27.358499999999996,EAST,39.65,2012,Qtr 2,June,17,Regular Air,0.81,New York,2.94,1
East Meadow,1312,Arlene Weber,Corporate,0.03,Erin,Low,2013,Qtr 1,February,7,1,Technology,Small Box,i1000,Telephones and Communication,284.694,EAST,412.6,2013,Qtr 1,February,7,Regular Air,5.99,New York,65.99,1
East Meadow,1312,Arlene Weber,Corporate,0.03,Erin,Low,2013,Qtr 2,June,26,1,Office Supplies,Small Box,"Cardinal Slant-D® Ring Binder, Heavy Gauge Vinyl",Binders and Binder Accessories,2.7438000000000002,EAST,26.66,2013,Qtr 2,June,28,Regular Air,2.99,New York,8.69,1
East Meadow,1496,Milton Phillips,Home Office,0.03,Erin,Low,2011,Qtr 4,December,17,1,Office Supplies,Wrap Bag,"Super Bands, 12/Pack",Rubber Bands,-53.5,EAST,41.27,2011,Qtr 4,December,22,Regular Air,2.58,New York,1.86,1
East Meadow,1496,Milton Phillips,Home Office,0.05,Erin,Low,2011,Qtr 4,December,17,1,Technology,Small Box,3285,Telephones and Communication,2458.4285999999997,EAST,3562.94,2011,Qtr 4,December,22,Regular Air,5.99,New York,205.99,1
East Orange,2296,Alice Marks,Corporate,0.04,Erin,Low,2012,Qtr 3,September,22,1,Office Supplies,Small Box,Xerox 1880,Paper,57.89,EAST,831.22,2012,Qtr 3,September,24,Regular Air,19.99,New Jersey,35.44,1
East Orange,3019,Edwin Lang,Corporate,0.02,Erin,Low,2012,Qtr 4,October,10,1,Office Supplies,Small Box,"Decoflex Hanging Personal Folder File, Blue",Storage & Organization,-89.964,EAST,112.88,2012,Qtr 4,October,12,Regular Air,10.68,New Jersey,15.42,1
Edison,1098,Gregory Barefoot,Home Office,0.05,Erin,Low,2013,Qtr 3,September,9,1,Furniture,Large Box,"3M Polarizing Task Lamp with Clamp Arm, Light Gray",Office Furnishings,914.8248,EAST,1458.58,2013,Qtr 3,September,12,Regular Air,24.49,New Jersey,136.98,1
Edison,1759,Erika Hardison,Consumer,0.02,Erin,Low,2012,Qtr 2,May,8,1,Technology,Small Pack,Accessory29,Telephones and Communication,-42.229,EAST,164.05,2012,Qtr 2,May,9,Regular Air,1.25,New Jersey,20.99,1
Edison,2515,Claudia Upchurch,Home Office,0,Erin,Low,2012,Qtr 3,August,26,1,Office Supplies,Wrap Bag,*Staples* Highlighting Markers,Pens & Art Supplies,-0.468,EAST,9.96,2012,Qtr 3,August,27,Regular Air,0.71,New Jersey,4.84,1
El Cajon,2827,Edith McDaniel,Corporate,0.08,William,Low,2011,Qtr 2,May,24,1,Technology,Small Pack,TDK 4.7GB DVD+RW,Computer Peripherals,-29.71,WEST,27.57,2011,Qtr 2,May,26,Regular Air,1.99,California,14.48,1
El Cajon,2827,Edith McDaniel,Corporate,0,William,Low,2013,Qtr 3,September,1,1,Technology,Small Pack,"Memorex 4.7GB DVD-RAM, 3/Pack",Computer Peripherals,342.08129999999994,WEST,495.77,2013,Qtr 3,September,3,Regular Air,1.99,California,31.78,1
El Centro,2828,Monica Howard,Corporate,0.05,William,Low,2010,Qtr 1,February,19,1,Office Supplies,Small Box,X-Rack™ File for Hanging Folders,Storage & Organization,-35.26,WEST,90.46,2010,Qtr 1,February,21,Regular Air,5.03,California,11.29,1
El Centro,2828,Monica Howard,Corporate,0.07,William,Low,2010,Qtr 4,December,1,1,Technology,Small Pack,"80 Minute CD-R Spindle, 100/Pack - Staples",Computer Peripherals,322.25069999999994,WEST,467.03,2010,Qtr 4,December,2,Regular Air,1.99,California,39.48,1
El Centro,2828,Monica Howard,Corporate,0.05,William,Low,2012,Qtr 1,March,7,1,Office Supplies,Small Pack,Boston 16765 Mini Stand Up Battery Pencil Sharpener,Pens & Art Supplies,-182.87,WEST,114.38,2012,Qtr 1,March,12,Regular Air,8.99,California,11.66,1
El Centro,2930,Oscar Hale,Small Business,0.09,William,Low,2011,Qtr 2,May,29,1,Office Supplies,Small Box,Xerox 1899,Paper,-58.25,WEST,59.74,2011,Qtr 2,June,5,Regular Air,4.96,California,5.78,1
El Dorado Hills,2931,Faye Hanna,Corporate,0.03,William,Low,2012,Qtr 4,November,28,1,Furniture,Small Box,"Eldon Expressions™ Desk Accessory, Wood Pencil Holder, Oak",Office Furnishings,2.596000000000002,WEST,39.32,2012,Qtr 4,November,29,Express Air,6.22,California,9.65,1
El Dorado Hills,2931,Faye Hanna,Corporate,0.08,William,Low,2012,Qtr 4,November,28,1,Office Supplies,Wrap Bag,Newell 314,Pens & Art Supplies,107.91,WEST,217.39,2012,Qtr 4,November,30,Regular Air,0.7,California,5.58,1
El Dorado Hills,2931,Faye Hanna,Small Business,0.1,William,Low,2010,Qtr 3,August,30,1,Office Supplies,Wrap Bag,Newell 309,Pens & Art Supplies,69.7672,WEST,135.77,2010,Qtr 3,August,30,Regular Air,2.36,California,11.55,1
El Dorado Hills,2931,Faye Hanna,Small Business,0.07,William,Low,2011,Qtr 3,July,3,1,Office Supplies,Wrap Bag,"Dixon Ticonderoga Core-Lock Colored Pencils, 48-Color Set",Pens & Art Supplies,104.37,WEST,253.89,2011,Qtr 3,July,6,Regular Air,13.89,California,36.55,1
El Dorado Hills,2931,Faye Hanna,Small Business,0.06,William,Low,2011,Qtr 3,July,3,1,Technology,Jumbo Box,Hewlett-Packard 2600DN Business Color Inkjet Printer,Office Machines,-34.3041,WEST,1270.75,2011,Qtr 3,July,5,Delivery Truck,56.14,California,119.99,1
El Dorado Hills,2931,Faye Hanna,Small Business,0.07,William,Low,2012,Qtr 4,October,25,1,Technology,Small Box,StarTAC 7760,Telephones and Communication,248.95476,WEST,732.4,2012,Qtr 4,October,26,Regular Air,3.99,California,65.99,1
El Dorado Hills,2931,Faye Hanna,Small Business,0,William,Low,2013,Qtr 1,March,29,1,Office Supplies,Jumbo Drum,"Holmes Replacement Filter for HEPA Air Cleaner, Very Large Room, HEPA Filter",Appliances,-520.55,WEST,525.05,2013,Qtr 1,March,30,Delivery Truck,60,California,68.81,1
El Mirage,200,Martha Pridgen,Home Office,0.05,William,Low,2012,Qtr 1,January,27,1,Technology,Small Pack,Accessory15,Telephones and Communication,-69.35940000000001,WEST,91.78,2012,Qtr 1,January,29,Regular Air,0.99,Arizona,20.99,1
El Mirage,200,Martha Pridgen,Home Office,0.05,William,Low,2013,Qtr 1,March,18,1,Office Supplies,Jumbo Drum,"Tennsco Lockers, Gray",Storage & Organization,-815.79,WEST,120.36,2013,Qtr 1,March,20,Delivery Truck,53.03,Arizona,20.98,1
El Mirage,200,Martha Pridgen,Home Office,0.02,William,Low,2013,Qtr 3,September,2,1,Office Supplies,Small Box,"Peel & Seel® Recycled Catalog Envelopes, Brown",Envelopes,-10.7548,WEST,27.19,2013,Qtr 3,September,3,Regular Air,5.72,Arizona,11.58,1
El Mirage,200,Martha Pridgen,Home Office,0,William,Low,2013,Qtr 3,September,2,1,Office Supplies,Small Box,Xerox 1979,Paper,134.11440000000002,WEST,262.13,2013,Qtr 3,September,4,Regular Air,8.74,Arizona,30.98,1
El Mirage,3324,Leslie Jacobson,Consumer,0.05,William,Low,2010,Qtr 1,February,12,1,Office Supplies,Small Box,Xerox 217,Paper,-164.18,WEST,58.5,2010,Qtr 1,February,15,Regular Air,8.19,Arizona,6.48,1
El Mirage,3324,Leslie Jacobson,Consumer,0.01,William,Low,2011,Qtr 2,April,7,1,Technology,Wrap Bag,Accessory25,Telephones and Communication,127.9674,WEST,185.46,2011,Qtr 2,April,11,Regular Air,0.99,Arizona,20.99,1
El Mirage,3324,Leslie Jacobson,Consumer,0.01,William,Low,2012,Qtr 1,February,6,1,Office Supplies,Small Box,Xerox 1885,Paper,247.19249999999997,WEST,358.25,2012,Qtr 1,February,11,Regular Air,7.23,Arizona,48.04,1
Elizabeth,421,Scott Feldman,Small Business,0.09,Erin,Low,2010,Qtr 1,February,6,1,Technology,Medium Box,"Polycom Soundstation EX Audio-Conferencing Telephone, Black",Office Machines,-2531.4825,EAST,919.09,2010,Qtr 1,February,8,Regular Air,13.99,New Jersey,999.99,1
Elizabeth,904,Rebecca Morrow,Consumer,0.09,Erin,Low,2013,Qtr 1,January,10,1,Office Supplies,Jumbo Drum,"Sauder Facets Collection Locker/File Cabinet, Sky Alder Finish",Storage & Organization,72.24559999999997,EAST,3640.52,2013,Qtr 1,January,12,Delivery Truck,99,New Jersey,370.98,1
Elmira,1497,Gloria Jacobs,Corporate,0.09,Erin,Low,2010,Qtr 3,September,11,1,Furniture,Small Box,"Eldon® 200 Class™ Desk Accessories, Burgundy",Office Furnishings,-10.09,EAST,14.08,2010,Qtr 3,September,12,Regular Air,5.29,New York,6.28,1
Elmira,1497,Gloria Jacobs,Corporate,0.03,Erin,Low,2010,Qtr 3,September,11,1,Office Supplies,Small Box,Eldon® Gobal File Keepers,Storage & Organization,-92.87,EAST,256.73,2010,Qtr 3,September,13,Regular Air,4.53,New York,15.14,1
Elmira,1497,Gloria Jacobs,Home Office,0.08,Erin,Low,2011,Qtr 4,December,20,1,Furniture,Jumbo Box,Bretford CR8500 Series Meeting Room Furniture,Tables,-484.52418300000005,EAST,4619.35,2011,Qtr 4,December,22,Delivery Truck,42.52,New York,400.98,1
Elmira,1497,Gloria Jacobs,Home Office,0,Erin,Low,2011,Qtr 4,December,20,1,Office Supplies,Large Box,Office Impressions Heavy Duty Welded Shelving & Multimedia Storage Drawers,Storage & Organization,-111.085,EAST,3595.86,2011,Qtr 4,December,23,Regular Air,35,New York,167.27,1
Elmira,1497,Gloria Jacobs,Home Office,0.01,Erin,Low,2011,Qtr 4,December,20,1,Technology,Small Box,ELITE Series,Telephones and Communication,1829.9559,EAST,2652.11,2011,Qtr 4,December,23,Regular Air,2.79,New York,205.99,1
Elmira,1497,Gloria Jacobs,Home Office,0.01,Erin,Low,2013,Qtr 1,January,23,1,Office Supplies,Small Box,"Acco PRESSTEX® Data Binder with Storage Hooks, Dark Blue, 9 1/2"" X 11""",Binders and Binder Accessories,-265.54972,EAST,76.07,2013,Qtr 1,January,30,Express Air,7.57,New York,5.38,1
Elmira,1497,Gloria Jacobs,Home Office,0.03,Erin,Low,2013,Qtr 1,February,8,1,Office Supplies,Small Box,"GBC Clear Cover, 8-1/2 x 11, unpunched, 25 covers per pack",Binders and Binder Accessories,-254.13850000000002,EAST,159.85,2013,Qtr 1,February,9,Regular Air,15.09,New York,15.16,1
Elmwood Park,1164,Glenn Burnette,Corporate,0.02,Erin,Low,2013,Qtr 2,April,10,1,Furniture,Small Box,Regeneration Desk Collection,Office Furnishings,-83.54,EAST,16.43,2013,Qtr 2,April,11,Express Air,4.86,New Jersey,1.76,1
Elmwood Park,1200,Beth English,Consumer,0.05,Erin,Low,2010,Qtr 3,August,25,1,Office Supplies,Small Box,Ibico Laser Imprintable Binding System Covers,Binders and Binder Accessories,776.7743999999999,EAST,1125.76,2010,Qtr 3,August,27,Regular Air,16.11,New Jersey,52.4,1
Encinitas,3017,Melvin Benton,Corporate,0.01,William,Low,2010,Qtr 3,July,9,1,Office Supplies,Small Box,Staples Brown Kraft Recycled Clasp Envelopes,Envelopes,-7.25,WEST,11.16,2010,Qtr 3,July,10,Regular Air,5.3,California,5.58,1
Encinitas,3017,Melvin Benton,Corporate,0.03,William,Low,2010,Qtr 3,July,9,1,Office Supplies,Wrap Bag,4009® Highlighters by Sanford,Pens & Art Supplies,31.201799999999995,WEST,45.22,2010,Qtr 3,July,10,Regular Air,0.7,California,3.98,1
Encinitas,3017,Melvin Benton,Corporate,0.04,William,Low,2011,Qtr 2,June,25,1,Office Supplies,Small Box,Binder Posts,Binders and Binder Accessories,-16.0816,WEST,19.17,2011,Qtr 2,June,26,Regular Air,5.01,California,5.74,1
Encinitas,3017,Melvin Benton,Corporate,0.06,William,Low,2011,Qtr 2,June,25,1,Office Supplies,Small Box,Storex DuraTech Recycled Plastic Frosted Binders,Binders and Binder Accessories,-57.47239999999999,WEST,34.58,2011,Qtr 2,June,26,Regular Air,5.41,California,4.24,1
Encinitas,3017,Melvin Benton,Corporate,0.02,William,Low,2013,Qtr 2,June,24,1,Technology,Small Box,StarTAC 7760,Telephones and Communication,682.7205,WEST,989.45,2013,Qtr 2,June,26,Regular Air,3.99,California,65.99,1
Englewood,2516,Leo E Underwood,Home Office,0.02,Erin,Low,2010,Qtr 4,December,5,1,Office Supplies,Small Box,Advantus Rolling Storage Box,Storage & Organization,36.495,EAST,190.85,2010,Qtr 4,December,7,Regular Air,4.96,New Jersey,17.15,1
Englewood,3313,Frances Boykin,Small Business,0.01,Erin,Low,2013,Qtr 3,August,20,1,Office Supplies,Jumbo Drum,"Holmes Replacement Filter for HEPA Air Cleaner, Very Large Room, HEPA Filter",Appliances,-211.79224,EAST,780.77,2013,Qtr 3,August,22,Delivery Truck,60,New Jersey,68.81,1
Escondido,3200,Mary O Rich,Consumer,0,William,Low,2012,Qtr 1,January,22,1,Office Supplies,Small Box,Avery 506,Labels,2.09,WEST,4.31,2012,Qtr 1,January,24,Regular Air,0.5,California,4.13,1
Escondido,3200,Mary O Rich,Consumer,0.03,William,Low,2012,Qtr 1,January,22,1,Office Supplies,Small Box,"Fellowes Premier Superior Surge Suppressor, 10-Outlet, With Phone and Remote",Appliances,377.4852,WEST,547.08,2012,Qtr 1,January,24,Express Air,4.5,California,48.92,1
Escondido,3200,Mary O Rich,Consumer,0.1,William,Low,2012,Qtr 1,January,22,1,Office Supplies,Wrap Bag,"Sanford Colorific Colored Pencils, 12/Box",Pens & Art Supplies,-1.8476,WEST,32.32,2012,Qtr 1,January,24,Regular Air,1.01,California,2.88,1
Escondido,3200,Mary O Rich,Consumer,0.04,William,Low,2012,Qtr 1,February,21,1,Office Supplies,Medium Box,Eldon Portable Mobile Manager,Storage & Organization,-138.02,WEST,341.97,2012,Qtr 1,February,27,Express Air,13.99,California,28.28,1
Escondido,3200,Mary O Rich,Consumer,0.06,William,Low,2013,Qtr 1,March,10,1,Furniture,Small Pack,DAX Wood Document Frame,Office Furnishings,12.2,WEST,42.58,2013,Qtr 1,March,12,Regular Air,8.99,California,13.73,1
Escondido,3200,Mary O Rich,Consumer,0.01,William,Low,2013,Qtr 1,March,15,1,Office Supplies,Wrap Bag,Staples Gold Paper Clips,Rubber Bands,8.88,WEST,25.65,2013,Qtr 1,March,16,Regular Air,1.58,California,2.98,1
Eureka,3201,Benjamin McGee,Consumer,0.09,William,Low,2011,Qtr 2,April,27,1,Office Supplies,Small Box,"Avery Trapezoid Extra Heavy Duty 4"" Binders",Binders and Binder Accessories,113.76719999999999,WEST,164.88,2011,Qtr 2,April,28,Regular Air,2.99,California,41.94,1
Eureka,3201,Benjamin McGee,Consumer,0.09,William,Low,2011,Qtr 2,June,6,1,Technology,Small Box,T39m,Telephones and Communication,1298.7662999999998,WEST,1882.27,2011,Qtr 2,June,8,Regular Air,3.9,California,155.99,1
Eureka,3201,Benjamin McGee,Consumer,0.02,William,Low,2013,Qtr 1,March,15,1,Technology,Small Box,PC Concepts 116 Key Quantum 3000 Keyboard,Computer Peripherals,51.98,WEST,440.87,2013,Qtr 1,March,17,Express Air,5.5,California,32.98,1
Eureka,3201,Benjamin McGee,Consumer,0.05,William,Low,2013,Qtr 2,June,11,1,Office Supplies,Small Box,Computer Printout Paper with Letter-Trim Perforations,Paper,-15.919999999999998,WEST,34.09,2013,Qtr 2,June,11,Express Air,9.03,California,18.97,1
Eureka,3264,Becky Puckett,Corporate,0.04,William,Low,2010,Qtr 2,May,19,1,Office Supplies,Small Box,Hammermill Color Copier Paper (28Lb. and 96 Bright),Paper,-92.32,WEST,52.09,2010,Qtr 2,May,21,Regular Air,11.59,California,9.99,1
Ewing,108,Fred Sharma,Consumer,0.04,Erin,Low,2011,Qtr 2,June,29,1,Office Supplies,Wrap Bag,"Adams Phone Message Book, 200 Message Capacity, 8 1/16” x 11”",Paper,81.0957,EAST,117.53,2011,Qtr 3,July,1,Regular Air,2,New Jersey,6.88,1
Ewing,969,Joel Abrams,Consumer,0,Erin,Low,2011,Qtr 2,May,15,1,Furniture,Medium Box,36X48 HARDFLOOR CHAIRMAT,Office Furnishings,-632.16,EAST,389.46,2011,Qtr 2,May,15,Regular Air,21.2,New Jersey,20.98,1
Fair Lawn,332,Rhonda Cummings,Home Office,0.05,Erin,Low,2012,Qtr 4,October,25,1,Office Supplies,Small Box,Belkin 8 Outlet SurgeMaster II Gold Surge Protector,Appliances,607.2552,EAST,1066.68,2012,Qtr 4,October,27,Regular Air,3.99,New Jersey,59.98,1
Fair Lawn,2236,Victoria Field,Consumer,0.08,Erin,Low,2011,Qtr 1,February,13,1,Office Supplies,Small Box,Xerox 212,Paper,-165.48,EAST,57.96,2011,Qtr 1,February,15,Regular Air,8.4,New Jersey,6.48,1
Fairfield,3265,Glenn Morgan,Corporate,0.02,William,Low,2011,Qtr 2,May,25,1,Office Supplies,Small Box,Xerox 1991,Paper,89.6,WEST,204.52,2011,Qtr 2,May,27,Regular Air,8.18,California,22.84,1
Fairfield,3265,Glenn Morgan,Corporate,0.02,William,Low,2013,Qtr 4,November,8,1,Office Supplies,Small Box,Avery Printable Repositionable Plastic Tabs,Binders and Binder Accessories,16.445552000000006,WEST,186.18,2013,Qtr 4,November,10,Regular Air,6.19,California,8.6,1
Fairfield,3265,Glenn Morgan,Corporate,0.06,William,Low,2013,Qtr 4,December,30,1,Furniture,Jumbo Drum,Novimex Fabric Task Chair,Chairs & Chairmats,-56.09855999999999,WEST,195.56,2013,Qtr 4,December,30,Delivery Truck,30,California,60.98,1
Fairfield,3265,Glenn Morgan,Corporate,0.1,William,Low,2013,Qtr 4,December,30,1,Office Supplies,Small Box,"Tenex Personal Project File with Scoop Front Design, Black",Storage & Organization,-5.063519999999999,WEST,230.45,2013,Qtr 4,December,30,Express Air,4.51,California,13.48,1
Fairfield,3388,Aaron Shaffer,Corporate,0.03,William,Low,2010,Qtr 4,November,11,1,Office Supplies,Large Box,Safco Industrial Wire Shelving,Storage & Organization,67.01200000000006,WEST,894.64,2010,Qtr 4,November,12,Regular Air,35,California,95.99,1
Fairfield,3388,Aaron Shaffer,Corporate,0,William,Low,2011,Qtr 1,January,7,1,Office Supplies,Wrap Bag,Crayola Colored Pencils,Pens & Art Supplies,26.3568,WEST,39.85,2011,Qtr 1,January,12,Express Air,0.98,California,3.28,1
Fairfield,3388,Aaron Shaffer,Corporate,0.04,William,Low,2012,Qtr 3,August,18,1,Office Supplies,Small Box,3M Organizer Strips,Binders and Binder Accessories,-29.278080000000003,WEST,29.81,2012,Qtr 3,August,20,Regular Air,7.78,California,5.4,1
Flagstaff,268,James Beck,Home Office,0.03,William,Low,2010,Qtr 2,April,7,1,Furniture,Small Box,Eldon Executive Woodline II Cherry Finish Desk Accessories,Office Furnishings,78.98,WEST,210.77,2010,Qtr 2,April,14,Regular Air,18.98,Arizona,40.89,1
Flagstaff,268,James Beck,Home Office,0.02,William,Low,2010,Qtr 2,April,7,1,Office Supplies,Small Box,Staples Brown Kraft Recycled Clasp Envelopes,Envelopes,-22.48,WEST,18.67,2010,Qtr 2,April,12,Regular Air,5.3,Arizona,5.58,1
Fords,1399,Lloyd Rich,Corporate,0.03,Erin,Low,2012,Qtr 3,July,27,1,Technology,Jumbo Drum,Lexmark Z54se Color Inkjet Printer,Office Machines,235.4,EAST,371.39,2012,Qtr 3,July,28,Delivery Truck,14,New Jersey,90.97,1
Fords,2613,Anthony Stanley,Corporate,0.02,Erin,Low,2010,Qtr 3,July,24,1,Office Supplies,Small Box,Eureka The Boss® Cordless Rechargeable Stick Vac,Appliances,-25.76,EAST,68.45,2010,Qtr 3,July,24,Express Air,13.66,New Jersey,50.98,1
Fort Lauderdale,2145,Kerry Hardy,Corporate,0,Sam,Low,2010,Qtr 1,February,10,1,Furniture,Small Box,"Career Cubicle Clock, 8 1/4"", Black",Office Furnishings,15.677999999999999,SOUTH,237.83,2010,Qtr 1,February,12,Regular Air,14.39,Florida,20.28,1
Fort Lauderdale,2358,Danielle Baird,Corporate,0.1,Sam,Low,2010,Qtr 1,March,4,1,Technology,Small Box,TimeportP7382,Telephones and Communication,147,SOUTH,324.62,2010,Qtr 1,March,8,Regular Air,8.99,Florida,205.99,1
Fort Lauderdale,2358,Danielle Baird,Home Office,0.05,Sam,Low,2010,Qtr 3,August,14,1,Office Supplies,Small Pack,Kleencut® Forged Office Shears by Acme United Corporation,"Scissors, Rulers and Trimmers",-1045.016,SOUTH,40.93,2010,Qtr 3,August,16,Regular Air,2.56,Florida,2.08,1
Fort Lauderdale,2358,Danielle Baird,Home Office,0.06,Sam,Low,2012,Qtr 1,January,7,1,Furniture,Jumbo Drum,"Global High-Back Leather Tilter, Burgundy",Chairs & Chairmats,7.092,SOUTH,1316.95,2012,Qtr 1,January,10,Delivery Truck,70.2,Florida,122.99,1
Fort Lauderdale,2358,Danielle Baird,Home Office,0.02,Sam,Low,2012,Qtr 1,January,7,1,Office Supplies,Small Pack,Panasonic KP-310 Heavy-Duty Electric Pencil Sharpener,Pens & Art Supplies,463.22399999999993,SOUTH,44.47,2012,Qtr 1,January,8,Regular Air,2.87,Florida,21.98,1
Fort Lauderdale,2358,Danielle Baird,Home Office,0.04,Sam,Low,2012,Qtr 1,March,13,1,Office Supplies,Jumbo Drum,"Holmes Replacement Filter for HEPA Air Cleaner, Very Large Room, HEPA Filter",Appliances,-31.57,SOUTH,438.13,2012,Qtr 1,March,17,Delivery Truck,60,Florida,68.81,1
Fort Lauderdale,2358,Danielle Baird,Home Office,0.05,Sam,Low,2012,Qtr 1,March,13,1,Technology,Small Box,CF 888,Telephones and Communication,140.28,SOUTH,1902.78,2012,Qtr 1,March,18,Express Air,3.99,Florida,195.99,1
Fort Lee,171,Christina Matthews,Corporate,0.05,Erin,Low,2010,Qtr 2,April,13,1,Office Supplies,Small Box,Staples® General Use 3-Ring Binders,Binders and Binder Accessories,-2.9094999999999995,EAST,3.42,2010,Qtr 2,April,15,Regular Air,1.49,New Jersey,1.88,1
Fort Lee,3314,Billy Hale,Small Business,0.05,Erin,Low,2010,Qtr 3,July,26,1,Furniture,Jumbo Drum,"Global High-Back Leather Tilter, Burgundy",Chairs & Chairmats,-722.23,EAST,498.31,2010,Qtr 3,July,30,Delivery Truck,70.2,New Jersey,122.99,1
Fort Myers,2359,Annie Horne,Corporate,0.07,Sam,Low,2011,Qtr 3,August,13,1,Office Supplies,Wrap Bag,Newell 310,Pens & Art Supplies,315.09,SOUTH,20.94,2011,Qtr 3,August,15,Regular Air,0.7,Florida,1.76,1
Fort Myers,2359,Annie Horne,Corporate,0.02,Sam,Low,2011,Qtr 3,August,13,1,Technology,Small Pack,Accessory39,Telephones and Communication,92.91,SOUTH,72.58,2011,Qtr 3,August,14,Regular Air,3.3,Florida,20.99,1
Fort Myers,2359,Annie Horne,Home Office,0,Sam,Low,2010,Qtr 1,February,5,1,Office Supplies,Wrap Bag,"Post-it® “Important Message” Note Pad, Neon Colors, 50 Sheets/Pad",Paper,167.16000000000003,SOUTH,53.42,2010,Qtr 1,February,5,Regular Air,1.77,Florida,7.28,1
Fort Myers,2359,Annie Horne,Home Office,0.03,Sam,Low,2013,Qtr 4,December,10,1,Office Supplies,Large Box,Honeywell Enviracaire Portable HEPA Air Cleaner for 17' x 22' Room,Appliances,1.1219999999999999,SOUTH,1767.28,2013,Qtr 4,December,12,Regular Air,24.49,Florida,300.65,1
Fort Myers,2359,Annie Horne,Home Office,0.1,Sam,Low,2013,Qtr 4,December,10,1,Office Supplies,Small Box,Xerox 1961,Paper,240.414,SOUTH,77.64,2013,Qtr 4,December,12,Regular Air,7.54,Florida,4.98,1
Fort Pierce,2360,Troy Hendrix,Corporate,0.09,Sam,Low,2012,Qtr 1,January,15,1,Furniture,Jumbo Box,"Chromcraft Bull-Nose Wood 48"" x 96"" Rectangular Conference Tables",Tables,23.424,SOUTH,1625.62,2012,Qtr 1,January,17,Delivery Truck,64.59,Florida,550.98,1
Fort Pierce,2360,Troy Hendrix,Corporate,0.01,Sam,Low,2012,Qtr 1,January,15,1,Office Supplies,Small Box,GBC Standard Therm-A-Bind Covers,Binders and Binder Accessories,176.634,SOUTH,250.22,2012,Qtr 1,January,17,Regular Air,12.98,Florida,24.92,1
Fort Pierce,2360,Troy Hendrix,Corporate,0.08,Sam,Low,2012,Qtr 1,January,15,1,Office Supplies,Small Box,"Wilson Jones Hanging View Binder, White, 1""",Binders and Binder Accessories,-14.56,SOUTH,79.67,2012,Qtr 1,January,17,Express Air,6.05,Florida,7.1,1
Fort Pierce,2360,Troy Hendrix,Home Office,0.03,Sam,Low,2011,Qtr 1,March,7,1,Technology,Small Pack,"Imation 3.5"", RTS 247544 3M 3.5 DSDD, 10/Pack",Computer Peripherals,119.55,SOUTH,77.69,2011,Qtr 1,March,8,Regular Air,3.62,Florida,8.46,1
Fort Pierce,2360,Troy Hendrix,Home Office,0.05,Sam,Low,2012,Qtr 4,October,17,1,Furniture,Jumbo Box,"Bush Westfield Collection Bookcases, Fully Assembled",Bookcases,8.478,SOUTH,2173.49,2012,Qtr 4,October,19,Delivery Truck,35.84,Florida,100.98,1
Fort Pierce,2360,Troy Hendrix,Home Office,0.03,Sam,Low,2013,Qtr 2,April,27,1,Office Supplies,Wrap Bag,Newell 325,Pens & Art Supplies,154.80599999999998,SOUTH,53.96,2013,Qtr 2,April,29,Regular Air,1.23,Florida,4.13,1
Fort Pierce,2360,Troy Hendrix,Home Office,0.06,Sam,Low,2013,Qtr 2,April,27,1,Office Supplies,Wrap Bag,Newell 35,Pens & Art Supplies,6.186,SOUTH,4.33,2013,Qtr 2,April,28,Regular Air,5,Florida,3.28,1
Foster City,313,Ruth Stout,Corporate,0.09,William,High,2013,Qtr 3,August,7,1,Technology,Jumbo Drum,Okidata ML591 Wide Format Dot Matrix Printer,Office Machines,7628.0328,WEST,11055.12,2013,Qtr 3,August,9,Delivery Truck,16.06,California,810.98,1
Foster City,313,Ruth Stout,Corporate,0.01,William,Low,2011,Qtr 3,July,21,1,Office Supplies,Wrap Bag,"Snap-A-Way® Black Print Carbonless Ruled Speed Letter, Triplicate",Paper,156.4989,WEST,226.81,2011,Qtr 3,July,26,Regular Air,5.08,California,37.94,1
Foster City,313,Ruth Stout,Corporate,0.05,William,Low,2011,Qtr 3,September,10,1,Furniture,Jumbo Drum,Hon 4070 Series Pagoda™ Round Back Stacking Chairs,Chairs & Chairmats,803.48,WEST,3076.1,2011,Qtr 3,September,11,Delivery Truck,58.95,California,320.98,1
Foster City,313,Ruth Stout,Corporate,0.05,William,Low,2013,Qtr 1,March,3,1,Office Supplies,Small Box,Avery Hole Reinforcements,Binders and Binder Accessories,-74.43950000000001,WEST,33.62,2013,Qtr 1,March,5,Regular Air,6.97,California,6.23,1
Foster City,313,Ruth Stout,Corporate,0.1,William,Low,2013,Qtr 4,December,7,1,Office Supplies,Large Box,"Carina Mini System Audio Rack, Model AR050B",Storage & Organization,-79.03056000000001,WEST,119.38,2013,Qtr 4,December,12,Regular Air,35,California,110.98,1
Franklin Square,1606,Don Rogers,Home Office,0.07,Erin,High,2010,Qtr 1,January,7,1,Technology,Large Box,Polycom ViewStation™ ISDN Videoconferencing Unit,Office Machines,77.98359999999768,EAST,13121.07,2010,Qtr 1,January,8,Regular Air,24.49,New York,6783.02,1
Franklin Square,1606,Don Rogers,Home Office,0.05,Erin,Low,2010,Qtr 1,January,7,1,Office Supplies,Small Box,Avery Reinforcements for Hole-Punch Pages,Binders and Binder Accessories,-14.359820000000001,EAST,3.53,2010,Qtr 1,January,8,Regular Air,4.77,New York,1.98,1
Franklin Square,1606,Don Rogers,Home Office,0.07,Erin,Low,2010,Qtr 1,January,7,1,Technology,Large Box,Canon PC1060 Personal Laser Copier,Copiers and Fax,-2870.2775999999994,EAST,706.56,2010,Qtr 1,January,8,Express Air,24.49,New York,699.99,1
Franklin Square,1606,Don Rogers,Home Office,0.07,Erin,Low,2012,Qtr 3,August,11,1,Furniture,Small Box,"Computer Room Manger, 14""",Office Furnishings,352.52099999999996,EAST,510.9,2012,Qtr 3,August,15,Regular Air,7.09,New York,32.48,1
Franklin Square,1606,Don Rogers,Home Office,0.01,Erin,Low,2012,Qtr 4,October,20,1,Office Supplies,Small Box,"Decoflex Hanging Personal Folder File, Blue",Storage & Organization,-142.1172,EAST,245.6,2012,Qtr 4,October,22,Regular Air,10.68,New York,15.42,1
Franklin Square,1606,Don Rogers,Home Office,0.09,Erin,Low,2012,Qtr 4,October,20,1,Office Supplies,Small Pack,"Elite 5"" Scissors","Scissors, Rulers and Trimmers",-157.9392,EAST,111.41,2012,Qtr 4,October,21,Regular Air,7.77,New York,8.45,1
Franklin Square,1606,Don Rogers,Home Office,0.04,Erin,Low,2013,Qtr 1,January,29,1,Furniture,Wrap Bag,"Master Big Foot® Doorstop, Beige",Office Furnishings,-5.208,EAST,23.03,2013,Qtr 1,February,3,Regular Air,3.96,New York,5.28,1
Freeport,1607,Kathleen Huang Hall,Home Office,0.01,Erin,Low,2010,Qtr 2,April,15,1,Office Supplies,Small Box,"GBC Clear Cover, 8-1/2 x 11, unpunched, 25 covers per pack",Binders and Binder Accessories,-200.85899999999998,EAST,110.93,2010,Qtr 2,April,15,Regular Air,15.09,New York,15.16,1
Freeport,1607,Kathleen Huang Hall,Home Office,0.1,Erin,Low,2010,Qtr 3,August,6,1,Office Supplies,Small Pack,Acme® Preferred Stainless Steel Scissors,"Scissors, Rulers and Trimmers",-33.2956,EAST,118.35,2010,Qtr 3,August,10,Express Air,3.6,New York,5.68,1
Freeport,1607,Kathleen Huang Hall,Home Office,0.01,Erin,Low,2013,Qtr 3,July,16,1,Office Supplies,Small Box,Xerox 21,Paper,-82.15296,EAST,89.12,2013,Qtr 3,July,25,Regular Air,6.6,New York,6.48,1
Freeport,1607,Kathleen Huang Hall,Home Office,0.01,Erin,Low,2013,Qtr 3,July,16,1,Office Supplies,Wrap Bag,Prismacolor Color Pencil Set,Pens & Art Supplies,192.64799999999997,EAST,279.2,2013,Qtr 3,July,25,Regular Air,4.1,New York,19.84,1
Freeport,1607,Kathleen Huang Hall,Home Office,0,Erin,Low,2013,Qtr 3,July,16,1,Technology,Large Box,Hewlett Packard LaserJet 3310 Copier,Copiers and Fax,2508.7985999999996,EAST,3635.94,2013,Qtr 3,July,25,Regular Air,24.49,New York,599.99,1
Fresno,360,Lindsay Shepherd,Small Business,0.01,William,Low,2011,Qtr 1,January,1,1,Office Supplies,Small Box,Xerox 1898,Paper,-152.6068,WEST,75.24,2011,Qtr 1,January,3,Regular Air,6.92,California,6.68,1
Fresno,360,Lindsay Shepherd,Small Business,0.02,William,Low,2012,Qtr 1,March,10,1,Furniture,Jumbo Box,Bretford CR4500 Series Slim Rectangular Table,Tables,2528.6499,WEST,3664.71,2012,Qtr 1,March,12,Delivery Truck,40.19,California,348.21,1
Fresno,360,Lindsay Shepherd,Small Business,0,William,Low,2012,Qtr 4,December,5,1,Office Supplies,Wrap Bag,Rediform S.O.S. Phone Message Books,Paper,24.833099999999998,WEST,35.99,2012,Qtr 4,December,6,Regular Air,0.8,California,4.98,1
Fresno,360,Lindsay Shepherd,Small Business,0.05,William,Low,2013,Qtr 1,January,7,1,Technology,Small Box,i1000,Telephones and Communication,323.57304,WEST,519.3,2013,Qtr 1,January,11,Regular Air,5.99,California,65.99,1
Fresno,485,Edward Leonard,Corporate,0.05,William,Low,2010,Qtr 1,March,18,1,Office Supplies,Small Box,Avery 49,Labels,6.0512999999999995,WEST,8.77,2010,Qtr 1,March,20,Regular Air,0.5,California,2.88,1
Fresno,485,Edward Leonard,Corporate,0.04,William,Low,2013,Qtr 2,April,28,1,Technology,Jumbo Drum,Lexmark Z55se Color Inkjet Printer,Office Machines,547.0251,WEST,792.79,2013,Qtr 2,April,29,Delivery Truck,28,California,90.97,1
Fresno,485,Edward Leonard,Corporate,0.05,William,Low,2013,Qtr 4,October,30,1,Furniture,Jumbo Box,O'Sullivan Living Dimensions 3-Shelf Bookcases,Bookcases,-737.41,WEST,3961.88,2013,Qtr 4,November,3,Delivery Truck,55.96,California,200.98,1
Fruit Cove,2361,Vincent Daniel,Corporate,0.06,Sam,Low,2010,Qtr 1,February,25,1,Technology,Small Pack,"80 Minute Slim Jewel Case CD-R , 10/Pack - Staples",Computer Peripherals,-344.82000000000005,SOUTH,8.49,2010,Qtr 1,February,26,Regular Air,1.99,Florida,8.33,1
Fruit Cove,2361,Vincent Daniel,Corporate,0.1,Sam,Low,2013,Qtr 1,February,25,1,Office Supplies,Small Box,"Avery® 3 1/2"" Diskette Storage Pages, 10/Pack",Binders and Binder Accessories,-24.633,SOUTH,78.91,2013,Qtr 1,February,26,Regular Air,5.75,Florida,10.44,1
Fruit Cove,2858,Jerry Webster,Corporate,0.06,Sam,Low,2010,Qtr 2,May,17,1,Office Supplies,Wrap Bag,Newell 343,Pens & Art Supplies,-8.876,SOUTH,8.79,2010,Qtr 2,May,18,Regular Air,0.96,Florida,2.94,1
Fruit Cove,2858,Jerry Webster,Corporate,0.04,Sam,Low,2010,Qtr 4,November,23,1,Office Supplies,Small Box,Catalog Binders with Expanding Posts,Binders and Binder Accessories,14.754,SOUTH,2051.68,2010,Qtr 4,November,28,Regular Air,19.99,Florida,67.28,1
Fruit Cove,2858,Jerry Webster,Corporate,0.04,Sam,Low,2010,Qtr 4,November,23,1,Office Supplies,Wrap Bag,Newell 318,Pens & Art Supplies,213,SOUTH,80.27,2010,Qtr 4,November,23,Regular Air,1.25,Florida,2.78,1
Fruit Cove,2858,Jerry Webster,Corporate,0.09,Sam,Low,2013,Qtr 3,September,12,1,Office Supplies,Small Box,Xerox 215,Paper,-33.642,SOUTH,150.78,2013,Qtr 3,September,17,Regular Air,6.74,Florida,6.48,1
Fruit Cove,2858,Jerry Webster,Corporate,0.1,Sam,Medium,2010,Qtr 4,November,23,1,Furniture,Jumbo Box,"O'Sullivan Elevations Bookcase, Cherry Finish",Bookcases,669.612,SOUTH,5295.03,2010,Qtr 4,November,23,Delivery Truck,54.74,Florida,130.98,1
Gainesville,2859,Brad H Blake,Corporate,0.03,Sam,Low,2010,Qtr 4,October,1,1,Office Supplies,Small Box,Letter Size Cart,Storage & Organization,-8.388100000000001,SOUTH,3292.02,2010,Qtr 4,October,3,Regular Air,19.99,Florida,142.86,1
Gainesville,2859,Brad H Blake,Corporate,0.02,Sam,Low,2012,Qtr 3,September,2,1,Technology,Large Box,Canon PC1080F Personal Copier,Copiers and Fax,431.556,SOUTH,3175.15,2012,Qtr 3,September,4,Regular Air,24.49,Florida,599.99,1
Gainesville,2859,Brad H Blake,Corporate,0.05,Sam,Low,2013,Qtr 1,February,6,1,Furniture,Jumbo Box,Chromcraft Rectangular Conference Tables,Tables,-45.64,SOUTH,2879,2013,Qtr 1,February,8,Delivery Truck,59.24,Florida,236.97,1
Gainesville,2859,Brad H Blake,Corporate,0.01,Sam,Low,2013,Qtr 2,June,27,1,Office Supplies,Wrap Bag,Newell 310,Pens & Art Supplies,143.54819999999998,SOUTH,37.65,2013,Qtr 2,June,29,Express Air,0.7,Florida,1.76,1
Gainesville,2859,Brad H Blake,Corporate,0.07,Sam,Low,2013,Qtr 3,September,12,1,Furniture,Small Pack,"DAX Contemporary Wood Frame with Silver Metal Mat, Desktop, 11 x 14 Size",Office Furnishings,-80.5574,SOUTH,157.15,2013,Qtr 3,September,19,Regular Air,6.67,Florida,20.24,1
Gainesville,2859,Brad H Blake,Corporate,0.01,Sam,Low,2013,Qtr 3,September,12,1,Office Supplies,Small Box,"Holmes Replacement Filter for HEPA Air Cleaner, Large Room",Appliances,-0.994,SOUTH,377.15,2013,Qtr 3,September,19,Regular Air,13.32,Florida,14.81,1
Gainesville,2859,Brad H Blake,Corporate,0.01,Sam,Medium,2011,Qtr 3,August,15,1,Furniture,Jumbo Box,"Riverside Palais Royal Lawyers Bookcase, Royale Cherry Finish",Bookcases,65.9016,SOUTH,9157.79,2011,Qtr 3,August,17,Delivery Truck,44.55,Florida,880.98,1
Garfield,414,Terry Christian,Consumer,0.03,Erin,Low,2011,Qtr 2,June,1,1,Office Supplies,Small Box,Home/Office Personal File Carts,Storage & Organization,168.39600000000002,EAST,290.71,2011,Qtr 2,June,3,Regular Air,5.49,New Jersey,34.76,1
Garfield,1332,Sally Steele,Small Business,0.1,Erin,Low,2013,Qtr 2,May,13,1,Office Supplies,Small Box,Self-Adhesive Address Labels for Typewriters by Universal,Labels,57.7392,EAST,83.68,2013,Qtr 2,May,14,Regular Air,0.49,New Jersey,7.31,1
Gilbert,269,Calvin Boyette,Home Office,0,William,Low,2010,Qtr 4,December,5,1,Furniture,Medium Box,Tenex Antistatic Computer Chair Mats,Office Furnishings,888.1473,WEST,1287.17,2010,Qtr 4,December,12,Regular Air,13.99,Arizona,170.98,1
Gilbert,269,Calvin Boyette,Home Office,0.09,William,Low,2010,Qtr 4,December,5,1,Office Supplies,Small Box,"Tyvek ® Top-Opening Peel & Seel ® Envelopes, Gray",Envelopes,144.2928,WEST,209.12,2010,Qtr 4,December,10,Regular Air,6.66,Arizona,35.94,1
Gilbert,269,Calvin Boyette,Home Office,0.09,William,Low,2010,Qtr 4,December,5,1,Office Supplies,Small Box,Xerox 1922,Paper,-46.005,WEST,46.17,2010,Qtr 4,December,7,Regular Air,7.44,Arizona,4.98,1
Gilbert,269,Calvin Boyette,Home Office,0.04,William,Low,2011,Qtr 2,May,29,1,Office Supplies,Small Box,Avery 508,Labels,43.125,WEST,62.5,2011,Qtr 2,May,30,Regular Air,0.5,Arizona,4.91,1
Gilbert,269,Calvin Boyette,Home Office,0.08,William,Low,2011,Qtr 2,May,29,1,Technology,Wrap Bag,Accessory34,Telephones and Communication,885.2837999999999,WEST,1283.02,2011,Qtr 2,May,31,Regular Air,0.99,Arizona,85.99,1
Gilbert,269,Calvin Boyette,Small Business,0.03,William,Low,2011,Qtr 4,December,19,1,Furniture,Small Pack,Nu-Dell Leatherette Frames,Office Furnishings,59.18129999999999,WEST,85.77,2011,Qtr 4,December,23,Regular Air,5,Arizona,14.34,1
Gilbert,269,Calvin Boyette,Small Business,0.07,William,Low,2012,Qtr 2,June,25,1,Technology,Small Box,7160,Telephones and Communication,-60.0072,WEST,579.55,2012,Qtr 2,June,27,Regular Air,4.2,Arizona,140.99,1
Gilroy,486,Tracey Gross,Corporate,0.01,William,Low,2011,Qtr 3,September,20,1,Office Supplies,Small Pack,Staples SlimLine Pencil Sharpener,Pens & Art Supplies,-38.94,WEST,123.4,2011,Qtr 3,September,22,Regular Air,5.81,California,11.97,1
Gilroy,486,Tracey Gross,Corporate,0.04,William,Low,2011,Qtr 4,December,6,1,Technology,Small Box,252,Telephones and Communication,476.5209,WEST,690.61,2011,Qtr 4,December,8,Express Air,5.92,California,65.99,1
Gilroy,486,Tracey Gross,Corporate,0.03,William,Low,2013,Qtr 3,September,2,1,Office Supplies,Small Box,"Blue String-Tie & Button Interoffice Envelopes, 10 x 13",Envelopes,707.7888,WEST,1053.74,2013,Qtr 3,September,9,Regular Air,9.83,California,39.98,1
Gilroy,486,Tracey Gross,Corporate,0.03,William,Low,2013,Qtr 3,September,2,1,Technology,Small Box,i2000,Telephones and Communication,937.95084,WEST,1761.78,2013,Qtr 3,September,6,Regular Air,2.5,California,125.99,1
Gilroy,486,Tracey Gross,Corporate,0.02,William,Low,2013,Qtr 4,October,11,1,Office Supplies,Small Box,Economy Rollaway Files,Storage & Organization,1952.15,WEST,4009.89,2013,Qtr 4,October,13,Express Air,19.99,California,165.2,1
Gilroy,833,Gerald Love,Corporate,0,William,Low,2010,Qtr 1,January,9,1,Office Supplies,Small Pack,Boston 16765 Mini Stand Up Battery Pencil Sharpener,Pens & Art Supplies,-203.67000000000002,WEST,138.51,2010,Qtr 1,January,11,Express Air,8.99,California,11.66,1
Gilroy,833,Gerald Love,Corporate,0.07,William,Low,2013,Qtr 1,March,6,1,Furniture,Large Box,Hon 4060 Series Tables,Tables,-742.88,WEST,437.96,2013,Qtr 1,March,7,Regular Air,69,California,111.96,1
Gilroy,833,Gerald Love,Corporate,0,William,Low,2013,Qtr 1,March,6,1,Technology,Small Pack,"Sony MFD2HD Formatted Diskettes, 10/Pack",Computer Peripherals,-37.88,WEST,42.68,2013,Qtr 1,March,8,Regular Air,2.74,California,6.48,1
Glassboro,1333,Dolores McClure,Small Business,0.03,Erin,Low,2011,Qtr 2,May,12,1,Furniture,Jumbo Drum,"Situations Contoured Folding Chairs, 4/Set",Chairs & Chairmats,-1330.78,EAST,995.58,2011,Qtr 2,May,16,Delivery Truck,59.81,New Jersey,70.98,1
Glassboro,3293,Arthur Yu,Corporate,0.1,Erin,Low,2011,Qtr 3,September,26,1,Office Supplies,Small Box,"Avery Trapezoid Ring Binder, 3"" Capacity, Black, 1040 sheets",Binders and Binder Accessories,112.05550000000001,EAST,165.99,2011,Qtr 3,September,27,Express Air,2.99,New Jersey,40.98,1
Glen Cove,1625,Molly Browning,Corporate,0.04,Erin,Low,2012,Qtr 4,October,5,1,Furniture,Wrap Bag,Eldon Radial Chair Mat for Low to Medium Pile Carpets,Office Furnishings,146.95159999999998,EAST,251.01,2012,Qtr 4,October,10,Regular Air,9.2,New York,39.98,1
Glen Cove,1625,Molly Browning,Home Office,0,Erin,Low,2010,Qtr 1,March,27,1,Office Supplies,Small Box,"Letter/Legal File Tote with Clear Snap-On Lid, Black Granite",Storage & Organization,-28.09,EAST,19.16,2010,Qtr 1,March,28,Regular Air,8.34,New York,16.06,1
Glen Cove,1625,Molly Browning,Home Office,0.1,Erin,Low,2010,Qtr 1,March,27,1,Office Supplies,Small Box,Xerox 1882,Paper,300.0465,EAST,434.85,2010,Qtr 1,March,29,Regular Air,13.88,New York,55.98,1
Glen Cove,1625,Molly Browning,Home Office,0.08,Erin,Low,2010,Qtr 1,March,27,1,Technology,Jumbo Drum,Panasonic KX-P2130 Dot Matrix Printer,Office Machines,1674.7541999999999,EAST,2427.18,2010,Qtr 1,March,29,Delivery Truck,14.7,New York,213.45,1
Glen Cove,1625,Molly Browning,Home Office,0,Erin,Low,2010,Qtr 3,August,16,1,Furniture,Large Box,Hon 2111 Invitation™ Series Corner Table,Tables,-263.1119290800001,EAST,1959.88,2010,Qtr 3,August,18,Regular Air,69,New York,209.37,1
Glen Cove,1625,Molly Browning,Home Office,0.03,Erin,Low,2012,Qtr 3,August,13,1,Furniture,Jumbo Drum,"Metal Folding Chairs, Beige, 4/Carton",Chairs & Chairmats,-40.9968,EAST,111.93,2012,Qtr 3,August,15,Delivery Truck,19.19,New York,33.94,1
Glen Cove,1625,Molly Browning,Home Office,0.07,Erin,Low,2013,Qtr 4,December,3,1,Furniture,Jumbo Drum,Global Commerce™ Series High-Back Swivel/Tilt Chairs,Chairs & Chairmats,-127.41792000000001,EAST,608.23,2013,Qtr 4,December,3,Delivery Truck,69.55,New York,284.98,1
Glendale,270,Robyn White,Home Office,0.1,William,Low,2012,Qtr 1,January,19,1,Office Supplies,Wrap Bag,Newell 320,Pens & Art Supplies,-19.5796,WEST,51.03,2012,Qtr 1,January,19,Regular Air,1.6,Arizona,4.28,1
Glendale,270,Robyn White,Home Office,0.07,William,Low,2013,Qtr 2,April,18,1,Office Supplies,Medium Box,Holmes HEPA Air Purifier,Appliances,182.16,WEST,264,2013,Qtr 2,April,18,Regular Air,5.94,Arizona,21.78,1
Glendale,270,Robyn White,Small Business,0.09,William,Low,2011,Qtr 3,July,4,1,Technology,Medium Box,Canon MP41DH Printing Calculator,Office Machines,1196.8394999999998,WEST,1734.55,2011,Qtr 3,July,4,Regular Air,13.99,Arizona,150.98,1
Glendale,270,Robyn White,Small Business,0.03,William,Low,2013,Qtr 3,August,12,1,Furniture,Jumbo Drum,Hon Non-Folding Utility Tables,Tables,25.956719999999997,WEST,1505.99,2013,Qtr 3,August,16,Delivery Truck,60,Arizona,159.31,1
Glendale,270,Robyn White,Small Business,0.02,William,Low,2013,Qtr 3,August,12,1,Office Supplies,Small Pack,Staples SlimLine Pencil Sharpener,Pens & Art Supplies,-26.122640000000004,WEST,228.02,2013,Qtr 3,August,12,Regular Air,5.81,Arizona,11.97,1
Glendale,353,Bonnie Chambers,Home Office,0.07,William,Low,2010,Qtr 2,May,14,1,Office Supplies,Small Box,Xerox 1898,Paper,-141.12,WEST,104.84,2010,Qtr 2,May,21,Regular Air,6.92,Arizona,6.68,1
Glendale,353,Bonnie Chambers,Home Office,0.08,William,Low,2010,Qtr 2,May,14,1,Technology,Small Pack,"Maxell 3.5"" DS/HD IBM-Formatted Diskettes, 10/Pack",Computer Peripherals,-165.45,WEST,84.76,2010,Qtr 2,May,14,Express Air,4.93,Arizona,4.89,1
Goleta,840,Kevin Daly,Corporate,0.1,William,Low,2011,Qtr 2,April,12,1,Furniture,Jumbo Drum,Hon 4070 Series Pagoda™ Round Back Stacking Chairs,Chairs & Chairmats,124.36,WEST,934.72,2011,Qtr 2,April,15,Delivery Truck,58.95,California,320.98,1
Goleta,840,Kevin Daly,Corporate,0.08,William,Low,2011,Qtr 2,April,12,1,Office Supplies,Wrap Bag,Newell 337,Pens & Art Supplies,-28.37,WEST,10.88,2011,Qtr 2,April,13,Regular Air,3.97,California,3.28,1
Goleta,840,Kevin Daly,Corporate,0,William,Low,2011,Qtr 2,April,12,1,Technology,Small Pack,Accessory29,Telephones and Communication,10.998000000000001,WEST,232.22,2011,Qtr 2,April,15,Regular Air,1.25,California,20.99,1
Goleta,840,Kevin Daly,Corporate,0.08,William,Low,2012,Qtr 2,May,12,1,Furniture,Jumbo Drum,"Global Push Button Manager's Chair, Indigo",Chairs & Chairmats,-319.26,WEST,852.12,2012,Qtr 2,May,13,Delivery Truck,32.41,California,60.89,1
Goleta,840,Kevin Daly,Corporate,0.04,William,Low,2013,Qtr 4,October,15,1,Office Supplies,Small Box,Cardinal Holdit Business Card Pockets,Binders and Binder Accessories,-84.4215,WEST,88.68,2013,Qtr 4,October,17,Regular Air,4.95,California,4.98,1
Goleta,850,Jesse Hutchinson,Corporate,0.07,William,Low,2010,Qtr 3,September,7,1,Office Supplies,Wrap Bag,Zebra Zazzle Fluorescent Highlighters,Pens & Art Supplies,19.57,WEST,41.96,2010,Qtr 3,September,8,Regular Air,0.91,California,6.08,1
Goleta,850,Jesse Hutchinson,Small Business,0.04,William,Low,2012,Qtr 3,July,16,1,Office Supplies,Small Pack,Sanford 52201 APSCO Electric Pencil Sharpener,Pens & Art Supplies,154.85,WEST,374.57,2012,Qtr 3,July,18,Regular Air,8.99,California,40.97,1
Goodyear,354,Joanna Hill,Home Office,0.07,William,Low,2011,Qtr 4,October,3,1,Office Supplies,Small Pack,Fiskars® Softgrip Scissors,"Scissors, Rulers and Trimmers",15.777999999999999,WEST,181.66,2011,Qtr 4,October,7,Express Air,3.37,Arizona,10.98,1
Goodyear,354,Joanna Hill,Home Office,0.1,William,Low,2012,Qtr 4,October,9,1,Office Supplies,Small Box,Fellowes Command Center 5-outlet power strip,Appliances,640.4763999999999,WEST,1171.67,2012,Qtr 4,October,11,Regular Air,0.99,Arizona,67.84,1
Goodyear,354,Joanna Hill,Home Office,0.02,William,Low,2013,Qtr 2,April,15,1,Office Supplies,Wrap Bag,"TOPS Voice Message Log Book, Flash Format",Paper,4.59,WEST,36.47,2013,Qtr 2,April,16,Express Air,3.01,Arizona,4.76,1
Goodyear,354,Joanna Hill,Home Office,0.04,William,Low,2013,Qtr 2,May,26,1,Office Supplies,Small Box,"Fellowes Mobile File Cart, Black",Storage & Organization,430.32,WEST,917.56,2013,Qtr 2,May,27,Regular Air,12.78,Arizona,62.18,1
Goodyear,354,Joanna Hill,Home Office,0.1,William,Low,2013,Qtr 2,May,26,1,Technology,Small Box,Targus USB Numeric Keypad,Computer Peripherals,-83.28,WEST,505.61,2013,Qtr 2,May,28,Regular Air,6.5,Arizona,40.98,1
Granite Bay,3287,Mary Norman,Small Business,0.08,William,Low,2010,Qtr 2,May,25,1,Office Supplies,Small Box,Surelock™ Post Binders,Binders and Binder Accessories,352.8798,WEST,511.42,2010,Qtr 2,May,27,Regular Air,2.99,California,30.56,1
Granite Bay,3287,Mary Norman,Small Business,0.06,William,Low,2011,Qtr 3,August,14,1,Office Supplies,Small Box,Fellowes Super Stor/Drawer® Files,Storage & Organization,890.7824,WEST,2177.26,2011,Qtr 3,August,14,Regular Air,19.99,California,161.55,1
Granite Bay,3287,Mary Norman,Small Business,0.09,William,Low,2012,Qtr 2,May,25,1,Office Supplies,Small Box,Xerox 199,Paper,-111.87,WEST,55.4,2012,Qtr 2,May,26,Regular Air,5.68,California,4.28,1
Granite Bay,3287,Mary Norman,Small Business,0.09,William,Low,2012,Qtr 2,May,25,1,Technology,Small Box,StarTAC 6500,Telephones and Communication,851.31,WEST,1949.07,2012,Qtr 2,May,26,Regular Air,8.8,California,125.99,1
Granite Bay,3287,Mary Norman,Small Business,0.01,William,Low,2013,Qtr 1,March,19,1,Office Supplies,Small Box,"1/4 Fold Party Design Invitations & White Envelopes, 24 8-1/2"" X 11"" Cards, 25 Env./Pack",Paper,-30.04,WEST,31.18,2013,Qtr 1,March,21,Regular Air,5.96,California,7.35,1
Hacienda Heights,838,Gary Walton,Consumer,0,William,Low,2011,Qtr 3,August,8,1,Office Supplies,Small Box,Belkin 8 Outlet Surge Protector,Appliances,546.2108999999999,WEST,791.61,2011,Qtr 3,August,9,Regular Air,5.33,California,40.98,1
Hacienda Heights,838,Gary Walton,Consumer,0.04,William,Low,2012,Qtr 3,August,3,1,Office Supplies,Small Box,Xerox 1949,Paper,-43.5656,WEST,119.4,2012,Qtr 3,August,4,Regular Air,4.72,California,4.98,1
Hacienda Heights,838,Gary Walton,Consumer,0.04,William,Low,2012,Qtr 3,August,3,1,Office Supplies,Wrap Bag,Prang Colored Pencils,Pens & Art Supplies,50.05949999999999,WEST,72.55,2012,Qtr 3,August,3,Express Air,0.81,California,2.94,1
Hacienda Heights,838,Gary Walton,Consumer,0.1,William,Low,2012,Qtr 4,December,9,1,Technology,Small Pack,"Imation Neon Mac Format Diskettes, 10/Pack",Computer Peripherals,-49.51,WEST,134.28,2012,Qtr 4,December,9,Regular Air,2.83,California,8.12,1
Hacienda Heights,838,Gary Walton,Consumer,0.09,William,Low,2013,Qtr 4,October,2,1,Technology,Small Pack,Imation DVD-RAM discs,Computer Peripherals,138.1,WEST,354.46,2013,Qtr 4,October,4,Regular Air,1.99,California,35.41,1
Hacienda Heights,838,Gary Walton,Consumer,0.05,William,Medium,2013,Qtr 4,October,2,1,Technology,Large Box,Canon imageCLASS 2200 Advanced Copier,Copiers and Fax,-9078.94,WEST,6849.48,2013,Qtr 4,October,3,Regular Air,24.49,California,3499.99,1
Hacienda Heights,851,Helen H Heller,Corporate,0.1,William,Low,2010,Qtr 1,February,25,1,Furniture,Large Box,"Dana Fluorescent Magnifying Lamp, White, 36""",Office Furnishings,98.12,WEST,300.63,2010,Qtr 1,February,27,Regular Air,22.24,California,50.98,1
Hacienda Heights,851,Helen H Heller,Corporate,0.08,William,Low,2010,Qtr 3,September,7,1,Office Supplies,Medium Box,"Holmes Cool Mist Humidifier for the Whole House with 8-Gallon Output per Day, Extended Life Filter",Appliances,107.11,WEST,240.46,2010,Qtr 3,September,9,Regular Air,5.29,California,19.9,1
Hacienda Heights,851,Helen H Heller,Corporate,0.02,William,Low,2010,Qtr 3,September,7,1,Office Supplies,Small Box,Cardinal Poly Pocket Divider Pockets for Ring Binders,Binders and Binder Accessories,-216.154,WEST,74.08,2010,Qtr 3,September,9,Regular Air,6.27,California,3.36,1
Hacienda Heights,851,Helen H Heller,Corporate,0.06,William,Low,2010,Qtr 4,October,31,1,Office Supplies,Wrap Bag,Bagged Rubber Bands,Rubber Bands,-6.6096,WEST,5.28,2010,Qtr 4,October,31,Regular Air,0.7,California,1.26,1
Hacienda Heights,851,Helen H Heller,Corporate,0.08,William,Low,2013,Qtr 3,August,13,1,Office Supplies,Small Box,Avery Binder Labels,Binders and Binder Accessories,-111.835936,WEST,96.56,2013,Qtr 3,August,13,Regular Air,7.01,California,3.89,1
Hackensack,998,Charlene Day,Small Business,0,Erin,Low,2013,Qtr 4,October,21,1,Furniture,Medium Box,"Tenex Traditional Chairmats for Medium Pile Carpet, Standard Lip, 36"" x 48""",Office Furnishings,379.28,EAST,595.99,2013,Qtr 4,October,23,Regular Air,12.23,New Jersey,60.65,1
Hackensack,1760,Christy Dunn,Consumer,0.01,Erin,Low,2012,Qtr 1,February,14,1,Furniture,Large Box,Hon 4060 Series Tables,Tables,-270.573732,EAST,480.86,2012,Qtr 1,February,15,Regular Air,69,New Jersey,111.96,1
Hackensack,2603,Penny Leach,Corporate,0.07,Erin,Low,2010,Qtr 4,October,5,1,Technology,Small Box,2160i,Telephones and Communication,2225.07612,EAST,3705.14,2010,Qtr 4,October,6,Regular Air,4.2,New Jersey,200.99,1
Hackensack,2764,Arnold Johnson,Corporate,0.02,Erin,Low,2010,Qtr 2,April,22,1,Office Supplies,Small Box,Acco Perma® 2700 Stacking Storage Drawers,Storage & Organization,-21.06,EAST,120.81,2010,Qtr 2,April,22,Regular Air,6.64,New Jersey,29.74,1
Harrison,1626,Joy Spivey,Corporate,0.05,Erin,Low,2013,Qtr 1,January,31,1,Office Supplies,Small Box,Xerox 1887,Paper,127.86389999999999,EAST,185.31,2013,Qtr 1,February,4,Regular Air,5.21,New York,18.97,1
Harrison,1626,Joy Spivey,Corporate,0.09,Erin,Low,2013,Qtr 1,January,31,1,Office Supplies,Small Box,Xerox 204,Paper,-174.1952,EAST,75.51,2013,Qtr 1,February,5,Regular Air,6.86,New York,6.48,1
Harrison,1734,Christopher Meadows,Small Business,0.02,Erin,High,2010,Qtr 4,October,4,1,Office Supplies,Small Box,Fellowes PB500 Electric Punch Plastic Comb Binding Machine with Manual Bind,Binders and Binder Accessories,7889.6876999999995,EAST,11434.33,2010,Qtr 4,October,6,Regular Air,19.99,New York,1270.99,1
Harrison,1734,Christopher Meadows,Small Business,0.02,Erin,Low,2010,Qtr 4,October,4,1,Office Supplies,Large Box,Euro Pro Shark Stick Mini Vacuum,Appliances,-596.268,EAST,561.06,2010,Qtr 4,October,6,Regular Air,49,New York,60.98,1
Harrison,1734,Christopher Meadows,Small Business,0.05,Erin,Low,2010,Qtr 4,October,4,1,Technology,Small Box,StarTAC 8000,Telephones and Communication,1545.80976,EAST,3229.24,2010,Qtr 4,October,6,Express Air,8.99,New York,205.99,1
Harrison,1734,Christopher Meadows,Small Business,0.08,Erin,Low,2011,Qtr 3,September,19,1,Office Supplies,Small Box,"GBC Prepunched Paper, 19-Hole, for Binding Systems, 24-lb",Binders and Binder Accessories,-26.8065,EAST,74.63,2011,Qtr 3,September,21,Regular Air,8.4,New York,15.01,1
Harrison,1734,Christopher Meadows,Small Business,0.04,Erin,Low,2011,Qtr 3,September,19,1,Office Supplies,Small Box,Wilson Jones Turn Tabs Binder Tool for Ring Binders,Binders and Binder Accessories,-7.613,EAST,10.14,2011,Qtr 3,September,21,Regular Air,5.24,New York,4.82,1
Hawthorne,469,Marion Bowling,Small Business,0.05,Erin,Low,2010,Qtr 1,January,11,1,Furniture,Small Box,Eldon Image Series Black Desk Accessories,Office Furnishings,-128.6872,EAST,33.35,2010,Qtr 1,January,13,Express Air,6.6,New Jersey,4.14,1
Hawthorne,713,Cecil Nicholson,Consumer,0.09,Erin,Low,2011,Qtr 3,July,23,1,Technology,Medium Box,Sharp EL500L Fraction Calculator,Office Machines,-37.9407,EAST,133.4,2011,Qtr 3,July,24,Regular Air,7.51,New Jersey,13.99,1
Hawthorne,1058,Adam McKinney,Small Business,0.03,Erin,Low,2012,Qtr 3,September,10,1,Office Supplies,Small Box,"GBC Pre-Punched Binding Paper, Plastic, White, 8-1/2"" x 11""",Binders and Binder Accessories,-36.891999999999996,EAST,38.15,2012,Qtr 3,September,11,Regular Air,13.18,New Jersey,15.99,1
Hawthorne,1165,Jason L Doyle,Corporate,0.1,Erin,Low,2012,Qtr 4,December,7,1,Office Supplies,Small Box,Tripp Lite Isotel 6 Outlet Surge Protector with Fax/Modem Protection,Appliances,487.43999999999994,EAST,734.75,2012,Qtr 4,December,7,Regular Air,4.5,New Jersey,60.97,1
Hawthorne,2142,Mitchell Clayton,Home Office,0.01,Erin,Low,2011,Qtr 1,January,25,1,Office Supplies,Small Box,Iceberg Mobile Mega Data/Printer Cart ®,Storage & Organization,107.3956,EAST,377.13,2011,Qtr 1,January,25,Regular Air,19.99,New Jersey,120.33,1
Hemet,852,Virginia Mason Klein,Small Business,0.05,William,Low,2013,Qtr 4,October,4,1,Furniture,Small Box,"Seth Thomas 13 1/2"" Wall Clock",Office Furnishings,89.95,WEST,174.94,2013,Qtr 4,October,5,Regular Air,5.03,California,17.78,1
Hemet,852,Virginia Mason Klein,Small Business,0.06,William,Low,2013,Qtr 4,October,4,1,Office Supplies,Small Box,"Wilson Jones Hanging View Binder, White, 1""",Binders and Binder Accessories,-51.3015,WEST,63.27,2013,Qtr 4,October,4,Regular Air,6.05,California,7.1,1
Hempstead,1735,Eric West,Small Business,0.02,Erin,Low,2010,Qtr 4,December,28,1,Office Supplies,Small Box,Xerox 197,Paper,-16.14,EAST,101.13,2010,Qtr 4,December,29,Regular Air,17.08,New York,30.98,1
Hempstead,1735,Eric West,Small Business,0.09,Erin,Low,2013,Qtr 1,March,2,1,Office Supplies,Small Pack,Panasonic KP-310 Heavy-Duty Electric Pencil Sharpener,Pens & Art Supplies,-25.96,EAST,20.96,2013,Qtr 1,March,2,Regular Air,2.87,New York,21.98,1
Hempstead,1735,Eric West,Small Business,0.01,Erin,Low,2013,Qtr 1,March,2,1,Technology,Large Box,Sharp AL-1530CS Digital Copier,Copiers and Fax,2558.1542999999997,EAST,3707.47,2013,Qtr 1,March,3,Regular Air,24.49,New York,499.99,1
Hempstead,1823,Molly Bolton,Corporate,0.04,Erin,Low,2012,Qtr 1,February,3,1,Technology,Small Pack,"80 Minute CD-R Spindle, 100/Pack - Staples",Computer Peripherals,217.57769999999996,EAST,315.33,2012,Qtr 1,February,10,Regular Air,1.99,New York,39.48,1
Hesperia,853,Leah Davenport,Corporate,0.08,William,Medium,2012,Qtr 2,May,22,1,Furniture,Jumbo Box,Chromcraft Bull-Nose Wood Oval Conference Tables & Bases,Tables,3918.54,WEST,8027.28,2012,Qtr 2,May,23,Delivery Truck,45.7,California,550.98,1
Hesperia,853,Leah Davenport,Small Business,0.05,William,Low,2010,Qtr 3,September,16,1,Office Supplies,Small Box,Storex DuraTech Recycled Plastic Frosted Binders,Binders and Binder Accessories,-89.217,WEST,50.83,2010,Qtr 3,September,18,Regular Air,5.41,California,4.24,1
Hesperia,853,Leah Davenport,Small Business,0.05,William,Low,2013,Qtr 1,March,15,1,Office Supplies,Small Box,Heavy-Duty E-Z-D® Binders,Binders and Binder Accessories,39.109199999999994,WEST,56.68,2013,Qtr 1,March,17,Regular Air,2.99,California,10.91,1
Hesperia,853,Leah Davenport,Small Business,0.1,William,Low,2013,Qtr 3,September,16,1,Office Supplies,Small Box,Brown Kraft Recycled Envelopes,Envelopes,-69.0552,WEST,235.35,2013,Qtr 3,September,18,Regular Air,12.39,California,16.98,1
Hialeah,2873,Benjamin Gunter,Home Office,0.05,Sam,Low,2012,Qtr 4,December,8,1,Office Supplies,Small Box,Tripp Lite Isotel 6 Outlet Surge Protector with Fax/Modem Protection,Appliances,8.225999999999999,SOUTH,858.94,2012,Qtr 4,December,10,Express Air,4.5,Florida,60.97,1
Hialeah,2873,Benjamin Gunter,Home Office,0.09,Sam,Low,2012,Qtr 4,December,8,1,Technology,Small Box,6000,Telephones and Communication,135.978,SOUTH,989.22,2012,Qtr 4,December,9,Regular Air,2.5,Florida,65.99,1
Hialeah,2873,Benjamin Gunter,Small Business,0,Sam,Low,2010,Qtr 1,January,22,1,Furniture,Jumbo Box,"Chromcraft Bull-Nose Wood Round Conference Table Top, Wood Base",Tables,394.17,SOUTH,2273.1,2010,Qtr 1,January,23,Delivery Truck,29.1,Florida,217.85,1
Hialeah,2873,Benjamin Gunter,Small Business,0.07,Sam,Low,2010,Qtr 1,January,22,1,Office Supplies,Small Box,Avery 498,Labels,441.594,SOUTH,33.02,2010,Qtr 1,January,24,Regular Air,0.5,Florida,2.89,1
Hialeah,2873,Benjamin Gunter,Small Business,0.07,Sam,Low,2012,Qtr 4,December,20,1,Office Supplies,Small Box,Avery 516,Labels,19.482,SOUTH,35.01,2012,Qtr 4,December,22,Regular Air,0.5,Florida,7.31,1
Hialeah,2918,Larry Brock,Home Office,0.02,Sam,Low,2011,Qtr 3,August,7,1,Furniture,Small Box,"Seth Thomas 8 1/2"" Cubicle Clock",Office Furnishings,563.8019999999999,SOUTH,475.21,2011,Qtr 3,August,8,Regular Air,6.68,Florida,20.28,1
Hialeah,2918,Larry Brock,Home Office,0.1,Sam,Low,2013,Qtr 4,December,17,1,Office Supplies,Small Box,GBC Imprintable Covers,Binders and Binder Accessories,-236.13799999999998,SOUTH,151.99,2013,Qtr 4,December,19,Regular Air,5.14,Florida,10.98,1
Hicksville,1824,Bobby Dorsey,Corporate,0.09,Erin,Low,2011,Qtr 1,January,10,1,Office Supplies,Large Box,Tennsco Commercial Shelving,Storage & Organization,-241.61399999999998,EAST,48.5,2011,Qtr 1,January,15,Regular Air,35,New York,20.34,1
Hicksville,1824,Bobby Dorsey,Corporate,0,Erin,Low,2012,Qtr 4,December,11,1,Furniture,Small Box,"Eldon® 300 Class™ Desk Accessories, Black",Office Furnishings,-32.025,EAST,73.35,2012,Qtr 4,December,13,Regular Air,5.32,New York,4.95,1
Hicksville,1824,Bobby Dorsey,Corporate,0,Erin,Low,2013,Qtr 3,August,2,1,Technology,Small Pack,"Imation Printable White 80 Minute CD-R Spindle, 50/Pack",Computer Peripherals,692.2011,EAST,1003.19,2013,Qtr 3,August,4,Regular Air,1.99,New York,40.98,1
Hicksville,1824,Bobby Dorsey,Corporate,0.09,Erin,Medium,2011,Qtr 1,January,10,1,Furniture,Jumbo Drum,Global Troy™ Executive Leather Low-Back Tilter,Chairs & Chairmats,3850.2758999999996,EAST,5580.11,2011,Qtr 1,January,10,Delivery Truck,26,New York,500.98,1
Hicksville,1824,Bobby Dorsey,Corporate,0.08,Erin,Medium,2012,Qtr 4,December,11,1,Technology,Small Box,Gyration Ultra Professional Cordless Optical Suite,Computer Peripherals,4539.4824,EAST,6578.96,2012,Qtr 4,December,11,Regular Air,7.18,New York,300.97,1
Hillside,2494,Brooke Payne,Home Office,0.05,Erin,Low,2012,Qtr 1,January,23,1,Office Supplies,Wrap Bag,Lumber Crayons,Pens & Art Supplies,-13.615200000000002,EAST,106.28,2012,Qtr 1,January,24,Regular Air,4.82,New Jersey,9.85,1
Hoboken,1049,Craig S Fletcher,Home Office,0.08,Erin,Low,2013,Qtr 1,March,26,1,Technology,Small Pack,Accessory24,Telephones and Communication,-225.302,EAST,46.85,2013,Qtr 1,March,28,Regular Air,3.3,New Jersey,55.99,1
Hoboken,1805,Luis Henry,Corporate,0.03,Erin,Low,2013,Qtr 3,August,15,1,Office Supplies,Small Box,Xerox 216,Paper,-59.21584,EAST,111.88,2013,Qtr 3,August,16,Regular Air,7.91,New Jersey,6.48,1
Holbrook,1847,Glen Horowitz,Corporate,0.03,Erin,Low,2011,Qtr 3,July,28,1,Furniture,Jumbo Box,Bevis 36 x 72 Conference Tables,Tables,-281.22380000000004,EAST,273.82,2011,Qtr 3,July,30,Delivery Truck,51.94,New York,124.49,1
Holbrook,1847,Glen Horowitz,Home Office,0.06,Erin,Low,2012,Qtr 2,May,24,1,Office Supplies,Wrap Bag,Newell 314,Pens & Art Supplies,18.27,EAST,47.47,2012,Qtr 2,May,25,Regular Air,0.7,New York,5.58,1
Holbrook,1847,Glen Horowitz,Home Office,0.05,Erin,Low,2012,Qtr 2,May,24,1,Office Supplies,Wrap Bag,Prismacolor Color Pencil Set,Pens & Art Supplies,-8.97,EAST,23.7,2012,Qtr 2,May,26,Regular Air,4.1,New York,19.84,1
Holbrook,1847,Glen Horowitz,Home Office,0.04,Erin,Low,2013,Qtr 2,June,19,1,Office Supplies,Large Box,"Tennsco Snap-Together Open Shelving Units, Starter Sets and Add-On Units",Storage & Organization,205.56,EAST,3640.81,2013,Qtr 2,June,21,Regular Air,35,New York,279.48,1
Holbrook,1847,Glen Horowitz,Home Office,0.1,Erin,Low,2013,Qtr 2,June,19,1,Technology,Small Box,R280,Telephones and Communication,42.778800000000004,EAST,744.64,2013,Qtr 2,June,20,Regular Air,8.99,New York,155.99,1
Holbrook,1847,Glen Horowitz,Home Office,0.05,Erin,Low,2013,Qtr 4,October,17,1,Furniture,Small Pack,Ultra Door Pull Handle,Office Furnishings,-89.9,EAST,173.59,2013,Qtr 4,October,19,Regular Air,7.94,New York,10.52,1
Hollywood,2919,Debra Simon,Home Office,0.05,Sam,Low,2013,Qtr 4,December,7,1,Technology,Jumbo Drum,Epson LQ-870 Dot Matrix Printer,Office Machines,226.686,SOUTH,534.3,2013,Qtr 4,December,9,Delivery Truck,14.7,Florida,535.64,1
Hollywood,2968,Miriam Bowman,Small Business,0.04,Sam,Low,2010,Qtr 3,August,22,1,Furniture,Jumbo Box,"Iceberg OfficeWorks 42"" Round Tables",Tables,-125.86000000000001,SOUTH,731.38,2010,Qtr 3,August,23,Delivery Truck,16.01,Florida,150.98,1
Hollywood,2968,Miriam Bowman,Small Business,0.08,Sam,Low,2010,Qtr 3,August,22,1,Office Supplies,Wrap Bag,"Wirebound Service Call Books, 5 1/2"" x 4""",Paper,-536.242,SOUTH,10.94,2010,Qtr 3,August,24,Regular Air,2.03,Florida,9.68,1
Hollywood,2968,Miriam Bowman,Small Business,0.06,Sam,Low,2010,Qtr 3,September,28,1,Office Supplies,Small Box,Hoover WindTunnel™ Plus Canister Vacuum,Appliances,36.1641,SOUTH,344.87,2010,Qtr 3,September,30,Regular Air,19.99,Florida,363.25,1
Hollywood,2968,Miriam Bowman,Small Business,0.02,Sam,Low,2011,Qtr 4,November,29,1,Office Supplies,Small Box,Surelock™ Post Binders,Binders and Binder Accessories,-21.1715,SOUTH,94.34,2011,Qtr 4,November,30,Regular Air,2.99,Florida,30.56,1
Hollywood,2968,Miriam Bowman,Small Business,0.04,Sam,Low,2011,Qtr 4,November,29,1,Technology,Medium Box,"Sharp EL501VB Scientific Calculator, Battery Operated, 10-Digit Display, Hard Case",Office Machines,-40.334,SOUTH,24.53,2011,Qtr 4,December,1,Regular Air,5.76,Florida,9.49,1
Hollywood,2968,Miriam Bowman,Small Business,0.04,Sam,Low,2013,Qtr 4,November,29,1,Furniture,Jumbo Drum,"Metal Folding Chairs, Beige, 4/Carton",Chairs & Chairmats,144.69,SOUTH,504.88,2013,Qtr 4,November,30,Delivery Truck,19.19,Florida,33.94,1
Homestead,2969,Cameron Clapp,Small Business,0.02,Sam,Low,2013,Qtr 1,January,28,1,Technology,Small Box,Fellowes EZ Multi-Media Keyboard,Computer Peripherals,1352.4959999999999,SOUTH,449.88,2013,Qtr 1,January,30,Express Air,7.53,Florida,34.98,1
Homestead,2969,Cameron Clapp,Small Business,0.01,Sam,Low,2013,Qtr 1,January,28,1,Technology,Small Pack,"Maxell 3.5"" DS/HD IBM-Formatted Diskettes, 10/Pack",Computer Peripherals,97.16999999999999,SOUTH,60.02,2013,Qtr 1,January,29,Regular Air,4.93,Florida,4.89,1
Homestead,2969,Cameron Clapp,Small Business,0.04,Sam,Low,2013,Qtr 1,March,28,1,Furniture,Jumbo Drum,Hon 4700 Series Mobuis™ Mid-Back Task Chairs with Adjustable Arms,Chairs & Chairmats,-1581.944,SOUTH,2776.98,2013,Qtr 1,March,29,Delivery Truck,58.92,Florida,355.98,1
Homestead,2969,Cameron Clapp,Small Business,0.06,Sam,Low,2013,Qtr 1,March,28,1,Furniture,Large Box,Telescoping Adjustable Floor Lamp,Office Furnishings,-1124.9279999999999,SOUTH,23.83,2013,Qtr 1,March,31,Regular Air,11.17,Florida,19.99,1
Hopatcong,1201,Dianne Kaufman,Small Business,0.05,Erin,Low,2013,Qtr 2,May,27,1,Furniture,Jumbo Drum,Hon 4070 Series Pagoda™ Round Back Stacking Chairs,Chairs & Chairmats,-99.16000000000008,EAST,638.9,2013,Qtr 2,May,28,Delivery Truck,58.95,New Jersey,320.98,1
Hopatcong,2326,Chris Justice,Small Business,0.08,Erin,Low,2011,Qtr 2,May,13,1,Technology,Small Box,i600,Telephones and Communication,133.452,EAST,638.44,2011,Qtr 2,May,16,Regular Air,5.99,New Jersey,125.99,1
Huntington Beach,1186,Glenda Herbert,Consumer,0.07,William,Low,2010,Qtr 2,April,9,1,Technology,Jumbo Box,Hewlett-Packard Deskjet 1220Cse Color Inkjet Printer,Office Machines,2581.5590999999995,WEST,3741.39,2010,Qtr 2,April,10,Delivery Truck,48.26,California,400.97,1
Huntington Beach,1186,Glenda Herbert,Consumer,0.03,William,Low,2013,Qtr 2,April,11,1,Office Supplies,Small Box,Surelock™ Post Binders,Binders and Binder Accessories,227.24459999999996,WEST,329.34,2013,Qtr 2,April,11,Regular Air,2.99,California,30.56,1
Huntington Beach,1189,Dwight Stephenson,Consumer,0.03,William,Low,2010,Qtr 2,June,17,1,Furniture,Small Box,"Eldon Expressions Punched Metal & Wood Desk Accessories, Pewter & Cherry",Office Furnishings,17.376,WEST,177.01,2010,Qtr 2,June,22,Regular Air,5.16,California,10.64,1
Huntington Beach,1189,Dwight Stephenson,Consumer,0.03,William,Low,2010,Qtr 2,June,17,1,Furniture,Small Box,Staples Plastic Wall Frames,Office Furnishings,24.260399999999997,WEST,35.16,2010,Qtr 2,June,19,Regular Air,4.95,California,7.96,1
Huntington Beach,1189,Dwight Stephenson,Consumer,0.06,William,Low,2010,Qtr 2,June,17,1,Office Supplies,Small Box,Belkin 6 Outlet Metallic Surge Strip,Appliances,-25.112000000000002,WEST,149.32,2010,Qtr 2,June,22,Regular Air,4.5,California,10.89,1
Huntington Beach,1189,Dwight Stephenson,Consumer,0.05,William,Low,2012,Qtr 3,September,3,1,Office Supplies,Small Box,Durable Pressboard Binders,Binders and Binder Accessories,-1.2994999999999999,WEST,11.58,2012,Qtr 3,September,5,Regular Air,1.49,California,3.8,1
Huntington Beach,1189,Dwight Stephenson,Small Business,0.06,William,Low,2011,Qtr 2,May,5,1,Office Supplies,Small Box,Staples Brown Kraft Recycled Clasp Envelopes,Envelopes,-28.83,WEST,29.95,2011,Qtr 2,May,6,Regular Air,5.3,California,5.58,1
Immokalee,1194,Sidney Brewer,Small Business,0.03,Sam,Low,2010,Qtr 4,November,1,1,Office Supplies,Small Box,Avery Hanging File Binders,Binders and Binder Accessories,20.495999999999995,SOUTH,127.94,2010,Qtr 4,November,3,Regular Air,1.49,Florida,5.98,1
Immokalee,1194,Sidney Brewer,Small Business,0.03,Sam,Low,2011,Qtr 2,June,8,1,Office Supplies,Small Box,Acco 3-Hole Punch,Binders and Binder Accessories,-27.37,SOUTH,33.34,2011,Qtr 2,June,9,Regular Air,6.21,Florida,4.38,1
Immokalee,1194,Sidney Brewer,Small Business,0.05,Sam,Low,2011,Qtr 2,June,8,1,Office Supplies,Small Box,GBC VeloBinder Electric Binding Machine,Binders and Binder Accessories,-146.09,SOUTH,717.17,2011,Qtr 2,June,9,Regular Air,9.07,Florida,120.98,1
Immokalee,1194,Sidney Brewer,Small Business,0.04,Sam,Low,2011,Qtr 2,June,8,1,Office Supplies,Small Box,"Wilson Jones 1"" Hanging DublLock® Ring Binders",Binders and Binder Accessories,218.538,SOUTH,49.48,2011,Qtr 2,June,8,Regular Air,2.99,Florida,5.28,1
Immokalee,1194,Sidney Brewer,Small Business,0.06,Sam,Low,2013,Qtr 2,April,12,1,Office Supplies,Small Box,Ames Color-File® Green Diamond Border X-ray Mailers,Envelopes,-78.568,SOUTH,1004.13,2013,Qtr 2,April,12,Regular Air,5.01,Florida,83.98,1
Inglewood,1190,Judith Jacobs,Consumer,0.1,William,Low,2011,Qtr 1,March,22,1,Technology,Small Box,"Fellowes Basic 104-Key Keyboard, Platinum",Computer Peripherals,-71.55,WEST,184.77,2011,Qtr 1,March,24,Regular Air,5.99,California,20.95,1
Inglewood,1190,Judith Jacobs,Consumer,0.02,William,Low,2013,Qtr 1,March,22,1,Office Supplies,Wrap Bag,"Black Print Carbonless Snap-Off® Rapid Letter, 8 1/2"" x 7""",Paper,-2.82,WEST,9.65,2013,Qtr 1,March,24,Regular Air,2.15,California,9.11,1
Inglewood,1190,Judith Jacobs,Small Business,0.1,William,Low,2011,Qtr 1,January,10,1,Office Supplies,Small Box,Xerox 1898,Paper,-58.28,WEST,19.77,2011,Qtr 1,January,12,Regular Air,6.92,California,6.68,1
Inglewood,1190,Judith Jacobs,Small Business,0.02,William,Low,2013,Qtr 1,January,10,1,Office Supplies,Small Box,Avery 508,Labels,29.8839,WEST,43.31,2013,Qtr 1,January,12,Regular Air,0.5,California,4.91,1
Inglewood,1208,Michele Morrow Marsh,Home Office,0.06,William,Low,2011,Qtr 2,April,7,1,Office Supplies,Small Box,Xerox 200,Paper,-27.78,WEST,14.2,2011,Qtr 2,April,8,Regular Air,6.35,California,6.48,1
Inglewood,1208,Michele Morrow Marsh,Home Office,0.04,William,Low,2011,Qtr 2,April,10,1,Office Supplies,Wrap Bag,Newell 323,Pens & Art Supplies,-37.76,WEST,19.37,2011,Qtr 2,April,12,Express Air,1.57,California,1.68,1
Inglewood,1208,Michele Morrow Marsh,Home Office,0.02,William,Low,2013,Qtr 3,September,28,1,Office Supplies,Wrap Bag,Sterling Rubber Bands by Alliance,Rubber Bands,-2.9716,WEST,73.75,2013,Qtr 3,September,29,Regular Air,0.7,California,4.71,1
Irvington,318,Timothy Barker,Corporate,0.04,Erin,Low,2012,Qtr 4,November,24,1,Technology,Small Box,Logitech Cordless Access Keyboard,Computer Peripherals,56.51800000000001,EAST,374.38,2012,Qtr 4,November,25,Regular Air,5.5,New Jersey,29.99,1
Irvington,415,Jimmy Woodward,Consumer,0.09,Erin,Low,2011,Qtr 2,May,14,1,Technology,Small Box,"IBM Numeric Access II Keypad, 17-Key, Black",Computer Peripherals,-213.18,EAST,296.34,2011,Qtr 2,May,15,Regular Air,9.02,New Jersey,35.77,1
Iselin,74,Mark Manning,Small Business,0.09,Erin,Low,2012,Qtr 4,December,10,1,Office Supplies,Medium Box,Holmes HEPA Air Purifier,Appliances,23.009999999999998,EAST,147.26,2012,Qtr 4,December,12,Regular Air,5.94,New Jersey,21.78,1
Iselin,2604,Gina Curry,Corporate,0.01,Erin,Low,2010,Qtr 4,October,5,1,Technology,Jumbo Drum,Panasonic KX-P3200 Dot Matrix Printer,Office Machines,-338.180832,EAST,945.36,2010,Qtr 4,October,6,Delivery Truck,18.06,New Jersey,297.48,1
Ithaca,2081,Matthew Conway,Corporate,0.09,Erin,Low,2010,Qtr 3,July,3,1,Office Supplies,Wrap Bag,Binder Clips by OIC,Rubber Bands,1.68,EAST,8.95,2010,Qtr 3,July,5,Regular Air,0.7,New York,1.48,1
Ithaca,2081,Matthew Conway,Corporate,0.01,Erin,Low,2012,Qtr 4,December,17,1,Office Supplies,Small Box,Xerox 1922,Paper,-9.275,EAST,14.17,2012,Qtr 4,December,26,Regular Air,7.44,New York,4.98,1
Ithaca,2081,Matthew Conway,Corporate,0.01,Erin,Low,2012,Qtr 4,December,17,1,Technology,Small Box,StarTAC Series,Telephones and Communication,-73.942,EAST,231.62,2012,Qtr 4,December,17,Express Air,3.9,New York,65.99,1
Ithaca,2081,Matthew Conway,Corporate,0.06,Erin,Low,2013,Qtr 2,April,27,1,Office Supplies,Wrap Bag,Newell 326,Pens & Art Supplies,0.62,EAST,16.27,2013,Qtr 2,May,2,Regular Air,0.7,New York,1.76,1
Ithaca,2081,Matthew Conway,Corporate,0,Erin,Low,2013,Qtr 4,October,18,1,Furniture,Jumbo Box,Hon 4-Shelf Metal Bookcases,Bookcases,151.09,EAST,1053.89,2013,Qtr 4,October,19,Delivery Truck,26.22,New York,100.98,1
Ithaca,2081,Matthew Conway,Home Office,0.1,Erin,Low,2013,Qtr 4,October,18,1,Office Supplies,Small Box,Avery 508,Labels,31.4088,EAST,45.52,2013,Qtr 4,October,25,Regular Air,0.5,New York,4.91,1
Ithaca,2195,Lori Hirsch,Small Business,0.05,Erin,Low,2012,Qtr 4,December,24,1,Furniture,Small Box,"Eldon Expressions Punched Metal & Wood Desk Accessories, Pewter & Cherry",Office Furnishings,-14.7,EAST,255.28,2012,Qtr 4,December,25,Regular Air,5.16,New York,10.64,1
Ithaca,2195,Lori Hirsch,Small Business,0.05,Erin,Low,2012,Qtr 4,December,24,1,Furniture,Small Box,"Seth Thomas 8 1/2"" Cubicle Clock",Office Furnishings,134.38439999999997,EAST,194.76,2012,Qtr 4,December,25,Express Air,6.68,New York,20.28,1
Jacksonville,2970,Francis Burch,Small Business,0.07,Sam,Low,2012,Qtr 3,September,30,1,Technology,Small Box,M3682,Telephones and Communication,-99.19,SOUTH,844.57,2012,Qtr 4,October,2,Regular Air,8.08,Florida,125.99,1
Jacksonville,2970,Francis Burch,Small Business,0.08,Sam,Low,2012,Qtr 3,September,30,1,Technology,Small Pack,"Imation 3.5"" Diskettes, IBM Format, DS/HD, 10/Box, Neon",Computer Peripherals,-43.861999999999995,SOUTH,399.92,2012,Qtr 4,October,2,Regular Air,3.6,Florida,31.11,1
Jacksonville,3176,Jackie McCullough,Consumer,0.06,Sam,Low,2010,Qtr 4,November,4,1,Technology,Small Box,Micro Innovations 104 Keyboard,Computer Peripherals,65.598,SOUTH,215.25,2010,Qtr 4,November,6,Regular Air,6.5,Florida,10.97,1
Jacksonville,3176,Jackie McCullough,Consumer,0.02,Sam,Low,2010,Qtr 4,December,25,1,Furniture,Jumbo Box,O'Sullivan 3-Shelf Heavy-Duty Bookcases,Bookcases,0.258,SOUTH,1358.02,2011,Qtr 1,January,1,Delivery Truck,36.61,Florida,58.14,1
Jacksonville,3176,Jackie McCullough,Consumer,0.03,Sam,Low,2010,Qtr 4,December,25,1,Office Supplies,Small Box,Park Ridge™ Embossed Executive Business Envelopes,Envelopes,63.222,SOUTH,358.84,2011,Qtr 1,January,1,Regular Air,1.39,Florida,15.57,1
Jacksonville,3176,Jackie McCullough,Consumer,0.1,Sam,Low,2011,Qtr 3,September,17,1,Technology,Small Pack,"Memorex 4.7GB DVD-RAM, 3/Pack",Computer Peripherals,-14.532,SOUTH,353.52,2011,Qtr 3,September,19,Regular Air,1.99,Florida,31.78,1
Jacksonville,3176,Jackie McCullough,Consumer,0.04,Sam,Low,2013,Qtr 4,December,16,1,Office Supplies,Small Box,Xerox 1895,Paper,-42.756,SOUTH,102.11,2013,Qtr 4,December,17,Express Air,10.39,Florida,5.98,1
Jamestown,2196,Gene Heath Cross,Small Business,0.1,Erin,Low,2010,Qtr 4,October,7,1,Office Supplies,Small Box,"Fellowes Strictly Business® Drawer File, Letter/Legal Size",Storage & Organization,9.9912,EAST,2465.75,2010,Qtr 4,October,9,Regular Air,19.99,New York,140.85,1
Jamestown,2196,Gene Heath Cross,Small Business,0.03,Erin,Low,2010,Qtr 4,October,7,1,Technology,Small Box,Belkin MediaBoard 104- Keyboard,Computer Peripherals,-88.8408,EAST,294.97,2010,Qtr 4,October,8,Regular Air,4,New York,27.48,1
Jamestown,2196,Gene Heath Cross,Small Business,0.1,Erin,Low,2010,Qtr 4,October,7,1,Technology,Small Box,Motorola SB4200 Cable Modem,Computer Peripherals,1208.9904,EAST,2458.05,2010,Qtr 4,October,8,Regular Air,19.99,New York,179.99,1
Jamestown,2196,Gene Heath Cross,Small Business,0.07,Erin,Low,2011,Qtr 1,March,5,1,Office Supplies,Small Box,Xerox 19,Paper,81.24749999999999,EAST,117.75,2011,Qtr 1,March,6,Regular Air,5.09,New York,30.98,1
Jamestown,2196,Gene Heath Cross,Small Business,0.06,Erin,Low,2012,Qtr 2,May,8,1,Office Supplies,Small Box,#6 3/4 Gummed Flap White Envelopes,Envelopes,62.21039999999999,EAST,90.16,2012,Qtr 2,May,9,Regular Air,1.39,New York,9.9,1
Jamestown,2196,Gene Heath Cross,Small Business,0,Erin,Low,2013,Qtr 2,June,8,1,Office Supplies,Small Box,Filing/Storage Totes and Swivel Casters,Storage & Organization,-146.01600000000002,EAST,120.18,2013,Qtr 2,June,9,Regular Air,9.45,New York,9.71,1
Jersey City,1275,Vanessa Bowers,Corporate,0.1,Erin,Low,2013,Qtr 4,December,9,1,Office Supplies,Small Box,Durable Pressboard Binders,Binders and Binder Accessories,30.423744,EAST,49.77,2013,Qtr 4,December,11,Express Air,1.49,New Jersey,3.8,1
Jersey City,1334,Lorraine O'Donnell,Small Business,0.08,Erin,Low,2012,Qtr 3,July,27,1,Office Supplies,Large Box,"SAFCO Commercial Wire Shelving, Black",Storage & Organization,-524.74,EAST,673.36,2012,Qtr 3,July,29,Regular Air,35,New Jersey,138.14,1
Jupiter,3177,Laurie Petty,Consumer,0.1,Sam,Low,2010,Qtr 1,March,14,1,Furniture,Medium Box,Deflect-o Glass Clear Studded Chair Mats,Office Furnishings,-29.666000000000004,SOUTH,511.57,2010,Qtr 1,March,16,Regular Air,10.84,Florida,62.18,1
Jupiter,3177,Laurie Petty,Consumer,0.06,Sam,Low,2010,Qtr 1,March,31,1,Office Supplies,Wrap Bag,Prang Dustless Chalk Sticks,Pens & Art Supplies,-1319.5,SOUTH,8.65,2010,Qtr 2,April,2,Regular Air,1,Florida,1.68,1
Jupiter,3177,Laurie Petty,Consumer,0.05,Sam,Low,2013,Qtr 1,January,21,1,Office Supplies,Wrap Bag,4009® Highlighters by Sanford,Pens & Art Supplies,-621.796,SOUTH,41.03,2013,Qtr 1,January,25,Regular Air,0.7,Florida,3.98,1
Jupiter,3177,Laurie Petty,Consumer,0.09,Sam,Low,2013,Qtr 3,August,29,1,Technology,Medium Box,TI 36X Solar Scientific Calculator,Office Machines,12.258,SOUTH,515.37,2013,Qtr 3,August,31,Regular Air,6.3,Florida,23.99,1
Jupiter,3282,Josephine Foley,Consumer,0.07,Sam,Low,2012,Qtr 2,June,24,1,Office Supplies,Small Box,Xerox Blank Computer Paper,Paper,-208.418,SOUTH,343.51,2012,Qtr 2,June,26,Regular Air,5.77,Florida,19.98,1
Jupiter,3282,Josephine Foley,Consumer,0.01,Sam,Low,2012,Qtr 2,June,24,1,Office Supplies,Small Pack,Panasonic KP-350BK Electric Pencil Sharpener with Auto Stop,Pens & Art Supplies,-8.946,SOUTH,686.68,2012,Qtr 2,June,25,Regular Air,8.99,Florida,34.58,1
Kearny,422,Gretchen Zimmerman,Small Business,0.08,Erin,Low,2013,Qtr 4,October,10,1,Office Supplies,Wrap Bag,Newell 339,Pens & Art Supplies,-4.44,EAST,3.17,2013,Qtr 4,October,14,Regular Air,0.97,New Jersey,2.78,1
Kendall,3283,William Woodard,Corporate,0.05,Sam,Low,2010,Qtr 2,April,21,1,Office Supplies,Small Box,Hoover WindTunnel™ Plus Canister Vacuum,Appliances,-269.7555,SOUTH,1867.04,2010,Qtr 2,April,21,Express Air,19.99,Florida,363.25,1
Kendall,3283,William Woodard,Corporate,0.03,Sam,Low,2010,Qtr 4,November,10,1,Technology,Small Pack,"Maxell Pro 80 Minute CD-R, 10/Pack",Computer Peripherals,710.8073999999999,SOUTH,537.8,2010,Qtr 4,November,11,Regular Air,1.99,Florida,17.48,1
Kendall,3283,William Woodard,Corporate,0.05,Sam,Low,2012,Qtr 4,October,26,1,Office Supplies,Small Box,Smead Alpha-Z Color-Coded Name Labels First Letter Starter Set,Labels,-75.95,SOUTH,35.62,2012,Qtr 4,October,29,Regular Air,7.5,Florida,3.75,1
Kendall,3283,William Woodard,Corporate,0.06,Sam,Low,2013,Qtr 2,April,21,1,Furniture,Wrap Bag,"Master Giant Foot® Doorstop, Safety Yellow",Office Furnishings,-5.1520000000000294,SOUTH,37.22,2013,Qtr 2,April,21,Express Air,4,Florida,7.59,1
Kenmore,1888,Charlie Blalock,Corporate,0.1,Erin,Low,2013,Qtr 2,June,29,1,Office Supplies,Small Box,Xerox 188,Paper,41.147999999999996,EAST,130.47,2013,Qtr 3,July,1,Regular Air,5.01,New York,11.34,1
Kenmore,1888,Charlie Blalock,Corporate,0.07,Erin,Low,2013,Qtr 2,June,29,1,Technology,Small Box,US Robotics 56K V.92 External Faxmodem,Computer Peripherals,537.684,EAST,1444.4,2013,Qtr 3,July,1,Regular Air,19.99,New York,99.99,1
Kenmore,1888,Charlie Blalock,Home Office,0.02,Erin,Low,2012,Qtr 4,October,1,1,Furniture,Jumbo Box,"Chromcraft 48"" x 96"" Racetrack Double Pedestal Table",Tables,-836.8819430400001,EAST,3383.43,2012,Qtr 4,October,3,Delivery Truck,43.57,New York,320.64,1
Kingman,355,Grace Vaughn,Home Office,0.05,William,High,2011,Qtr 4,November,26,1,Technology,Jumbo Drum,"Hewlett-Packard cp1700 [D, PS] Series Color Inkjet Printers",Office Machines,8917.7187,WEST,12924.23,2011,Qtr 4,November,27,Delivery Truck,28.14,Arizona,500.98,1
Kingman,355,Grace Vaughn,Home Office,0.07,William,Low,2013,Qtr 4,November,12,1,Office Supplies,Small Pack,Kleencut® Forged Office Shears by Acme United Corporation,"Scissors, Rulers and Trimmers",38.34032000000002,WEST,92.52,2013,Qtr 4,November,13,Regular Air,2.56,Arizona,2.08,1
Kingman,357,Barbara McNamara,Corporate,0.07,William,Low,2010,Qtr 4,November,24,1,Furniture,Jumbo Box,Bevis 36 x 72 Conference Tables,Tables,74.99200000000008,WEST,1714.93,2010,Qtr 4,November,25,Delivery Truck,51.94,Arizona,124.49,1
Kingman,357,Barbara McNamara,Corporate,0.04,William,Low,2011,Qtr 3,July,3,1,Office Supplies,Large Box,Carina Double Wide Media Storage Towers in Natural & Black,Storage & Organization,-921.68,WEST,874.4,2011,Qtr 3,July,4,Regular Air,35,Arizona,80.98,1
Kingman,357,Barbara McNamara,Corporate,0.06,William,Low,2011,Qtr 3,July,3,1,Office Supplies,Wrap Bag,Bagged Rubber Bands,Rubber Bands,-2.73,WEST,1.62,2011,Qtr 3,July,4,Regular Air,0.7,Arizona,1.26,1
Kingman,357,Barbara McNamara,Corporate,0.07,William,Low,2011,Qtr 3,July,3,1,Technology,Small Box,8860,Telephones and Communication,-204.93,WEST,106.65,2011,Qtr 3,July,3,Regular Air,5.26,Arizona,65.99,1
Kingman,357,Barbara McNamara,Corporate,0.06,William,Low,2012,Qtr 4,November,18,1,Technology,Small Pack,"Verbatim DVD-R, 3.95GB, SR, Mitsubishi Branded, Jewel",Computer Peripherals,239.42309999999998,WEST,346.99,2012,Qtr 4,November,20,Express Air,1.99,Arizona,22.24,1
Kingman,357,Barbara McNamara,Corporate,0.08,William,Low,2013,Qtr 3,August,26,1,Office Supplies,Large Box,"Carina Mini System Audio Rack, Model AR050B",Storage & Organization,-154.89568000000003,WEST,550.37,2013,Qtr 3,August,28,Regular Air,35,Arizona,110.98,1
Kissimmee,3284,Michael Shaffer,Consumer,0.1,Sam,Low,2012,Qtr 1,March,12,1,Office Supplies,Small Box,Fellowes PB300 Plastic Comb Binding Machine,Binders and Binder Accessories,179.59799999999998,SOUTH,2262.76,2012,Qtr 1,March,14,Regular Air,19.99,Florida,387.99,1
Kissimmee,3284,Michael Shaffer,Consumer,0.03,Sam,Low,2012,Qtr 3,August,24,1,Office Supplies,Small Box,Smead Alpha-Z Color-Coded Name Labels First Letter Starter Set,Labels,155.1744,SOUTH,83.78,2012,Qtr 3,August,26,Regular Air,7.5,Florida,3.75,1
Kissimmee,3284,Michael Shaffer,Consumer,0.01,Sam,Low,2013,Qtr 2,June,10,1,Furniture,Jumbo Box,Bevis Rectangular Conference Tables,Tables,176.52599999999998,SOUTH,166.16,2013,Qtr 2,June,12,Delivery Truck,51.92,Florida,145.98,1
Kissimmee,3284,Michael Shaffer,Consumer,0.01,Sam,Low,2013,Qtr 2,June,10,1,Office Supplies,Small Box,"Staples #10 Laser & Inkjet Envelopes, 4 1/8"" x 9 1/2"", 100/Box",Envelopes,661.1400000000001,SOUTH,11.89,2013,Qtr 2,June,11,Regular Air,5.76,Florida,9.78,1
Kissimmee,3284,Michael Shaffer,Consumer,0.04,Sam,Low,2013,Qtr 2,June,10,1,Office Supplies,Small Pack,Boston 1730 StandUp Electric Pencil Sharpener,Pens & Art Supplies,-606.6062002000001,SOUTH,85.37,2013,Qtr 2,June,12,Regular Air,8.99,Florida,21.38,1
Kissimmee,3284,Michael Shaffer,Corporate,0.05,Sam,Low,2010,Qtr 1,February,20,1,Furniture,Small Pack,"Executive Impressions 13"" Clairmont Wall Clock",Office Furnishings,-2133.2780000000002,SOUTH,119.78,2010,Qtr 1,February,22,Express Air,6.15,Florida,19.23,1
Kissimmee,3302,Cathy Hutchinson,Home Office,0.05,Sam,Low,2012,Qtr 4,October,16,1,Office Supplies,Jumbo Drum,Sanyo 2.5 Cubic Foot Mid-Size Office Refrigerators,Appliances,16332.413999999999,SOUTH,4158.38,2012,Qtr 4,October,18,Delivery Truck,23.19,Florida,279.81,1
Kissimmee,3302,Cathy Hutchinson,Home Office,0.02,Sam,Low,2012,Qtr 4,October,16,1,Technology,Small Box,i270,Telephones and Communication,974.2193999999998,SOUTH,1042.65,2012,Qtr 4,October,17,Regular Air,8.99,Florida,65.99,1
La Mesa,1271,Joanne Church,Corporate,0.07,William,Low,2010,Qtr 2,April,9,1,Technology,Small Box,StarTAC 3000,Telephones and Communication,588.2456999999999,WEST,852.53,2010,Qtr 2,April,10,Regular Air,7.69,California,125.99,1
La Mesa,1271,Joanne Church,Corporate,0.1,William,Low,2010,Qtr 2,May,1,1,Furniture,Small Box,Hand-Finished Solid Wood Document Frame,Office Furnishings,151.56539999999998,WEST,219.66,2010,Qtr 2,May,6,Regular Air,5.02,California,34.23,1
La Mesa,1271,Joanne Church,Corporate,0.08,William,Low,2011,Qtr 2,April,7,1,Office Supplies,Small Box,Staples Surge Protector 6 outlet,Appliances,-25.41,WEST,71.68,2011,Qtr 2,April,8,Regular Air,3.99,California,10.98,1
La Mesa,1271,Joanne Church,Corporate,0.05,William,Low,2011,Qtr 4,November,25,1,Technology,Small Box,Keytronic French Keyboard,Computer Peripherals,44.224000000000046,WEST,750.05,2011,Qtr 4,December,2,Regular Air,14.52,California,73.98,1
La Mesa,1271,Joanne Church,Corporate,0.07,William,Low,2013,Qtr 4,December,25,1,Office Supplies,Wrap Bag,Newell 336,Pens & Art Supplies,26.973440000000004,WEST,59.56,2013,Qtr 4,December,26,Regular Air,0.94,California,4.28,1
La Quinta,1536,Milton Padgett,Consumer,0.1,William,Low,2011,Qtr 4,November,6,1,Furniture,Jumbo Box,"Chromcraft 48"" x 96"" Racetrack Double Pedestal Table",Tables,553.608,WEST,1775.81,2011,Qtr 4,November,7,Delivery Truck,43.57,California,320.64,1
La Quinta,1536,Milton Padgett,Consumer,0.09,William,Low,2012,Qtr 3,September,29,1,Office Supplies,Small Box,Ibico Presentation Index for Binding Systems,Binders and Binder Accessories,-134.711,WEST,80.86,2012,Qtr 4,October,1,Regular Air,5.26,California,3.98,1
La Quinta,1536,Milton Padgett,Consumer,0.07,William,Low,2012,Qtr 3,September,29,1,Office Supplies,Wrap Bag,"While You Were Out Pads, 50 per Pad, 4 x 5 1/4, Green Cycle",Paper,24.17,WEST,51.53,2012,Qtr 3,September,30,Regular Air,1.52,California,4.73,1
La Quinta,1536,Milton Padgett,Consumer,0.07,William,Low,2013,Qtr 2,June,1,1,Office Supplies,Small Box,Avery White Multi-Purpose Labels,Labels,36.9081,WEST,53.49,2013,Qtr 2,June,2,Regular Air,0.49,California,4.98,1
La Quinta,1536,Milton Padgett,Consumer,0.05,William,Low,2013,Qtr 4,October,18,1,Technology,Jumbo Drum,"Hewlett-Packard cp1700 [D, PS] Series Color Inkjet Printers",Office Machines,1542,WEST,3084.04,2013,Qtr 4,October,20,Delivery Truck,28.14,California,500.98,1
La Quinta,1577,Betty Buckley,Corporate,0.1,William,Low,2013,Qtr 1,February,11,1,Furniture,Jumbo Drum,Global Deluxe Office Fabric Chairs,Chairs & Chairmats,-1335.32,WEST,1183.02,2013,Qtr 1,February,13,Delivery Truck,58.2,California,95.98,1
La Quinta,1577,Betty Buckley,Corporate,0.01,William,Low,2013,Qtr 4,October,27,1,Technology,Small Pack,"80 Minute CD-R Spindle, 100/Pack - Staples",Computer Peripherals,376.47,WEST,669.14,2013,Qtr 4,October,29,Regular Air,1.99,California,39.48,1
Laguna Hills,23,Lynn Moss,Corporate,0.05,William,Low,2011,Qtr 4,November,11,1,Furniture,Small Pack,Nu-Dell Leatherette Frames,Office Furnishings,284.52600000000007,WEST,519.23,2011,Qtr 4,November,12,Regular Air,5,California,14.34,1
Laguna Hills,23,Lynn Moss,Corporate,0,William,Low,2011,Qtr 4,November,11,1,Office Supplies,Small Box,Xerox 1979,Paper,859.2638999999999,WEST,1245.31,2011,Qtr 4,November,12,Regular Air,8.74,California,30.98,1
Laguna Hills,23,Lynn Moss,Corporate,0.07,William,Low,2012,Qtr 3,September,10,1,Office Supplies,Small Box,Xerox 1929,Paper,83.24,WEST,165.11,2012,Qtr 3,September,13,Express Air,5.47,California,22.84,1
Laguna Hills,23,Lynn Moss,Corporate,0.1,William,Low,2013,Qtr 4,November,18,1,Furniture,Jumbo Box,BPI Conference Tables,Tables,353.7721600000002,WEST,1591.71,2013,Qtr 4,November,25,Delivery Truck,80.2,California,146.05,1
Laguna Hills,1665,Elsie Pridgen,Consumer,0.1,William,Low,2010,Qtr 1,February,26,1,Office Supplies,Wrap Bag,"Telephone Message Books with Fax/Mobile Section, 4 1/4"" x 6""",Paper,-8.28,WEST,6.97,2010,Qtr 1,February,27,Regular Air,2.2,California,3.6,1
Laguna Hills,1665,Elsie Pridgen,Consumer,0.06,William,Low,2011,Qtr 1,January,23,1,Technology,Wrap Bag,Accessory34,Telephones and Communication,-13.2308,WEST,220.55,2011,Qtr 1,February,1,Regular Air,0.99,California,85.99,1
Laguna Hills,1665,Elsie Pridgen,Consumer,0.09,William,Low,2013,Qtr 1,January,3,1,Technology,Medium Box,Polycom ViewStation™ Adapter H323 Videoconferencing Unit,Office Machines,-6024.752784,WEST,1834.14,2013,Qtr 1,January,4,Regular Air,13.99,California,1938.02,1
Laguna Hills,1665,Elsie Pridgen,Consumer,0,William,Low,2013,Qtr 1,January,7,1,Office Supplies,Small Box,Avery 508,Labels,20.9346,WEST,30.34,2013,Qtr 1,January,9,Regular Air,0.5,California,4.91,1
Laguna Hills,1665,Elsie Pridgen,Consumer,0.01,William,Low,2013,Qtr 1,March,27,1,Furniture,Jumbo Box,Bush Mission Pointe Library,Bookcases,-567.14,WEST,1415.16,2013,Qtr 1,March,28,Delivery Truck,66.27,California,150.98,1
Laguna Hills,1665,Elsie Pridgen,Consumer,0.08,William,Low,2013,Qtr 4,October,22,1,Office Supplies,Small Pack,Boston 1730 StandUp Electric Pencil Sharpener,Pens & Art Supplies,-57.75,WEST,488.88,2013,Qtr 4,October,24,Regular Air,8.99,California,21.38,1
Laguna Hills,1665,Elsie Pridgen,Consumer,0,William,Low,2013,Qtr 4,December,16,1,Furniture,Jumbo Box,"Sauder Forest Hills Library, Woodland Oak Finish",Bookcases,-58.450559999999996,WEST,1214.76,2013,Qtr 4,December,17,Delivery Truck,36.09,California,140.98,1
Laguna Niguel,24,Edna Thomas,Corporate,0.06,William,Low,2010,Qtr 1,January,28,1,Office Supplies,Small Box,Xerox 194,Paper,-28.2968,WEST,67.49,2010,Qtr 1,January,29,Regular Air,14.3,California,55.48,1
Laguna Niguel,24,Edna Thomas,Corporate,0.02,William,Low,2010,Qtr 1,January,28,1,Office Supplies,Wrap Bag,Newell 323,Pens & Art Supplies,-5.3072,WEST,2.25,2010,Qtr 1,January,30,Regular Air,1.57,California,1.68,1
Laguna Niguel,24,Edna Thomas,Corporate,0.07,William,Low,2012,Qtr 1,March,2,1,Technology,Small Box,V70,Telephones and Communication,1489.8410999999999,WEST,2159.19,2012,Qtr 1,March,4,Regular Air,2.5,California,205.99,1
Laguna Niguel,24,Edna Thomas,Corporate,0.06,William,Low,2012,Qtr 4,December,19,1,Office Supplies,Small Pack,Boston 1730 StandUp Electric Pencil Sharpener,Pens & Art Supplies,-23.415,WEST,105.99,2012,Qtr 4,December,20,Regular Air,8.99,California,21.38,1
Laguna Niguel,24,Edna Thomas,Corporate,0.07,William,Low,2013,Qtr 1,January,13,1,Office Supplies,Medium Box,Harmony HEPA Quiet Air Purifiers,Appliances,-88.102,WEST,89.77,2013,Qtr 1,January,14,Regular Air,6.96,California,11.7,1
Lake Elsinore,25,Virginia Hardison,Corporate,0.05,William,Low,2012,Qtr 2,April,18,1,Office Supplies,Small Box,Xerox 1992,Paper,-10.58,WEST,7.81,2012,Qtr 2,April,20,Regular Air,5.2,California,5.98,1
Lake Elsinore,25,Virginia Hardison,Corporate,0.02,William,Low,2012,Qtr 2,April,18,1,Technology,Small Pack,"Imation 3.5"" IBM-Formatted Diskettes, 10/Pack",Computer Peripherals,-27.13,WEST,7.12,2012,Qtr 2,April,20,Regular Air,3.85,California,5.98,1
Lake Elsinore,25,Virginia Hardison,Corporate,0.06,William,Low,2013,Qtr 3,July,2,1,Office Supplies,Medium Box,3M Office Air Cleaner,Appliances,86.51776,WEST,174.54,2013,Qtr 3,July,4,Regular Air,5.37,California,25.98,1
Lake Elsinore,25,Virginia Hardison,Corporate,0.05,William,Low,2013,Qtr 3,July,2,1,Office Supplies,Small Box,"Dual Level, Single-Width Filing Carts",Storage & Organization,1268.4891,WEST,1838.39,2013,Qtr 3,July,4,Regular Air,7.07,California,155.06,1
Lake Forest,26,Marguerite Kane,Corporate,0.08,William,Low,2012,Qtr 2,June,27,1,Office Supplies,Small Box,Belkin 8 Outlet SurgeMaster II Gold Surge Protector,Appliances,420.984,WEST,619.14,2012,Qtr 2,June,29,Regular Air,3.99,California,59.98,1
Lake Forest,26,Marguerite Kane,Corporate,0,William,Low,2013,Qtr 3,September,2,1,Office Supplies,Small Box,Avery 498,Labels,19.409699999999997,WEST,28.13,2013,Qtr 3,September,3,Express Air,0.5,California,2.89,1
Lake Forest,26,Marguerite Kane,Corporate,0.09,William,Low,2013,Qtr 4,December,11,1,Office Supplies,Small Box,Avery 52,Labels,37.3704,WEST,54.16,2013,Qtr 4,December,12,Regular Air,0.5,California,3.69,1
Lake Forest,26,Marguerite Kane,Corporate,0.06,William,Low,2013,Qtr 4,December,11,1,Technology,Small Box,V 3600 Series,Telephones and Communication,-85.606752,WEST,170.67,2013,Qtr 4,December,12,Regular Air,8.99,California,65.99,1
Lake Worth,3303,Carole Creech,Home Office,0.04,Sam,Low,2010,Qtr 3,July,7,1,Office Supplies,Small Box,"File Shuttle II and Handi-File, Black",Storage & Organization,68.67599999999999,SOUTH,200.64,2010,Qtr 3,July,12,Regular Air,5.1,Florida,33.89,1
Lake Worth,3303,Carole Creech,Home Office,0,Sam,Low,2011,Qtr 2,April,29,1,Office Supplies,Wrap Bag,"Wirebound Message Books, 2 7/8"" x 5"", 3 Forms per Page",Paper,-25.9,SOUTH,36.16,2011,Qtr 2,April,30,Regular Air,2.17,Florida,7.04,1
Lake Worth,3303,Carole Creech,Home Office,0,Sam,Low,2011,Qtr 4,December,3,1,Office Supplies,Small Box,Belkin 8 Outlet SurgeMaster II Gold Surge Protector with Phone Protection,Appliances,971.7947999999999,SOUTH,1156.4,2011,Qtr 4,December,5,Regular Air,4.5,Florida,80.98,1
Lake Worth,3303,Carole Creech,Home Office,0.06,Sam,Low,2011,Qtr 4,December,3,1,Office Supplies,Wrap Bag,"Sanford EarthWrite® Recycled Pencils, Medium Soft, #2",Pens & Art Supplies,22.163999999999998,SOUTH,23.35,2011,Qtr 4,December,5,Regular Air,0.7,Florida,2.1,1
Lake Worth,3303,Carole Creech,Home Office,0.1,Sam,Low,2012,Qtr 1,March,7,1,Office Supplies,Small Box,Xerox 1940,Paper,102.78,SOUTH,461.46,2012,Qtr 1,March,12,Regular Air,10.75,Florida,54.96,1
Lake Worth,3303,Carole Creech,Home Office,0.06,Sam,Low,2013,Qtr 3,September,29,1,Office Supplies,Small Box,"Wilson Jones Ledger-Size, Piano-Hinge Binder, 2"", Blue",Binders and Binder Accessories,-162.428,SOUTH,593.38,2013,Qtr 4,October,1,Regular Air,7.47,Florida,40.98,1
Lakeland,2237,Renee Conrad,Corporate,0.01,Sam,Low,2011,Qtr 2,May,29,1,Technology,Small Box,T60,Telephones and Communication,132.954,SOUTH,1369.95,2011,Qtr 2,June,3,Regular Air,4.9,Florida,95.99,1
Lakeland,2240,Maurice Kelly,Corporate,0.01,Sam,Low,2010,Qtr 2,April,6,1,Office Supplies,Small Box,"Fellowes Personal Hanging Folder Files, Navy",Storage & Organization,-313.02180000000004,SOUTH,99.75,2010,Qtr 2,April,13,Express Air,5.5,Florida,13.43,1
Lakeland,2240,Maurice Kelly,Corporate,0.09,Sam,Low,2013,Qtr 4,December,24,1,Office Supplies,Small Box,Avery Self-Adhesive Photo Pockets for Polaroid Photos,Binders and Binder Accessories,51.864,SOUTH,29.16,2013,Qtr 4,December,26,Regular Air,5.48,Florida,6.81,1
Lakewood,27,Guy Gallagher,Corporate,0.04,William,Low,2010,Qtr 4,November,2,1,Furniture,Small Box,Eldon Image Series Black Desk Accessories,Office Furnishings,8.894000000000005,WEST,54.78,2010,Qtr 4,November,4,Regular Air,6.6,California,4.14,1
Lakewood,27,Guy Gallagher,Corporate,0.1,William,Low,2012,Qtr 3,July,12,1,Office Supplies,Small Box,Xerox 1880,Paper,-47.01,WEST,142.51,2012,Qtr 3,July,14,Regular Air,19.99,California,35.44,1
Lakewood,27,Guy Gallagher,Corporate,0.06,William,Low,2012,Qtr 3,July,12,1,Office Supplies,Small Box,Xerox 194,Paper,346.7043,WEST,502.47,2012,Qtr 3,July,17,Regular Air,14.3,California,55.48,1
Lakewood,27,Guy Gallagher,Corporate,0,William,Low,2012,Qtr 4,October,26,1,Furniture,Small Box,"6"" Cubicle Wall Clock, Black",Office Furnishings,-171.2664,WEST,204.57,2012,Qtr 4,October,26,Express Air,7.96,California,8.09,1
Lakewood,27,Guy Gallagher,Corporate,0.06,William,Low,2012,Qtr 4,October,26,1,Furniture,Wrap Bag,Coloredge Poster Frame,Office Furnishings,33.4144,WEST,161.11,2012,Qtr 4,October,28,Regular Air,5.3,California,14.2,1
Lakewood,27,Guy Gallagher,Corporate,0.01,William,Low,2013,Qtr 4,November,2,1,Technology,Small Box,SC-3160,Telephones and Communication,847.943712,WEST,1730.04,2013,Qtr 4,November,4,Regular Air,8.99,California,65.99,1
Lakewood,75,Tamara Yates,Small Business,0.06,Erin,Low,2012,Qtr 2,April,11,1,Technology,Small Box,5180,Telephones and Communication,17.253,EAST,323.34,2012,Qtr 2,April,13,Express Air,8.99,New Jersey,65.99,1
Lakewood,1276,Claude Dixon,Corporate,0.03,Erin,Low,2011,Qtr 4,November,25,1,Office Supplies,Small Box,"Fellowes Strictly Business® Drawer File, Letter/Legal Size",Storage & Organization,144.276,EAST,1771.4,2011,Qtr 4,November,27,Regular Air,19.99,New Jersey,140.85,1
Lancaster,28,Ronnie McNamara,Corporate,0.06,William,Low,2011,Qtr 1,January,22,1,Office Supplies,Wrap Bag,Newell 346,Pens & Art Supplies,-2.2072,WEST,3.41,2011,Qtr 1,January,23,Regular Air,0.7,California,2.88,1
Lancaster,28,Ronnie McNamara,Corporate,0.07,William,Low,2013,Qtr 2,April,14,1,Office Supplies,Medium Box,Holmes Harmony HEPA Air Purifier for 17 x 20 Room,Appliances,28.81,WEST,226.03,2013,Qtr 2,April,16,Regular Air,11.79,California,225.04,1
Land O Lakes,2241,Gary Hoffman,Corporate,0.08,Sam,Low,2011,Qtr 4,October,18,1,Technology,Small Box,Logitech Access Keyboard,Computer Peripherals,14.502,SOUTH,34.36,2011,Qtr 4,October,20,Regular Air,6.5,Florida,15.98,1
Land O Lakes,2241,Gary Hoffman,Corporate,0.09,Sam,Low,2012,Qtr 2,April,15,1,Office Supplies,Wrap Bag,"Sanford EarthWrite® Recycled Pencils, Medium Soft, #2",Pens & Art Supplies,493.95599999999996,SOUTH,10.05,2012,Qtr 2,April,16,Regular Air,0.7,Florida,2.1,1
Land O Lakes,2268,Carlos Adkins,Small Business,0.08,Sam,Low,2010,Qtr 2,June,3,1,Furniture,Jumbo Box,"Bevis Round Bullnose 29"" High Table Top",Tables,138.22199999999998,SOUTH,4086.5,2010,Qtr 2,June,7,Delivery Truck,66.67,Florida,259.71,1
Land O Lakes,2268,Carlos Adkins,Small Business,0.07,Sam,Low,2011,Qtr 2,May,5,1,Furniture,Jumbo Box,"Sauder Forest Hills Library, Woodland Oak Finish",Bookcases,-213.55599999999998,SOUTH,1734.17,2011,Qtr 2,May,6,Delivery Truck,36.09,Florida,140.98,1
Land O Lakes,2268,Carlos Adkins,Small Business,0.06,Sam,Low,2012,Qtr 3,July,27,1,Office Supplies,Wrap Bag,"Ampad® Evidence® Wirebond Steno Books, 6"" x 9""",Paper,-143.15,SOUTH,12.98,2012,Qtr 3,July,30,Regular Air,7.09,Florida,2.18,1
Land O Lakes,2268,Carlos Adkins,Small Business,0,Sam,Low,2013,Qtr 3,July,11,1,Office Supplies,Small Box,"Tyvek Interoffice Envelopes, 9 1/2"" x 12 1/2"", 100/Box",Envelopes,142.4844,SOUTH,138.49,2013,Qtr 3,July,12,Regular Air,19.99,Florida,60.98,1
Lawndale,29,Elizabeth Walker,Corporate,0.08,William,Low,2011,Qtr 1,January,30,1,Technology,Small Box,StarTAC Series,Telephones and Communication,-120.52304,WEST,164.1,2011,Qtr 1,February,1,Regular Air,3.9,California,65.99,1
Lawndale,29,Elizabeth Walker,Corporate,0.08,William,Low,2013,Qtr 1,January,30,1,Office Supplies,Small Box,Avery 481,Labels,-1.6864000000000001,WEST,3.85,2013,Qtr 1,January,31,Regular Air,0.99,California,3.08,1
Lawndale,310,Florence Clayton,Consumer,0,William,Low,2011,Qtr 2,May,11,1,Office Supplies,Small Box,GBC DocuBind 200 Manual Binding Machine,Binders and Binder Accessories,416.0155,WEST,867.22,2011,Qtr 2,May,13,Regular Air,19.99,California,420.98,1
Lawndale,310,Florence Clayton,Consumer,0.02,William,Low,2011,Qtr 2,May,11,1,Office Supplies,Small Box,Xerox 1993,Paper,-238.45,WEST,110.21,2011,Qtr 2,May,12,Regular Air,9.68,California,6.48,1
Lawndale,310,Florence Clayton,Consumer,0.09,William,Low,2012,Qtr 2,May,14,1,Office Supplies,Small Box,GBC VeloBinder Strips,Binders and Binder Accessories,-56.1085,WEST,67.1,2012,Qtr 2,May,15,Regular Air,6.16,California,7.68,1
Lawndale,310,Florence Clayton,Consumer,0.09,William,Low,2012,Qtr 3,August,20,1,Technology,Medium Box,Canon F603 Scientific Calculator,Office Machines,-8.419164,WEST,78.82,2012,Qtr 3,August,27,Express Air,6.24,California,9.99,1
Lawndale,310,Florence Clayton,Consumer,0.03,William,Low,2012,Qtr 4,November,10,1,Furniture,Small Pack,Magna Visual Magnetic Picture Hangers,Office Furnishings,28.84800000000004,WEST,179.64,2012,Qtr 4,November,11,Regular Air,5.72,California,4.82,1
Lawndale,310,Florence Clayton,Consumer,0.08,William,Low,2013,Qtr 2,June,22,1,Office Supplies,Small Box,Xerox 1899,Paper,-57.160000000000004,WEST,104.28,2013,Qtr 2,June,23,Regular Air,4.96,California,5.78,1
Lehigh Acres,2308,Laurence Cummings,Small Business,0.08,Sam,Low,2010,Qtr 1,March,24,1,Furniture,Small Pack,"DAX Two-Tone Rosewood/Black Document Frame, Desktop, 5 x 7",Office Furnishings,-50.4,SOUTH,20.22,2010,Qtr 1,March,26,Regular Air,7.29,Florida,9.48,1
Lehigh Acres,2308,Laurence Cummings,Small Business,0.03,Sam,Low,2010,Qtr 1,March,24,1,Office Supplies,Small Box,Fellowes Staxonsteel® Drawer Files,Storage & Organization,-348.754,SOUTH,1548.97,2010,Qtr 1,March,28,Regular Air,19.99,Florida,193.17,1
Lehigh Acres,2308,Laurence Cummings,Small Business,0.01,Sam,Low,2011,Qtr 4,November,23,1,Office Supplies,Small Pack,Acme® Design Stainless Steel Bent Scissors,"Scissors, Rulers and Trimmers",3.414,SOUTH,206.94,2011,Qtr 4,November,25,Regular Air,4.42,Florida,6.84,1
Lehigh Acres,2308,Laurence Cummings,Small Business,0.01,Sam,Low,2013,Qtr 1,January,19,1,Office Supplies,Small Box,Recycled Eldon Regeneration Jumbo File,Storage & Organization,-65.814,SOUTH,13.38,2013,Qtr 1,January,20,Regular Air,6.13,Florida,12.28,1
Lehigh Acres,2308,Laurence Cummings,Small Business,0.07,Sam,Low,2013,Qtr 4,November,24,1,Furniture,Small Pack,Advantus Panel Wall Acrylic Frame,Office Furnishings,4894.62,SOUTH,175.73,2013,Qtr 4,November,26,Regular Air,5.26,Florida,5.47,1
Lemon Grove,311,Caroline Ingram,Consumer,0.07,William,Low,2011,Qtr 2,May,11,1,Office Supplies,Wrap Bag,"Dixon Ticonderoga Core-Lock Colored Pencils, 48-Color Set",Pens & Art Supplies,202.68,WEST,588.55,2011,Qtr 2,May,13,Regular Air,13.89,California,36.55,1
Lemon Grove,317,Katherine Kearney,Corporate,0.09,William,Low,2010,Qtr 2,June,17,1,Furniture,Small Box,"Eldon® Expressions™ Wood Desk Accessories, Oak",Office Furnishings,-27.160000000000004,WEST,66.55,2010,Qtr 2,June,18,Regular Air,5.21,California,7.38,1
Lemon Grove,317,Katherine Kearney,Corporate,0.04,William,Low,2010,Qtr 2,June,17,1,Office Supplies,Small Box,"Decoflex Hanging Personal Folder File, Blue",Storage & Organization,-119.93599999999999,WEST,192.18,2010,Qtr 2,June,18,Regular Air,10.68,California,15.42,1
Lemon Grove,317,Katherine Kearney,Corporate,0.04,William,Low,2010,Qtr 2,June,17,1,Office Supplies,Small Box,Xerox 193,Paper,-52.34400000000001,WEST,103.49,2010,Qtr 2,June,18,Regular Air,5.15,California,5.98,1
Lemon Grove,317,Katherine Kearney,Corporate,0.05,William,Low,2013,Qtr 4,November,17,1,Furniture,Jumbo Drum,Hon 2090 “Pillow Soft” Series Mid Back Swivel/Tilt Chairs,Chairs & Chairmats,207.98800000000006,WEST,1475.58,2013,Qtr 4,November,19,Delivery Truck,57,California,280.98,1
Lemon Grove,317,Katherine Kearney,Corporate,0.09,William,Low,2013,Qtr 4,November,17,1,Office Supplies,Small Box,Project Tote Personal File,Storage & Organization,105.15168000000006,WEST,562.88,2013,Qtr 4,November,18,Regular Air,9.37,California,14.03,1
Levittown,2197,Karen O'Donnell,Small Business,0,Erin,Low,2010,Qtr 4,December,26,1,Furniture,Small Pack,Electrix 20W Halogen Replacement Bulb for Zoom-In Desk Lamp,Office Furnishings,187.7628,EAST,272.12,2010,Qtr 4,December,27,Regular Air,4.95,New York,13.4,1
Levittown,2197,Karen O'Donnell,Small Business,0.08,Erin,Low,2010,Qtr 4,December,26,1,Technology,Small Box,Gyration Ultra Cordless Optical Suite,Computer Peripherals,126.22500000000001,EAST,650.25,2010,Qtr 4,December,27,Regular Air,7.18,New York,100.97,1
Levittown,2197,Karen O'Donnell,Small Business,0.06,Erin,Low,2011,Qtr 2,June,30,1,Office Supplies,Small Box,Jet-Pak Recycled Peel 'N' Seal Padded Mailers,Envelopes,168.42,EAST,487.33,2011,Qtr 2,June,30,Regular Air,14.72,New York,35.89,1
Levittown,2197,Karen O'Donnell,Small Business,0.1,Erin,Low,2011,Qtr 4,November,14,1,Furniture,Small Box,"Eldon Expressions Punched Metal & Wood Desk Accessories, Pewter & Cherry",Office Furnishings,36.916000000000004,EAST,85.8,2011,Qtr 4,November,15,Regular Air,5.16,New York,10.64,1
Levittown,2197,Karen O'Donnell,Small Business,0.07,Erin,Low,2012,Qtr 2,May,8,1,Technology,Small Box,M3682,Telephones and Communication,1410.1461,EAST,2043.69,2012,Qtr 2,May,9,Regular Air,8.08,New York,125.99,1
Levittown,2197,Karen O'Donnell,Small Business,0.04,Erin,Low,2013,Qtr 4,November,14,1,Furniture,Jumbo Drum,"Westinghouse Floor Lamp with Metal Mesh Shade, Black",Office Furnishings,79.4673,EAST,115.17,2013,Qtr 4,November,15,Delivery Truck,15.68,New York,23.99,1
Linden,1882,Anita Kent,Home Office,0.09,Erin,Low,2010,Qtr 3,September,1,1,Office Supplies,Small Box,Xerox 1978,Paper,-7.96,EAST,11.35,2010,Qtr 3,September,3,Regular Air,5.67,New Jersey,5.78,1
Linden,2690,Sheila Pritchard,Home Office,0.07,Erin,Low,2013,Qtr 2,May,17,1,Technology,Small Pack,"Imation 3.5, DISKETTE 44766 HGHLD3.52HD/FM, 10/Pack",Computer Peripherals,-43.71,EAST,11.46,2013,Qtr 2,May,18,Regular Air,5.14,New Jersey,5.02,1
Lindenhurst,2198,Lester Woodward Maynard,Small Business,0.1,Erin,Low,2010,Qtr 2,May,22,1,Office Supplies,Jumbo Drum,"Tennsco Lockers, Gray",Storage & Organization,-2111.36,EAST,342.54,2010,Qtr 2,May,22,Delivery Truck,53.03,New York,20.98,1
Lindenhurst,2198,Lester Woodward Maynard,Small Business,0.03,Erin,Low,2010,Qtr 2,May,22,1,Office Supplies,Small Pack,Boston 1799 Powerhouse™ Electric Pencil Sharpener,Pens & Art Supplies,295.9065,EAST,428.85,2010,Qtr 2,May,25,Regular Air,4.08,New York,25.98,1
Lindenhurst,2198,Lester Woodward Maynard,Small Business,0.07,Erin,Low,2011,Qtr 2,June,30,1,Office Supplies,Small Box,Park Ridge™ Embossed Executive Business Envelopes,Envelopes,155.34659999999997,EAST,225.14,2011,Qtr 3,July,2,Express Air,1.39,New York,15.57,1
Lindenhurst,2244,Molly Sanchez,Corporate,0.01,Erin,Low,2013,Qtr 1,January,5,1,Office Supplies,Small Box,Avery 493,Labels,18.112499999999997,EAST,26.25,2013,Qtr 1,January,12,Regular Air,0.5,New York,4.91,1
Lindenhurst,2244,Molly Sanchez,Corporate,0.05,Erin,Low,2013,Qtr 1,January,5,1,Office Supplies,Small Box,"Fellowes Twister Kit, Gray/Clear, 3/pkg",Binders and Binder Accessories,-32.455760000000005,EAST,10.49,2013,Qtr 1,January,12,Regular Air,8.94,New York,8.04,1
Lindenhurst,2244,Molly Sanchez,Corporate,0.07,Erin,Low,2013,Qtr 1,January,5,1,Office Supplies,Wrap Bag,Newell 309,Pens & Art Supplies,-5.3072,EAST,22.8,2013,Qtr 1,January,10,Regular Air,2.36,New York,11.55,1
Lindenwold,586,Katherine Stokes,Corporate,0,Erin,Low,2012,Qtr 3,August,26,1,Technology,Small Box,Accessory35,Telephones and Communication,501.5265,EAST,726.85,2012,Qtr 3,August,30,Regular Air,1.1,New Jersey,35.99,1
Lindenwold,1455,Jessica McLean,Corporate,0.05,Erin,Low,2013,Qtr 1,January,5,1,Office Supplies,Small Box,Fellowes Black Plastic Comb Bindings,Binders and Binder Accessories,-204.73082,EAST,48.35,2013,Qtr 1,January,7,Regular Air,8.49,New Jersey,5.81,1
Lindenwold,2765,Tracy Schultz,Corporate,0.03,Erin,Low,2010,Qtr 2,May,28,1,Office Supplies,Wrap Bag,"Dixon My First Ticonderoga Pencil, #2",Pens & Art Supplies,-5.08,EAST,41.4,2010,Qtr 2,May,30,Regular Air,2.27,New Jersey,5.85,1
Livingston,739,Herbert Gentry,Consumer,0.01,Erin,Low,2012,Qtr 3,August,21,1,Technology,Small Box,ELITE Series,Telephones and Communication,662.05728,EAST,1442.19,2012,Qtr 3,August,26,Regular Air,2.79,New Jersey,205.99,1
Livingston,2766,Alex Tate,Corporate,0.07,Erin,Medium,2011,Qtr 4,December,5,1,Office Supplies,Small Box,GBC DocuBind TL300 Electric Binding System,Binders and Binder Accessories,3557.1983999999993,EAST,5155.36,2011,Qtr 4,December,5,Regular Air,19.99,New Jersey,896.99,1
Lodi,109,Tom McFarland,Consumer,0.09,Erin,Low,2010,Qtr 2,June,22,1,Office Supplies,Small Box,Avery Durable Binders,Binders and Binder Accessories,-2.7047999999999996,EAST,11.13,2010,Qtr 2,June,23,Regular Air,1.49,New Jersey,2.88,1
Lodi,401,Teresa Brewer,Small Business,0.03,William,Low,2011,Qtr 2,April,3,1,Furniture,Jumbo Box,Bush Mission Pointe Library,Bookcases,-1061.68,WEST,1774.7,2011,Qtr 2,April,3,Delivery Truck,66.27,California,150.98,1
Lodi,401,Teresa Brewer,Small Business,0.09,William,Low,2012,Qtr 3,September,22,1,Office Supplies,Small Box,"Decoflex Hanging Personal Folder File, Blue",Storage & Organization,-185.8,WEST,236.5,2012,Qtr 3,September,22,Express Air,10.68,California,15.42,1
Lodi,401,Teresa Brewer,Small Business,0.04,William,Low,2012,Qtr 3,September,22,1,Office Supplies,Small Box,Xerox 1905,Paper,-189.33,WEST,114.76,2012,Qtr 3,September,23,Regular Air,9.54,California,6.48,1
Lodi,1400,Joann Perry,Consumer,0.02,Erin,Medium,2011,Qtr 4,October,15,1,Technology,Jumbo Drum,Canon PC940 Copier,Copiers and Fax,4929.3876,EAST,7144.04,2011,Qtr 4,October,19,Delivery Truck,49,New Jersey,449.99,1
Long Beach,402,Andrew Todd,Small Business,0.1,William,Low,2012,Qtr 4,October,1,1,Office Supplies,Small Box,Xerox 1993,Paper,-110.34360000000001,WEST,51.5,2012,Qtr 4,October,1,Regular Air,9.68,California,6.48,1
Long Beach,402,Andrew Todd,Small Business,0.06,William,Low,2012,Qtr 4,October,1,1,Technology,Small Pack,Accessory8,Telephones and Communication,460.04508,WEST,714.54,2012,Qtr 4,October,3,Regular Air,1.25,California,85.99,1
Long Beach,402,Andrew Todd,Small Business,0.08,William,Low,2013,Qtr 1,January,22,1,Office Supplies,Small Box,Round Ring Binders,Binders and Binder Accessories,-6.1460599999999985,WEST,2.25,2013,Qtr 1,January,23,Regular Air,1.49,California,2.08,1
Long Beach,402,Andrew Todd,Small Business,0.07,William,Low,2013,Qtr 3,September,27,1,Office Supplies,Small Box,Binder Posts,Binders and Binder Accessories,-15.817099999999998,WEST,19.66,2013,Qtr 4,October,4,Regular Air,5.01,California,5.74,1
Long Beach,402,Andrew Todd,Small Business,0.01,William,Low,2013,Qtr 3,September,27,1,Technology,Small Pack,"Memorex 80 Minute CD-R Spindle, 100/Pack",Computer Peripherals,602.8943999999999,WEST,873.76,2013,Qtr 4,October,4,Express Air,1.99,California,43.98,1
Long Beach,450,Arlene Poe,Corporate,0.09,William,Low,2012,Qtr 3,August,20,1,Technology,Small Box,iDENi80s,Telephones and Communication,-148.005,WEST,581.2,2012,Qtr 3,August,22,Regular Air,19.99,California,65.99,1
Long Beach,450,Arlene Poe,Home Office,0.03,William,Low,2011,Qtr 4,December,27,1,Office Supplies,Wrap Bag,"Dixon Ticonderoga Core-Lock Colored Pencils, 48-Color Set",Pens & Art Supplies,391.305,WEST,619.17,2011,Qtr 4,December,29,Regular Air,13.89,California,36.55,1
Long Beach,2245,Ben P Bowen,Corporate,0.07,Erin,Low,2011,Qtr 1,March,7,1,Furniture,Small Box,Staples Plastic Wall Frames,Office Furnishings,-6.39,EAST,68.49,2011,Qtr 1,March,9,Regular Air,4.95,New York,7.96,1
Long Beach,2245,Ben P Bowen,Corporate,0.03,Erin,Low,2011,Qtr 1,March,7,1,Technology,Small Box,KF 788,Telephones and Communication,-155.947,EAST,77.25,2011,Qtr 1,March,8,Regular Air,4.99,New York,45.99,1
Long Beach,2245,Ben P Bowen,Corporate,0,Erin,Low,2012,Qtr 2,May,20,1,Office Supplies,Large Box,Tennsco Commercial Shelving,Storage & Organization,-1049.26,EAST,321.15,2012,Qtr 2,May,21,Regular Air,35,New York,20.34,1
Long Beach,2245,Ben P Bowen,Corporate,0.01,Erin,Low,2012,Qtr 2,May,20,1,Technology,Small Box,Logitech Internet Navigator Keyboard,Computer Peripherals,-135.51,EAST,68.41,2012,Qtr 2,May,21,Regular Air,6.5,New York,30.98,1
Long Branch,2517,Clyde S Randall,Home Office,0.07,Erin,Low,2013,Qtr 2,April,27,1,Technology,Small Box,i470,Telephones and Communication,439.77599999999995,EAST,871.17,2013,Qtr 2,May,1,Regular Air,5.26,New Jersey,205.99,1
Los Altos,451,Joyce Murray,Home Office,0.03,William,Low,2010,Qtr 2,April,10,1,Technology,Medium Box,"210 Trimline Phone, White",Office Machines,-53.2962,WEST,35.48,2010,Qtr 2,April,11,Regular Air,11.28,California,15.99,1
Los Altos,451,Joyce Murray,Home Office,0.04,William,Low,2010,Qtr 2,May,27,1,Office Supplies,Small Box,Vinyl Sectional Post Binders,Binders and Binder Accessories,299.6739,WEST,434.31,2010,Qtr 2,May,28,Regular Air,2.99,California,37.7,1
Los Altos,451,Joyce Murray,Home Office,0.06,William,Low,2010,Qtr 3,July,5,1,Office Supplies,Small Box,Avery 514,Labels,16.0494,WEST,23.26,2010,Qtr 3,July,14,Regular Air,0.99,California,2.88,1
Los Altos,451,Joyce Murray,Home Office,0.01,William,Low,2010,Qtr 3,July,5,1,Office Supplies,Small Box,GBC Instant Index™ System for Binding Systems,Binders and Binder Accessories,-15.456,WEST,19.86,2010,Qtr 3,July,10,Regular Air,6.28,California,8.88,1
Los Altos,451,Joyce Murray,Home Office,0.09,William,Low,2011,Qtr 3,July,4,1,Technology,Small Box,Belkin 105-Key Black Keyboard,Computer Peripherals,-65.67,WEST,40.87,2011,Qtr 3,July,11,Regular Air,4,California,19.98,1
Los Altos,451,Joyce Murray,Home Office,0,William,Low,2011,Qtr 4,October,8,1,Technology,Small Pack,Maxell DVD-RAM Discs,Computer Peripherals,157.0348,WEST,231.62,2011,Qtr 4,October,9,Regular Air,1.99,California,16.48,1
Los Altos,451,Joyce Murray,Home Office,0.09,William,Low,2013,Qtr 2,May,21,1,Office Supplies,Small Box,Accohide Poly Flexible Ring Binders,Binders and Binder Accessories,-60.9615,WEST,26.82,2013,Qtr 2,May,22,Regular Air,4.69,California,3.74,1
Los Angeles,553,Kristine Connolly,Corporate,0.07,William,High,2010,Qtr 3,August,21,1,Technology,Jumbo Drum,Lexmark 4227 Plus Dot Matrix Printer,Office Machines,4073.25,WEST,43046.2,2010,Qtr 3,August,21,Delivery Truck,14.7,California,2036.48,1
Los Angeles,553,Kristine Connolly,Corporate,0.01,William,Low,2010,Qtr 4,October,15,1,Office Supplies,Small Box,Xerox 1922,Paper,-179.59199999999998,WEST,330.21,2010,Qtr 4,October,24,Regular Air,7.44,California,4.98,1
Los Angeles,553,Kristine Connolly,Corporate,0.07,William,Low,2011,Qtr 3,July,24,1,Furniture,Jumbo Drum,Global Commerce™ Series High-Back Swivel/Tilt Chairs,Chairs & Chairmats,-113.08,WEST,4410.92,2011,Qtr 3,July,25,Delivery Truck,69.55,California,284.98,1
Los Angeles,553,Kristine Connolly,Corporate,0.1,William,Low,2011,Qtr 3,July,24,1,Office Supplies,Small Box,"Wilson Jones Hanging View Binder, White, 1""",Binders and Binder Accessories,-54.671,WEST,180.79,2011,Qtr 3,July,24,Express Air,6.05,California,7.1,1
Los Angeles,553,Kristine Connolly,Corporate,0.06,William,Low,2012,Qtr 3,July,21,1,Office Supplies,Small Box,Avery 501,Labels,57,WEST,180.84,2012,Qtr 3,July,23,Regular Air,0.5,California,3.69,1
Los Angeles,553,Kristine Connolly,Corporate,0.07,William,Low,2012,Qtr 3,August,3,1,Technology,Medium Box,Soundgear TeleForum DX Desktop Conference Phone,Office Machines,18.77,WEST,1821.96,2012,Qtr 3,August,8,Regular Air,13.99,California,96.45,1
Los Angeles,553,Kristine Connolly,Corporate,0.07,William,Low,2013,Qtr 1,February,27,1,Technology,Small Box,StarTAC 6500,Telephones and Communication,21.024,WEST,1685.94,2013,Qtr 1,March,1,Express Air,8.8,California,125.99,1
Los Angeles,553,Kristine Connolly,Corporate,0.08,William,Medium,2010,Qtr 4,December,18,1,Furniture,Jumbo Box,Bevis 36 x 72 Conference Tables,Tables,-500.38,WEST,6831.37,2010,Qtr 4,December,19,Delivery Truck,51.94,California,124.49,1
Los Angeles,553,Kristine Connolly,Corporate,0.03,William,Medium,2011,Qtr 3,July,24,1,Furniture,Medium Box,"Tenex Contemporary Contur Chairmats for Low and Medium Pile Carpet, Computer, 39"" x 49""",Office Furnishings,1759.72,WEST,5941.63,2011,Qtr 3,July,25,Express Air,5.81,California,107.53,1
Los Angeles,553,Kristine Connolly,Home Office,0,William,Low,2010,Qtr 1,January,28,1,Office Supplies,Wrap Bag,"Adams Phone Message Book, 200 Message Capacity, 8 1/16” x 11”",Paper,34.068000000000005,WEST,267.53,2010,Qtr 1,January,29,Express Air,2,California,6.88,1
Los Angeles,553,Kristine Connolly,Home Office,0.05,William,Low,2011,Qtr 3,September,19,1,Furniture,Jumbo Box,Bevis Rectangular Conference Tables,Tables,-310.95,WEST,4025.07,2011,Qtr 3,September,21,Delivery Truck,51.92,California,145.98,1
Los Angeles,553,Kristine Connolly,Home Office,0.01,William,Low,2011,Qtr 3,September,19,1,Furniture,Small Box,Howard Miller 12-3/4 Diameter Accuwave DS ™ Wall Clock,Office Furnishings,1049.02,WEST,4850.76,2011,Qtr 3,September,19,Regular Air,19.99,California,78.69,1
Los Angeles,553,Kristine Connolly,Home Office,0.05,William,Low,2012,Qtr 1,February,8,1,Office Supplies,Small Box,Astroparche® Fine Business Paper,Paper,-75.25,WEST,257.25,2012,Qtr 1,February,10,Express Air,5.06,California,5.28,1
Los Angeles,553,Kristine Connolly,Home Office,0.03,William,Low,2013,Qtr 1,January,28,1,Office Supplies,Large Box,Fellowes Neat Ideas® Storage Cubes,Storage & Organization,-1440.4319999999998,WEST,1168.35,2013,Qtr 1,January,28,Express Air,35,California,32.48,1
Los Angeles,553,Kristine Connolly,Home Office,0.07,William,Low,2013,Qtr 2,May,30,1,Furniture,Jumbo Box,"Bush Westfield Collection Bookcases, Fully Assembled",Bookcases,-277.63,WEST,3840.27,2013,Qtr 2,June,1,Delivery Truck,35.84,California,100.98,1
Los Angeles,553,Kristine Connolly,Home Office,0.1,William,Low,2013,Qtr 2,May,30,1,Technology,Small Box,V 3600 Series,Telephones and Communication,134.73,WEST,2457.3,2013,Qtr 2,June,1,Regular Air,8.99,California,65.99,1
Los Angeles,604,Lindsay P Ashley,Corporate,0.09,William,Medium,2010,Qtr 1,March,14,1,Furniture,Large Box,Laminate Occasional Tables,Tables,-1763.7477000000003,WEST,5679.59,2010,Qtr 1,March,15,Express Air,69,California,154.13,1
Los Angeles,604,Lindsay P Ashley,Home Office,0.03,William,Low,2010,Qtr 3,July,24,1,Office Supplies,Small Box,Staples® General Use 3-Ring Binders,Binders and Binder Accessories,-15.0995,WEST,102.32,2010,Qtr 3,July,25,Regular Air,1.49,California,1.88,1
Los Angeles,604,Lindsay P Ashley,Home Office,0,William,Low,2011,Qtr 1,January,11,1,Office Supplies,Small Box,"Mead 1st Gear 2"" Zipper Binder, Asst. Colors",Binders and Binder Accessories,58.46640000000001,WEST,360.7,2011,Qtr 1,January,13,Regular Air,1.49,California,12.97,1
Los Angeles,604,Lindsay P Ashley,Home Office,0.09,William,Low,2012,Qtr 1,February,28,1,Office Supplies,Small Box,Avery Durable Poly Binders,Binders and Binder Accessories,-46.1265,WEST,59.09,2012,Qtr 1,February,29,Regular Air,6.98,California,5.53,1
Los Angeles,604,Lindsay P Ashley,Home Office,0.01,William,Low,2012,Qtr 4,November,13,1,Office Supplies,Wrap Bag,Newell 326,Pens & Art Supplies,-1.23,WEST,167.91,2012,Qtr 4,November,14,Regular Air,0.7,California,1.76,1
Los Angeles,604,Lindsay P Ashley,Home Office,0.07,William,Low,2012,Qtr 4,November,13,1,Technology,Small Box,600 Series Non-Flip,Telephones and Communication,-107.503,WEST,1359.41,2012,Qtr 4,November,15,Regular Air,4.99,California,45.99,1
Los Angeles,604,Lindsay P Ashley,Home Office,0.06,William,Low,2012,Qtr 4,December,7,1,Office Supplies,Small Box,GBC Standard Therm-A-Bind Covers,Binders and Binder Accessories,-41.561,WEST,72.8,2012,Qtr 4,December,9,Regular Air,12.98,California,24.92,1
Los Angeles,604,Lindsay P Ashley,Home Office,0.04,William,Low,2012,Qtr 4,December,7,1,Office Supplies,Wrap Bag,Rediform S.O.S. Phone Message Books,Paper,73.05,WEST,352.7,2012,Qtr 4,December,9,Regular Air,0.8,California,4.98,1
Los Angeles,604,Lindsay P Ashley,Home Office,0.04,William,Low,2013,Qtr 1,March,4,1,Office Supplies,Small Box,Xerox 198,Paper,-123.28,WEST,132.02,2013,Qtr 1,March,5,Express Air,8.33,California,4.98,1
Los Angeles,604,Lindsay P Ashley,Home Office,0.1,William,Low,2013,Qtr 1,March,18,1,Office Supplies,Wrap Bag,"Recycled Desk Saver Line ""While You Were Out"" Book, 5 1/2"" X 4""",Paper,-4.22,WEST,10.23,2013,Qtr 1,March,18,Regular Air,2.01,California,8.95,1
Los Angeles,604,Lindsay P Ashley,Home Office,0.05,William,Low,2013,Qtr 3,September,30,1,Office Supplies,Wrap Bag,"Crayola Anti Dust Chalk, 12/Pack",Pens & Art Supplies,0.86,WEST,154.6,2013,Qtr 4,October,2,Regular Air,1,California,1.82,1
Los Angeles,699,Jenny Gold,Consumer,0.03,William,Low,2010,Qtr 2,April,23,1,Office Supplies,Small Box,Xerox 1954,Paper,-16.67,WEST,32.5,2010,Qtr 2,April,24,Regular Air,5.61,California,5.28,1
Los Angeles,699,Jenny Gold,Consumer,0.07,William,Low,2010,Qtr 2,June,6,1,Office Supplies,Wrap Bag,SANFORD Liquid Accent™ Tank-Style Highlighters,Pens & Art Supplies,3.21,WEST,158.8,2010,Qtr 2,June,8,Regular Air,0.93,California,2.84,1
Los Angeles,699,Jenny Gold,Consumer,0.02,William,Low,2010,Qtr 2,June,6,1,Office Supplies,Wrap Bag,"Staples Pen Style Liquid Stix; Assorted (yellow, pink, green, blue, orange), 5/Pack",Pens & Art Supplies,40.2,WEST,193.95,2010,Qtr 2,June,7,Regular Air,1.22,California,6.47,1
Los Angeles,699,Jenny Gold,Consumer,0.1,William,Low,2010,Qtr 2,June,30,1,Office Supplies,Small Box,Filing/Storage Totes and Swivel Casters,Storage & Organization,-119.77,WEST,261.93,2010,Qtr 3,July,3,Regular Air,9.45,California,9.71,1
Los Angeles,699,Jenny Gold,Consumer,0.09,William,Low,2010,Qtr 2,June,30,1,Office Supplies,Wrap Bag,"*Staples* vLetter Openers, 2/Pack","Scissors, Rulers and Trimmers",-21.91,WEST,83.16,2010,Qtr 3,July,1,Regular Air,1.32,California,3.68,1
Los Angeles,699,Jenny Gold,Consumer,0.01,William,Low,2010,Qtr 2,June,30,1,Office Supplies,Wrap Bag,"Staples Vinyl Coated Paper Clips, 800/Box",Rubber Bands,38.7,WEST,274.26,2010,Qtr 3,July,1,Regular Air,2.82,California,7.89,1
Los Angeles,699,Jenny Gold,Consumer,0.07,William,Low,2010,Qtr 3,July,29,1,Technology,Small Pack,"Imation 3.5, DISKETTE 44766 HGHLD3.52HD/FM, 10/Pack",Computer Peripherals,-168.72,WEST,210.1,2010,Qtr 3,July,31,Regular Air,5.14,California,5.02,1
Los Angeles,699,Jenny Gold,Consumer,0.1,William,Low,2010,Qtr 4,November,20,1,Office Supplies,Wrap Bag,"Dixon Prang® Watercolor Pencils, 10-Color Set with Brush",Pens & Art Supplies,15.42,WEST,351.56,2010,Qtr 4,November,21,Regular Air,1.2,California,4.26,1
Los Angeles,699,Jenny Gold,Consumer,0.05,William,Low,2011,Qtr 3,July,9,1,Furniture,Large Box,"Lesro Sheffield Collection Coffee Table, End Table, Center Table, Corner Table",Tables,-1730.3,WEST,2819.81,2011,Qtr 3,July,9,Regular Air,69,California,71.37,1
Los Angeles,699,Jenny Gold,Consumer,0.02,William,Low,2011,Qtr 3,July,23,1,Furniture,Jumbo Drum,Hon Every-Day® Chair Series Swivel Task Chairs,Chairs & Chairmats,-64.14,WEST,1711.44,2011,Qtr 3,July,24,Delivery Truck,30,California,120.98,1
Los Angeles,699,Jenny Gold,Consumer,0.03,William,Low,2011,Qtr 4,October,22,1,Office Supplies,Large Box,Office Impressions Heavy Duty Welded Shelving & Multimedia Storage Drawers,Storage & Organization,-373.476,WEST,1991.72,2011,Qtr 4,October,24,Regular Air,35,California,167.27,1
Los Angeles,699,Jenny Gold,Consumer,0.09,William,Low,2011,Qtr 4,December,15,1,Office Supplies,Wrap Bag,"""While you Were Out"" Message Book, One Form per Page",Paper,-1.06,WEST,95.75,2011,Qtr 4,December,17,Regular Air,1.93,California,3.71,1
Los Angeles,699,Jenny Gold,Consumer,0.04,William,Low,2012,Qtr 2,May,5,1,Office Supplies,Small Box,Vinyl Sectional Post Binders,Binders and Binder Accessories,63.6055,WEST,371.01,2012,Qtr 2,May,7,Express Air,2.99,California,37.7,1
Los Angeles,699,Jenny Gold,Consumer,0.09,William,Low,2012,Qtr 3,August,6,1,Furniture,Medium Box,DAX Solid Wood Frames,Office Furnishings,17.31,WEST,124.06,2012,Qtr 3,August,7,Regular Air,6.02,California,9.77,1
Los Angeles,699,Jenny Gold,Consumer,0.07,William,Low,2012,Qtr 3,August,6,1,Technology,Small Pack,"DS/HD IBM Formatted Diskettes, 10/Pack - Staples",Computer Peripherals,-38.44,WEST,78.02,2012,Qtr 3,August,8,Regular Air,4.32,California,4.98,1
Los Angeles,699,Jenny Gold,Consumer,0.09,William,Low,2012,Qtr 4,December,6,1,Office Supplies,Large Box,Safco Industrial Wire Shelving,Storage & Organization,-505.69,WEST,3466.2,2012,Qtr 4,December,8,Regular Air,35,California,95.99,1
Los Angeles,699,Jenny Gold,Consumer,0.08,William,Low,2012,Qtr 4,December,25,1,Office Supplies,Small Box,Avery 510,Labels,47.98,WEST,235.54,2012,Qtr 4,December,27,Regular Air,0.5,California,3.75,1
Los Angeles,699,Jenny Gold,Consumer,0.07,William,Low,2013,Qtr 2,April,22,1,Office Supplies,Small Box,Personal Creations™ Ink Jet Cards and Labels,Paper,78.89,WEST,570.43,2013,Qtr 2,April,24,Regular Air,5.43,California,11.48,1
Los Angeles,699,Jenny Gold,Consumer,0.08,William,Low,2013,Qtr 2,April,22,1,Office Supplies,Small Pack,Kleencut® Forged Office Shears by Acme United Corporation,"Scissors, Rulers and Trimmers",-85.58,WEST,100.08,2013,Qtr 2,April,24,Regular Air,2.56,California,2.08,1
Los Angeles,699,Jenny Gold,Consumer,0.04,William,Low,2013,Qtr 3,July,9,1,Office Supplies,Wrap Bag,Standard Line™ “While You Were Out” Hardbound Telephone Message Book,Paper,40.11,WEST,539.07,2013,Qtr 3,July,10,Regular Air,8.32,California,21.98,1
Los Angeles,699,Jenny Gold,Consumer,0.09,William,Low,2013,Qtr 3,July,23,1,Technology,Medium Box,Sharp EL500L Fraction Calculator,Office Machines,-37.9407,WEST,613.65,2013,Qtr 3,July,24,Regular Air,7.51,California,13.99,1
Los Angeles,699,Jenny Gold,Consumer,0.04,William,Low,2013,Qtr 4,December,13,1,Furniture,Jumbo Box,Hon iLevel™ Computer Training Table,Tables,-126.47,WEST,271.86,2013,Qtr 4,December,15,Delivery Truck,45.51,California,31.76,1
Los Angeles,699,Jenny Gold,Consumer,0.07,William,Medium,2010,Qtr 3,July,29,1,Furniture,Jumbo Drum,Hon 2090 “Pillow Soft” Series Mid Back Swivel/Tilt Chairs,Chairs & Chairmats,-439.62,WEST,6499.87,2010,Qtr 3,July,31,Delivery Truck,57,California,280.98,1
Los Angeles,699,Jenny Gold,Consumer,0.02,William,Medium,2012,Qtr 4,December,6,1,Technology,Small Box,SC7868i,Telephones and Communication,900.414,WEST,6897.29,2012,Qtr 4,December,6,Regular Air,8.99,California,125.99,1
Los Angeles,699,Jenny Gold,Consumer,0.01,William,Medium,2012,Qtr 4,December,25,1,Furniture,Jumbo Drum,Hon Valutask™ Swivel Chairs,Chairs & Chairmats,-593.8,WEST,9537.18,2012,Qtr 4,December,27,Delivery Truck,45,California,100.98,1
Los Angeles,699,Jenny Gold,Consumer,0.09,William,Medium,2013,Qtr 2,April,22,1,Furniture,Jumbo Box,"Chromcraft Bull-Nose Wood Round Conference Table Top, Wood Base",Tables,-526.478095,WEST,5740.62,2013,Qtr 2,April,27,Delivery Truck,29.1,California,217.85,1
Los Angeles,949,Ernest Oh,Consumer,0.06,William,Low,2010,Qtr 1,January,2,1,Office Supplies,Small Box,"Avery Trapezoid Ring Binder, 3"" Capacity, Black, 1040 sheets",Binders and Binder Accessories,-19.099200000000003,WEST,124.81,2010,Qtr 1,January,4,Regular Air,2.99,California,40.98,1
Los Angeles,949,Ernest Oh,Consumer,0.02,William,Low,2010,Qtr 1,March,22,1,Office Supplies,Small Box,Xerox 1910,Paper,373.67,WEST,881.32,2010,Qtr 1,March,26,Regular Air,5.09,California,48.04,1
Los Angeles,949,Ernest Oh,Consumer,0.06,William,Low,2011,Qtr 2,April,1,1,Office Supplies,Small Box,Large Capacity Hanging Post Binders,Binders and Binder Accessories,270.2915,WEST,800.39,2011,Qtr 2,April,2,Regular Air,2.99,California,24.95,1
Los Angeles,949,Ernest Oh,Consumer,0.04,William,Low,2012,Qtr 1,January,4,1,Furniture,Small Box,Eldon® Wave Desk Accessories,Office Furnishings,-147.376,WEST,68.48,2012,Qtr 1,January,4,Regular Air,5.33,California,2.08,1
Los Angeles,949,Ernest Oh,Consumer,0.09,William,Low,2013,Qtr 1,March,4,1,Office Supplies,Small Pack,Boston 1799 Powerhouse™ Electric Pencil Sharpener,Pens & Art Supplies,129.81,WEST,823.98,2013,Qtr 1,March,13,Regular Air,4.08,California,25.98,1
Los Angeles,949,Ernest Oh,Consumer,0.03,William,Low,2013,Qtr 1,March,22,1,Office Supplies,Wrap Bag,Newell 320,Pens & Art Supplies,-6.2,WEST,22.77,2013,Qtr 1,March,29,Regular Air,1.6,California,4.28,1
Los Angeles,949,Ernest Oh,Consumer,0.03,William,Low,2013,Qtr 2,May,1,1,Technology,Small Box,LX 677,Telephones and Communication,601.335,WEST,3696.09,2013,Qtr 2,May,2,Regular Air,8.99,California,110.99,1
Los Angeles,949,Ernest Oh,Consumer,0.07,William,Low,2013,Qtr 3,August,19,1,Furniture,Wrap Bag,Eldon Radial Chair Mat for Low to Medium Pile Carpets,Office Furnishings,215.11,WEST,3507.5,2013,Qtr 3,August,20,Regular Air,9.2,California,39.98,1
Los Angeles,949,Ernest Oh,Consumer,0.01,William,Low,2013,Qtr 4,October,6,1,Office Supplies,Wrap Bag,"Rediform Wirebound ""Phone Memo"" Message Book, 11 x 5-3/4",Paper,-56.51,WEST,814.36,2013,Qtr 4,October,8,Regular Air,5.83,California,7.64,1
Los Angeles,949,Ernest Oh,Consumer,0,William,Low,2013,Qtr 4,November,3,1,Technology,Wrap Bag,Accessory21,Telephones and Communication,435.95099999999996,WEST,2924.85,2013,Qtr 4,November,4,Express Air,0.99,California,20.99,1
Los Angeles,949,Ernest Oh,Consumer,0.05,William,Medium,2013,Qtr 1,March,22,1,Technology,Jumbo Drum,Epson DFX5000+ Dot Matrix Printer,Office Machines,-2561.3235,WEST,7486.09,2013,Qtr 1,March,22,Delivery Truck,29.7,California,1500.97,1
Los Angeles,1044,Erin Ballard,Home Office,0.02,William,High,2010,Qtr 2,June,14,1,Furniture,Large Box,Luxo Professional Fluorescent Magnifier Lamp with Clamp-Mount Base,Office Furnishings,2593.14,WEST,13546.94,2010,Qtr 2,June,14,Regular Air,21.21,California,209.84,1
Los Angeles,1044,Erin Ballard,Home Office,0,William,Low,2010,Qtr 3,August,27,1,Office Supplies,Small Box,Xerox 1923,Paper,-76.94,WEST,617.4,2010,Qtr 3,August,29,Regular Air,5.66,California,6.68,1
Los Angeles,1044,Erin Ballard,Home Office,0.09,William,Low,2011,Qtr 3,September,8,1,Office Supplies,Wrap Bag,Newell 325,Pens & Art Supplies,5.91,WEST,250,2011,Qtr 3,September,10,Regular Air,1.23,California,4.13,1
Los Angeles,1044,Erin Ballard,Home Office,0.09,William,Low,2012,Qtr 1,March,20,1,Office Supplies,Small Box,Avery Hanging File Binders,Binders and Binder Accessories,87.601,WEST,342.87,2012,Qtr 1,March,22,Express Air,1.49,California,5.98,1
Los Angeles,1044,Erin Ballard,Home Office,0.08,William,Low,2013,Qtr 1,March,26,1,Technology,Small Pack,Accessory24,Telephones and Communication,-225.302,WEST,187.4,2013,Qtr 1,March,28,Regular Air,3.3,California,55.99,1
Los Angeles,1044,Erin Ballard,Home Office,0.01,William,Medium,2010,Qtr 2,June,14,1,Furniture,Large Box,Electrix Halogen Magnifier Lamp,Office Furnishings,1162.76,WEST,6401.65,2010,Qtr 2,June,16,Regular Air,11.54,California,194.3,1
Los Angeles,1314,Keith Marsh,Home Office,0.04,William,Low,2010,Qtr 1,March,30,1,Office Supplies,Small Box,Wilson Jones 14 Line Acrylic Coated Pressboard Data Binders,Binders and Binder Accessories,3.4509999999999996,WEST,240.6,2010,Qtr 2,April,1,Regular Air,2.99,California,5.34,1
Los Angeles,1314,Keith Marsh,Home Office,0.06,William,Low,2010,Qtr 1,March,30,1,Technology,Small Pack,Accessory6,Telephones and Communication,-275.253,WEST,236.88,2010,Qtr 2,April,1,Regular Air,5,California,55.99,1
Los Angeles,1314,Keith Marsh,Home Office,0.05,William,Low,2010,Qtr 3,July,5,1,Office Supplies,Large Box,Carina Double Wide Media Storage Towers in Natural & Black,Storage & Organization,-746.44,WEST,2710.47,2010,Qtr 3,July,9,Regular Air,35,California,80.98,1
Los Angeles,1314,Keith Marsh,Home Office,0.05,William,Low,2011,Qtr 1,March,21,1,Office Supplies,Small Box,GBC Standard Plastic Binding Systems Combs,Binders and Binder Accessories,-9.568,WEST,167.53,2011,Qtr 1,March,22,Regular Air,5.6,California,8.85,1
Los Angeles,1314,Keith Marsh,Home Office,0.1,William,Low,2011,Qtr 3,August,6,1,Office Supplies,Small Box,"GBC White Gloss Covers, Plain Front",Binders and Binder Accessories,28.551500000000004,WEST,626.46,2011,Qtr 3,August,9,Express Air,6.46,California,14.48,1
Los Angeles,1314,Keith Marsh,Home Office,0.02,William,Low,2011,Qtr 3,September,13,1,Office Supplies,Small Box,"Avery® Durable Plastic 1"" Binders",Binders and Binder Accessories,-74.405,WEST,183,2011,Qtr 3,September,14,Regular Air,5.83,California,4.54,1
Los Angeles,1314,Keith Marsh,Home Office,0.02,William,Low,2011,Qtr 3,September,13,1,Technology,Small Pack,"Imation IBM Formatted Diskettes, 100/Pack",Computer Peripherals,-108.14,WEST,965.16,2011,Qtr 3,September,15,Regular Air,8.99,California,28.48,1
Los Angeles,1314,Keith Marsh,Home Office,0.08,William,Low,2012,Qtr 2,April,1,1,Furniture,Medium Box,SAFCO Optional Arm Kit for Workspace® Cribbage Stacking Chair,Chairs & Chairmats,90.04,WEST,813.66,2012,Qtr 2,April,2,Regular Air,5.3,California,26.64,1
Los Angeles,1314,Keith Marsh,Home Office,0,William,Low,2012,Qtr 2,April,1,1,Office Supplies,Small Box,Xerox 1896,Paper,74.73,WEST,571.93,2012,Qtr 2,April,2,Regular Air,4.78,California,9.99,1
Los Angeles,1314,Keith Marsh,Home Office,0.07,William,Low,2012,Qtr 2,April,1,1,Office Supplies,Wrap Bag,"Acco Clips to Go™ Binder Clips, 24 Clips in Two Sizes",Rubber Bands,27.37,WEST,169.19,2012,Qtr 2,April,2,Regular Air,1.43,California,3.55,1
Los Angeles,1314,Keith Marsh,Home Office,0.08,William,Low,2012,Qtr 2,April,11,1,Furniture,Small Pack,"Executive Impressions 12"" Wall Clock",Office Furnishings,35.08,WEST,795.27,2012,Qtr 2,April,12,Regular Air,8.99,California,17.67,1
Los Angeles,1314,Keith Marsh,Home Office,0.01,William,Low,2012,Qtr 2,May,1,1,Furniture,Small Box,Eldon Executive Woodline II Cherry Finish Desk Accessories,Office Furnishings,94.96,WEST,2092.92,2012,Qtr 2,May,2,Regular Air,18.98,California,40.89,1
Los Angeles,1314,Keith Marsh,Home Office,0,William,Low,2013,Qtr 1,March,30,1,Office Supplies,Small Box,"Acco Pressboard Covers with Storage Hooks, 14 7/8"" x 11"", Light Blue",Binders and Binder Accessories,-95.0475,WEST,187.84,2013,Qtr 1,March,31,Regular Air,5.68,California,4.91,1
Los Angeles,1314,Keith Marsh,Home Office,0.07,William,Low,2013,Qtr 4,October,7,1,Furniture,Small Box,"Eldon® Expressions™ Wood Desk Accessories, Oak",Office Furnishings,15.97,WEST,39.8,2013,Qtr 4,October,9,Regular Air,5.21,California,7.38,1
Los Angeles,1314,Keith Marsh,Home Office,0,William,Low,2013,Qtr 4,October,7,1,Office Supplies,Small Box,"Fellowes Premier Superior Surge Suppressor, 10-Outlet, With Phone and Remote",Appliances,286.98,WEST,2404.51,2013,Qtr 4,October,8,Regular Air,4.5,California,48.92,1
Los Angeles,1314,Keith Marsh,Home Office,0.05,William,Medium,2010,Qtr 3,July,5,1,Office Supplies,Large Box,"Tennsco Snap-Together Open Shelving Units, Starter Sets and Add-On Units",Storage & Organization,-274.95,WEST,8354.73,2010,Qtr 3,July,5,Regular Air,35,California,279.48,1
Los Angeles,1314,Keith Marsh,Home Office,0.03,William,Medium,2011,Qtr 3,August,6,1,Furniture,Large Box,Luxo Professional Combination Clamp-On Lamps,Office Furnishings,855.14,WEST,8686.35,2011,Qtr 3,August,8,Regular Air,21.26,California,102.3,1
Los Angeles,1481,Marvin MacDonald,Corporate,0.07,William,Low,2010,Qtr 1,March,27,1,Office Supplies,Wrap Bag,"Recycled Desk Saver Line ""While You Were Out"" Book, 5 1/2"" X 4""",Paper,91.73,WEST,307.65,2010,Qtr 1,March,28,Regular Air,2.01,California,8.95,1
Los Angeles,1481,Marvin MacDonald,Corporate,0.07,William,Low,2012,Qtr 3,July,24,1,Technology,Small Pack,BASF Silver 74 Minute CD-R,Computer Peripherals,-58.87,WEST,98.74,2012,Qtr 3,July,26,Regular Air,1.99,California,1.7,1
Los Angeles,1481,Marvin MacDonald,Corporate,0.05,William,Low,2013,Qtr 3,August,28,1,Furniture,Small Box,"Eldon Expressions™ Desk Accessory, Wood Pencil Holder, Oak",Office Furnishings,-28.16,WEST,665.9,2013,Qtr 3,August,29,Regular Air,6.22,California,9.65,1
Los Angeles,1751,Emma Harvey,Home Office,0.08,William,Low,2011,Qtr 1,February,9,1,Office Supplies,Small Box,"Geographics Note Cards, Blank, White, 8 1/2"" x 11""",Paper,-12.03,WEST,47.03,2011,Qtr 1,February,10,Regular Air,5.03,California,11.19,1
Los Angeles,1751,Emma Harvey,Home Office,0,William,Low,2013,Qtr 1,March,8,1,Office Supplies,Small Box,"#10- 4 1/8"" x 9 1/2"" Recycled Envelopes",Envelopes,-58.76,WEST,179.33,2013,Qtr 1,March,13,Regular Air,8.29,California,8.74,1
Los Angeles,1751,Emma Harvey,Home Office,0.1,William,Low,2013,Qtr 1,March,8,1,Technology,Small Pack,"Sony MFD2HD Formatted Diskettes, 10/Pack",Computer Peripherals,-44.86,WEST,105.85,2013,Qtr 1,March,10,Regular Air,2.74,California,6.48,1
Los Angeles,1751,Emma Harvey,Home Office,0.08,William,Low,2013,Qtr 3,September,19,1,Office Supplies,Small Box,Belkin 6 Outlet Metallic Surge Strip,Appliances,-30.97,WEST,668.98,2013,Qtr 3,September,28,Express Air,4.5,California,10.89,1
Los Angeles,1810,Denise Albright,Corporate,0.01,William,Low,2011,Qtr 2,June,6,1,Office Supplies,Wrap Bag,"REDIFORM Incoming/Outgoing Call Register, 11"" X 8 1/2"", 100 Messages",Paper,163.42,WEST,554.93,2011,Qtr 2,June,8,Regular Air,1.43,California,8.34,1
Los Angeles,1810,Denise Albright,Corporate,0.04,William,Low,2012,Qtr 3,September,15,1,Office Supplies,Small Box,Xerox 1953,Paper,-114.35,WEST,330.67,2012,Qtr 3,September,15,Regular Air,5.74,California,4.28,1
Los Angeles,1810,Denise Albright,Corporate,0,William,Low,2012,Qtr 3,September,15,1,Technology,Small Box,Belkin ErgoBoard™ Keyboard,Computer Peripherals,75.5,WEST,2396.88,2012,Qtr 3,September,16,Regular Air,6.5,California,30.98,1
Los Angeles,1810,Denise Albright,Corporate,0.1,William,Low,2012,Qtr 3,September,15,1,Technology,Small Box,MicroTAC 650,Telephones and Communication,53.649,WEST,2302.72,2012,Qtr 3,September,17,Regular Air,4.99,California,65.99,1
Los Angeles,1810,Denise Albright,Corporate,0.08,William,Low,2012,Qtr 4,October,21,1,Office Supplies,Small Pack,Boston 1730 StandUp Electric Pencil Sharpener,Pens & Art Supplies,-68.592,WEST,1289.52,2012,Qtr 4,October,21,Regular Air,8.99,California,21.38,1
Los Angeles,2431,Troy Cassidy,Consumer,0.05,William,Low,2010,Qtr 2,June,10,1,Office Supplies,Small Box,GBC Standard Plastic Binding Systems Combs,Binders and Binder Accessories,-9.177,WEST,199.08,2010,Qtr 2,June,11,Regular Air,5.6,California,8.85,1
Los Angeles,2431,Troy Cassidy,Consumer,0.07,William,Low,2010,Qtr 4,November,19,1,Office Supplies,Small Box,"Dual Level, Single-Width Filing Carts",Storage & Organization,-121.75,WEST,2039.07,2010,Qtr 4,November,19,Regular Air,7.07,California,155.06,1
Los Angeles,2431,Troy Cassidy,Consumer,0.07,William,Low,2011,Qtr 2,April,15,1,Furniture,Small Box,"Linden® 12"" Wall Clock With Oak Frame",Office Furnishings,-138.54,WEST,1031.23,2011,Qtr 2,April,17,Regular Air,19.99,California,33.98,1
Los Angeles,2431,Troy Cassidy,Consumer,0.09,William,Low,2012,Qtr 2,April,6,1,Office Supplies,Large Box,SAFCO Boltless Steel Shelving,Storage & Organization,-609.09,WEST,2450.07,2012,Qtr 2,April,6,Regular Air,35,California,113.64,1
Los Angeles,2431,Troy Cassidy,Consumer,0.03,William,Low,2013,Qtr 1,March,15,1,Office Supplies,Small Box,Cardinal Poly Pocket Divider Pockets for Ring Binders,Binders and Binder Accessories,-35.512,WEST,33.39,2013,Qtr 1,March,15,Regular Air,6.27,California,3.36,1
Los Angeles,2431,Troy Cassidy,Consumer,0.04,William,Low,2013,Qtr 2,April,29,1,Technology,Small Box,6190,Telephones and Communication,655.911,WEST,2251.91,2013,Qtr 2,May,1,Regular Air,2.5,California,65.99,1
Los Angeles,2431,Troy Cassidy,Consumer,0.09,William,Low,2013,Qtr 4,December,6,1,Office Supplies,Small Box,3M Organizer Strips,Binders and Binder Accessories,-69.529,WEST,174.46,2013,Qtr 4,December,8,Express Air,7.78,California,5.4,1
Los Angeles,2491,Sean N Boyer,Consumer,0.01,William,High,2013,Qtr 1,February,11,1,Technology,Jumbo Drum,Lexmark 4227 Plus Dot Matrix Printer,Office Machines,-1596.7458,WEST,13253.93,2013,Qtr 1,February,13,Delivery Truck,14.7,California,2036.48,1
Los Angeles,2491,Sean N Boyer,Consumer,0.06,William,Low,2010,Qtr 2,April,26,1,Office Supplies,Wrap Bag,Newell 336,Pens & Art Supplies,0.3699999999999992,WEST,38.96,2010,Qtr 2,April,28,Regular Air,0.94,California,4.28,1
Los Angeles,2491,Sean N Boyer,Consumer,0.08,William,Low,2010,Qtr 4,October,9,1,Office Supplies,Small Box,Avery 493,Labels,31.752,WEST,170.75,2010,Qtr 4,October,9,Regular Air,0.5,California,4.91,1
Los Angeles,2491,Sean N Boyer,Consumer,0.02,William,Low,2010,Qtr 4,October,9,1,Office Supplies,Small Pack,"Boston Model 1800 Electric Pencil Sharpener, Gray",Pens & Art Supplies,117.208,WEST,1339.42,2010,Qtr 4,October,10,Regular Air,6.17,California,28.15,1
Los Angeles,2491,Sean N Boyer,Consumer,0.08,William,Low,2011,Qtr 3,August,4,1,Furniture,Jumbo Drum,Office Star Flex Back Scooter Chair with Aluminum Finish Frame,Chairs & Chairmats,-62.19,WEST,284.48,2011,Qtr 3,August,5,Delivery Truck,42,California,100.89,1
Los Angeles,2491,Sean N Boyer,Consumer,0.08,William,Low,2011,Qtr 3,August,4,1,Office Supplies,Medium Box,Holmes Odor Grabber,Appliances,-54.34,WEST,1108.22,2011,Qtr 3,August,6,Regular Air,6.75,California,14.42,1
Los Angeles,2491,Sean N Boyer,Consumer,0.08,William,Low,2012,Qtr 3,July,22,1,Furniture,Jumbo Box,"O'Sullivan Elevations Bookcase, Cherry Finish",Bookcases,-581.59,WEST,4499.26,2012,Qtr 3,July,24,Delivery Truck,54.74,California,130.98,1
Los Angeles,2491,Sean N Boyer,Consumer,0,William,Low,2013,Qtr 3,September,14,1,Technology,Medium Box,1726 Digital Answering Machine,Telephones and Communication,-7.766,WEST,695.92,2013,Qtr 3,September,16,Regular Air,4.81,California,20.99,1
Los Angeles,2491,Sean N Boyer,Home Office,0.02,William,High,2012,Qtr 4,December,10,1,Furniture,Jumbo Drum,"Office Star - Contemporary Task Swivel chair with 2-way adjustable arms, Plum",Chairs & Chairmats,-287.62,WEST,11843.48,2012,Qtr 4,December,12,Delivery Truck,30,California,130.98,1
Los Angeles,2491,Sean N Boyer,Home Office,0.09,William,Low,2010,Qtr 1,February,14,1,Furniture,Jumbo Box,Bretford CR4500 Series Slim Rectangular Table,Tables,-93.84999999999991,WEST,2651.21,2010,Qtr 1,February,16,Delivery Truck,40.19,California,348.21,1
Los Angeles,2491,Sean N Boyer,Home Office,0.07,William,Low,2010,Qtr 3,July,12,1,Technology,Small Box,6120,Telephones and Communication,109.83600000000001,WEST,1939.03,2010,Qtr 3,July,12,Regular Air,8.8,California,65.99,1
Los Angeles,2491,Sean N Boyer,Home Office,0,William,Low,2010,Qtr 3,July,12,1,Technology,Small Pack,TDK 4.7GB DVD-R,Computer Peripherals,128.03,WEST,457.63,2010,Qtr 3,July,14,Express Air,1.99,California,10.01,1
Los Angeles,2491,Sean N Boyer,Home Office,0.08,William,Low,2011,Qtr 1,February,4,1,Office Supplies,Small Box,Xerox 1981,Paper,-121.91,WEST,257.39,2011,Qtr 1,February,4,Regular Air,5.57,California,5.28,1
Los Angeles,2491,Sean N Boyer,Home Office,0.05,William,Low,2012,Qtr 1,January,23,1,Office Supplies,Wrap Bag,Lumber Crayons,Pens & Art Supplies,-17.568,WEST,444.46,2012,Qtr 1,January,24,Regular Air,4.82,California,9.85,1
Los Angeles,2491,Sean N Boyer,Home Office,0.08,William,Low,2012,Qtr 1,January,30,1,Furniture,Small Box,"Eldon® Expressions™ Wood Desk Accessories, Oak",Office Furnishings,0.748,WEST,79.11,2012,Qtr 1,January,31,Regular Air,5.21,California,7.38,1
Los Angeles,2491,Sean N Boyer,Home Office,0.09,William,Low,2012,Qtr 2,April,16,1,Furniture,Medium Box,"Tenex Contemporary Contur Chairmats for Low and Medium Pile Carpet, Computer, 39"" x 49""",Office Furnishings,1116.98,WEST,4348.55,2012,Qtr 2,April,18,Regular Air,5.81,California,107.53,1
Los Angeles,2491,Sean N Boyer,Home Office,0.01,William,Low,2012,Qtr 4,December,10,1,Office Supplies,Large Box,Hoover Portapower™ Portable Vacuum,Appliances,-893.39,WEST,280.74,2012,Qtr 4,December,11,Regular Air,49,California,4.48,1
Los Angeles,2491,Sean N Boyer,Home Office,0.09,William,Low,2012,Qtr 4,December,10,1,Technology,Small Box,Logitech Access Keyboard,Computer Peripherals,-52.44,WEST,136.32,2012,Qtr 4,December,12,Regular Air,6.5,California,15.98,1
Los Angeles,2491,Sean N Boyer,Home Office,0.1,William,Low,2013,Qtr 2,June,19,1,Furniture,Jumbo Drum,Novimex Fabric Task Chair,Chairs & Chairmats,-626.08,WEST,2514.69,2013,Qtr 2,June,20,Delivery Truck,30,California,60.98,1
Los Angeles,2491,Sean N Boyer,Home Office,0.05,William,Low,2013,Qtr 2,June,19,1,Office Supplies,Small Box,"Avery Flip-Chart Easel Binder, Black",Binders and Binder Accessories,-56.212,WEST,631.14,2013,Qtr 2,June,21,Regular Air,15.1,California,22.38,1
Los Angeles,2491,Sean N Boyer,Home Office,0.02,William,Low,2013,Qtr 2,June,19,1,Office Supplies,Wrap Bag,Newell 335,Pens & Art Supplies,28.89,WEST,218.49,2013,Qtr 2,June,21,Regular Air,0.7,California,2.88,1
Los Angeles,2491,Sean N Boyer,Home Office,0.04,William,Medium,2010,Qtr 2,April,26,1,Office Supplies,Small Box,Smead Adjustable Mobile File Trolley with Lockable Top,Storage & Organization,1947.67,WEST,8048.45,2010,Qtr 2,April,27,Regular Air,19.99,California,419.19,1
Los Angeles,2548,Wayne Bass,Small Business,0,William,Low,2010,Qtr 2,April,4,1,Technology,Small Pack,Accessory31,Telephones and Communication,840.0509999999999,WEST,1477.57,2010,Qtr 2,April,11,Regular Air,0.99,California,35.99,1
Los Angeles,2548,Wayne Bass,Small Business,0.05,William,Low,2010,Qtr 2,April,21,1,Office Supplies,Small Box,Xerox 1951,Paper,61.47,WEST,382.29,2010,Qtr 2,April,21,Express Air,9.18,California,30.98,1
Los Angeles,2548,Wayne Bass,Small Business,0.05,William,Low,2010,Qtr 2,April,21,1,Office Supplies,Small Pack,Boston KS Multi-Size Manual Pencil Sharpener,Pens & Art Supplies,18.27,WEST,881.74,2010,Qtr 2,April,28,Regular Air,8.99,California,22.99,1
Los Angeles,2548,Wayne Bass,Small Business,0.09,William,Low,2010,Qtr 4,December,4,1,Office Supplies,Wrap Bag,"Dixon Ticonderoga® Erasable Colored Pencil Set, 12-Color",Pens & Art Supplies,23.87,WEST,448.26,2010,Qtr 4,December,7,Regular Air,1.67,California,5.98,1
Los Angeles,2548,Wayne Bass,Small Business,0.08,William,Low,2011,Qtr 2,June,17,1,Office Supplies,Small Box,"#10 White Business Envelopes,4 1/8 x 9 1/2",Envelopes,203.01,WEST,678.72,2011,Qtr 2,June,21,Regular Air,1.39,California,15.67,1
Los Angeles,2548,Wayne Bass,Small Business,0.09,William,Low,2011,Qtr 2,June,17,1,Technology,Small Pack,"80 Minute Slim Jewel Case CD-R , 10/Pack - Staples",Computer Peripherals,-17.01,WEST,100.32,2011,Qtr 2,June,19,Regular Air,1.99,California,8.33,1
Los Angeles,2548,Wayne Bass,Small Business,0.04,William,Low,2011,Qtr 3,July,26,1,Office Supplies,Small Box,Xerox 1935,Paper,479.62,WEST,1538.63,2011,Qtr 3,July,27,Regular Air,5.86,California,26.38,1
Los Angeles,2548,Wayne Bass,Small Business,0,William,Low,2011,Qtr 3,July,26,1,Office Supplies,Wrap Bag,"Avery Hi-Liter GlideStik Fluorescent Highlighter, Yellow Ink",Pens & Art Supplies,2.36,WEST,128.87,2011,Qtr 3,July,28,Regular Air,1.86,California,3.26,1
Los Angeles,2548,Wayne Bass,Small Business,0.09,William,Low,2012,Qtr 1,March,4,1,Office Supplies,Small Box,Avery Self-Adhesive Photo Pockets for Polaroid Photos,Binders and Binder Accessories,-73.62299999999999,WEST,223.09,2012,Qtr 1,March,6,Regular Air,5.48,California,6.81,1
Los Angeles,2548,Wayne Bass,Small Business,0.06,William,Low,2012,Qtr 1,March,4,1,Office Supplies,Small Box,"GBC Pre-Punched Binding Paper, Plastic, White, 8-1/2"" x 11""",Binders and Binder Accessories,-39.640499999999996,WEST,73.9,2012,Qtr 1,March,5,Regular Air,13.18,California,15.99,1
Los Angeles,2548,Wayne Bass,Small Business,0.03,William,Low,2013,Qtr 2,April,21,1,Office Supplies,Small Box,Pizazz® Global Quick File™,Storage & Organization,-8.4,WEST,22.61,2013,Qtr 2,April,23,Regular Air,7.51,California,14.97,1
Los Angeles,2548,Wayne Bass,Small Business,0.04,William,Low,2013,Qtr 2,May,30,1,Furniture,Jumbo Drum,Global Deluxe High-Back Office Chair in Storm,Chairs & Chairmats,-246.21,WEST,434.6,2013,Qtr 2,May,31,Delivery Truck,28.63,California,135.99,1
Los Angeles,2548,Wayne Bass,Small Business,0.05,William,Low,2013,Qtr 3,September,7,1,Office Supplies,Wrap Bag,12 Colored Short Pencils,Pens & Art Supplies,-17.69,WEST,71.69,2013,Qtr 3,September,9,Regular Air,2.4,California,2.6,1
Los Angeles,2548,Wayne Bass,Small Business,0.01,William,Low,2013,Qtr 4,October,24,1,Office Supplies,Small Pack,Boston 16765 Mini Stand Up Battery Pencil Sharpener,Pens & Art Supplies,-44.33,WEST,225.14,2013,Qtr 4,October,26,Regular Air,8.99,California,11.66,1
Los Angeles,2548,Wayne Bass,Small Business,0.02,William,Low,2013,Qtr 4,October,24,1,Office Supplies,Wrap Bag,Acco® Hot Clips™ Clips to Go,Rubber Bands,11.23,WEST,154.63,2013,Qtr 4,October,26,Regular Air,1.35,California,3.29,1
Los Angeles,2548,Wayne Bass,Small Business,0.04,William,Medium,2010,Qtr 2,April,21,1,Furniture,Jumbo Box,Bush Advantage Collection® Round Conference Table,Tables,-513.79042,WEST,7384.18,2010,Qtr 2,April,25,Delivery Truck,110.2,California,212.6,1
Los Angeles,2670,Yvonne Mann,Home Office,0.05,William,High,2010,Qtr 4,November,29,1,Office Supplies,Small Box,Economy Rollaway Files,Storage & Organization,2008.71,WEST,27587.55,2010,Qtr 4,November,29,Regular Air,19.99,California,165.2,1
Los Angeles,2670,Yvonne Mann,Home Office,0.09,William,Low,2010,Qtr 4,November,29,1,Office Supplies,Small Box,Model L Table or Wall-Mount Pencil Sharpener,Pens & Art Supplies,-80.53,WEST,1191.58,2010,Qtr 4,November,29,Regular Air,8.65,California,17.99,1
Los Angeles,2670,Yvonne Mann,Home Office,0.07,William,Low,2011,Qtr 1,January,19,1,Office Supplies,Small Box,Letter Size Cart,Storage & Organization,-139.744,WEST,155.51,2011,Qtr 1,January,22,Regular Air,19.99,California,142.86,1
Los Angeles,2670,Yvonne Mann,Home Office,0,William,Low,2013,Qtr 2,May,25,1,Office Supplies,Small Box,Avery 497,Labels,28.47,WEST,88.79,2013,Qtr 2,May,28,Regular Air,0.5,California,3.08,1
Los Angeles,2670,Yvonne Mann,Home Office,0.02,William,Low,2013,Qtr 2,May,25,1,Office Supplies,Small Box,"Letter/Legal File Tote with Clear Snap-On Lid, Black Granite",Storage & Organization,-44.92,WEST,767.31,2013,Qtr 2,May,27,Express Air,8.34,California,16.06,1
Los Angeles,2670,Yvonne Mann,Home Office,0.08,William,Low,2013,Qtr 2,May,25,1,Office Supplies,Wrap Bag,Assorted Color Push Pins,Rubber Bands,-4.17,WEST,109.21,2013,Qtr 2,May,27,Regular Air,0.75,California,1.81,1
Los Angeles,2670,Yvonne Mann,Home Office,0.06,William,Low,2013,Qtr 2,June,8,1,Office Supplies,Jumbo Drum,"Sanyo Counter Height Refrigerator with Crisper, 3.6 Cubic Foot, Stainless Steel/Black",Appliances,-473.66,WEST,1108.2,2013,Qtr 2,June,9,Delivery Truck,91.05,California,328.14,1
Los Angeles,2670,Yvonne Mann,Home Office,0,William,Low,2013,Qtr 2,June,8,1,Technology,Small Box,8860,Telephones and Communication,791.901,WEST,4126.07,2013,Qtr 2,June,9,Regular Air,5.26,California,65.99,1
Los Angeles,2670,Yvonne Mann,Home Office,0.09,William,Low,2013,Qtr 4,December,12,1,Office Supplies,Small Box,Ibico Covers for Plastic or Wire Binding Elements,Binders and Binder Accessories,-50.208999999999996,WEST,1066.94,2013,Qtr 4,December,14,Regular Air,7.19,California,11.5,1
Los Angeles,2670,Yvonne Mann,Home Office,0.09,William,Low,2013,Qtr 4,December,12,1,Office Supplies,Wrap Bag,"Premium Writing Pencils, Soft, #2 by Central Association for the Blind",Pens & Art Supplies,-22.32,WEST,123.88,2013,Qtr 4,December,14,Express Air,2.03,California,2.98,1
Los Angeles,2842,Jason Hernandez,Corporate,0.06,William,High,2013,Qtr 1,January,24,1,Furniture,Jumbo Drum,Global Troy™ Executive Leather Low-Back Tilter,Chairs & Chairmats,2755.344,WEST,25712.3,2013,Qtr 1,January,24,Delivery Truck,26,California,500.98,1
Los Angeles,2842,Jason Hernandez,Corporate,0.07,William,Low,2011,Qtr 1,March,27,1,Office Supplies,Large Box,Tennsco Industrial Shelving,Storage & Organization,-1231.87,WEST,2040.95,2011,Qtr 1,March,27,Regular Air,35,California,48.91,1
Los Angeles,2842,Jason Hernandez,Corporate,0.05,William,Low,2013,Qtr 1,January,24,1,Office Supplies,Small Box,Recycled Eldon Regeneration Jumbo File,Storage & Organization,-58.815999999999995,WEST,328.15,2013,Qtr 1,January,28,Regular Air,6.13,California,12.28,1
Los Angeles,3004,Maurice Everett,Corporate,0.05,William,High,2012,Qtr 4,October,21,1,Furniture,Jumbo Box,"Chromcraft 48"" x 96"" Racetrack Double Pedestal Table",Tables,1408.088,WEST,12702.85,2012,Qtr 4,October,22,Delivery Truck,29.2,California,320.64,1
Los Angeles,3004,Maurice Everett,Corporate,0.09,William,Low,2010,Qtr 3,August,10,1,Office Supplies,Jumbo Drum,"Tennsco Lockers, Gray",Storage & Organization,-293.74,WEST,356.61,2010,Qtr 3,August,17,Delivery Truck,53.03,California,20.98,1
Los Angeles,3004,Maurice Everett,Corporate,0.08,William,Low,2010,Qtr 3,August,10,1,Office Supplies,Small Box,Xerox 1930,Paper,-94.59,WEST,382.33,2010,Qtr 3,August,15,Regular Air,6.81,California,6.48,1
Los Angeles,3004,Maurice Everett,Corporate,0.08,William,Low,2011,Qtr 1,February,15,1,Office Supplies,Medium Box,Eldon Simplefile® Box Office®,Storage & Organization,-60.79,WEST,298.11,2011,Qtr 1,February,20,Regular Air,6.27,California,12.44,1
Los Angeles,3004,Maurice Everett,Corporate,0.06,William,Low,2011,Qtr 1,February,15,1,Office Supplies,Small Box,Avery 484,Labels,32.7,WEST,86.1,2011,Qtr 1,February,22,Regular Air,0.5,California,2.88,1
Los Angeles,3004,Maurice Everett,Corporate,0.02,William,Low,2011,Qtr 3,September,3,1,Technology,Small Box,US Robotics 56K V.92 External Faxmodem,Computer Peripherals,-270.48,WEST,1361.95,2011,Qtr 3,September,4,Regular Air,19.99,California,99.99,1
Los Angeles,3004,Maurice Everett,Corporate,0.01,William,Low,2011,Qtr 4,December,12,1,Furniture,Jumbo Box,O'Sullivan 5-Shelf Heavy-Duty Bookcases,Bookcases,-298.9,WEST,1321.44,2011,Qtr 4,December,13,Delivery Truck,55.81,California,81.94,1
Los Angeles,3004,Maurice Everett,Corporate,0.1,William,Low,2012,Qtr 1,February,28,1,Office Supplies,Wrap Bag,Newell 327,Pens & Art Supplies,-6.84,WEST,21.33,2012,Qtr 1,February,29,Regular Air,1.12,California,2.21,1
Los Angeles,3004,Maurice Everett,Corporate,0.01,William,Low,2012,Qtr 1,March,8,1,Office Supplies,Small Box,Wilson Jones “Snap” Scratch Pad Binder Tool for Ring Binders,Binders and Binder Accessories,-106.421,WEST,273.05,2012,Qtr 1,March,13,Regular Air,5.59,California,5.8,1
Los Angeles,3004,Maurice Everett,Corporate,0.01,William,Low,2012,Qtr 4,October,13,1,Office Supplies,Small Box,"GBC Laser Imprintable Binding System Covers, Desert Sand",Binders and Binder Accessories,29.144799999999996,WEST,761.87,2012,Qtr 4,October,15,Regular Air,7.27,California,14.27,1
Los Angeles,3004,Maurice Everett,Corporate,0.05,William,Medium,2013,Qtr 4,December,8,1,Office Supplies,Small Box,GBC Therma-A-Bind 250T Electric Binding System,Binders and Binder Accessories,1169.7105000000001,WEST,6781.02,2013,Qtr 4,December,11,Express Air,19.99,California,122.99,1
Los Angeles,3075,Gordon Brandt,Corporate,0.03,William,High,2012,Qtr 4,November,19,1,Furniture,Jumbo Box,"Riverside Palais Royal Lawyers Bookcase, Royale Cherry Finish",Bookcases,7497.55,WEST,100119.16,2012,Qtr 4,November,24,Delivery Truck,44.55,California,880.98,1
Los Angeles,3075,Gordon Brandt,Corporate,0.06,William,Low,2010,Qtr 3,August,31,1,Furniture,Small Pack,"Executive Impressions 13"" Clairmont Wall Clock",Office Furnishings,-25.38,WEST,84.6,2010,Qtr 3,August,31,Regular Air,6.15,California,19.23,1
Los Angeles,3075,Gordon Brandt,Corporate,0.07,William,Low,2011,Qtr 1,February,26,1,Furniture,Jumbo Drum,"Situations Contoured Folding Chairs, 4/Set",Chairs & Chairmats,-1701.96,WEST,3355.1,2011,Qtr 1,February,26,Delivery Truck,59.81,California,70.98,1
Los Angeles,3075,Gordon Brandt,Corporate,0.02,William,Low,2011,Qtr 1,February,26,1,Office Supplies,Wrap Bag,"Avery Hi-Liter Comfort Grip Fluorescent Highlighter, Yellow Ink",Pens & Art Supplies,-16.63,WEST,65.61,2011,Qtr 1,March,3,Regular Air,1.63,California,1.95,1
Los Angeles,3075,Gordon Brandt,Corporate,0.06,William,Low,2011,Qtr 1,February,26,1,Technology,Small Box,"Micro Innovations Micro Digital Wireless Keyboard and Mouse, Gray",Computer Peripherals,1021.07,WEST,2864.55,2011,Qtr 1,March,3,Regular Air,5.5,California,82.99,1
Los Angeles,3075,Gordon Brandt,Corporate,0.05,William,Low,2011,Qtr 1,March,1,1,Office Supplies,Small Box,Xerox 1929,Paper,20.09,WEST,180.79,2011,Qtr 1,March,2,Regular Air,5.47,California,22.84,1
Los Angeles,3075,Gordon Brandt,Corporate,0.03,William,Low,2012,Qtr 1,February,6,1,Office Supplies,Small Box,Premium Transparent Presentation Covers by GBC,Binders and Binder Accessories,85.68,WEST,790.08,2012,Qtr 1,February,8,Express Air,8.83,California,20.98,1
Los Angeles,3075,Gordon Brandt,Corporate,0.06,William,Low,2012,Qtr 1,February,6,1,Office Supplies,Small Box,Xerox 1947,Paper,-61.9,WEST,214.58,2012,Qtr 1,February,8,Regular Air,5.35,California,5.98,1
Los Angeles,3075,Gordon Brandt,Corporate,0.02,William,Low,2012,Qtr 4,November,19,1,Technology,Small Pack,"Imation 3.5 IBM Formatted Diskettes, 10/Box",Computer Peripherals,-31.2,WEST,31.86,2012,Qtr 4,November,23,Regular Air,2.38,California,8.32,1
Los Angeles,3075,Gordon Brandt,Corporate,0.02,William,Low,2013,Qtr 1,January,4,1,Furniture,Medium Box,Eldon Advantage® Foldable Chair Mats for Low Pile Carpets,Office Furnishings,57.23200000000001,WEST,172.04,2013,Qtr 1,January,4,Regular Air,11.1,California,54.2,1
Los Angeles,3075,Gordon Brandt,Corporate,0.1,William,Low,2013,Qtr 1,January,4,1,Office Supplies,Small Box,Recycled Steel Personal File for Standard File Folders,Storage & Organization,163.12,WEST,1886.52,2013,Qtr 1,January,5,Regular Air,5.08,California,55.29,1
Los Angeles,3075,Gordon Brandt,Corporate,0.06,William,Low,2013,Qtr 1,January,4,1,Office Supplies,Wrap Bag,"Snap-A-Way® Black Print Carbonless Ruled Speed Letter, Triplicate",Paper,-33.968,WEST,113.14,2013,Qtr 1,January,6,Regular Air,5.08,California,37.94,1
Los Angeles,3075,Gordon Brandt,Corporate,0.05,William,Low,2013,Qtr 2,June,25,1,Office Supplies,Small Box,Xerox 1980,Paper,-22.56,WEST,73.71,2013,Qtr 2,June,27,Express Air,6.18,California,4.28,1
Los Angeles,3075,Gordon Brandt,Corporate,0.02,William,Low,2013,Qtr 4,November,7,1,Office Supplies,Small Box,Xerox 4200 Series MultiUse Premium Copy Paper (20Lb. and 84 Bright),Paper,-93.78,WEST,764.75,2013,Qtr 4,November,8,Regular Air,5.66,California,5.28,1
Los Angeles,3075,Gordon Brandt,Corporate,0.03,William,Medium,2012,Qtr 4,November,19,1,Office Supplies,Small Box,Tripp Lite Isotel 8 Ultra 8 Outlet Metal Surge,Appliances,408.73,WEST,5083.23,2012,Qtr 4,November,21,Regular Air,3.5,California,70.97,1
Los Angeles,3075,Gordon Brandt,Corporate,0.1,William,Medium,2012,Qtr 4,November,19,1,Technology,Small Box,US Robotics 56K V.92 Internal PCI Faxmodem,Computer Peripherals,-37.19,WEST,7945.9,2012,Qtr 4,November,21,Regular Air,19.99,California,49.99,1
Los Angeles,3289,Emily Britt,Corporate,0.1,William,Low,2011,Qtr 3,September,26,1,Office Supplies,Small Box,"Avery Trapezoid Ring Binder, 3"" Capacity, Black, 1040 sheets",Binders and Binder Accessories,112.05550000000001,WEST,663.96,2011,Qtr 3,September,27,Express Air,2.99,California,40.98,1
Los Angeles,3289,Emily Britt,Corporate,0.09,William,Low,2011,Qtr 4,October,31,1,Office Supplies,Wrap Bag,Newell 340,Pens & Art Supplies,15,WEST,236.19,2011,Qtr 4,November,2,Regular Air,0.7,California,2.88,1
Los Angeles,3289,Emily Britt,Corporate,0.02,William,Low,2012,Qtr 1,January,24,1,Office Supplies,Small Box,Avery 501,Labels,-0.048000000000000397,WEST,14.96,2012,Qtr 1,January,26,Regular Air,0.5,California,3.69,1
Los Angeles,3289,Emily Britt,Corporate,0.09,William,Low,2012,Qtr 1,January,24,1,Office Supplies,Wrap Bag,Avery Hi-Liter Pen Style Six-Color Fluorescent Set,Pens & Art Supplies,-2.544,WEST,15.69,2012,Qtr 1,January,26,Regular Air,0.7,California,3.85,1
Los Angeles,3289,Emily Britt,Corporate,0.05,William,Low,2012,Qtr 1,March,4,1,Office Supplies,Small Box,Xerox 226,Paper,-41.99,WEST,140.9,2012,Qtr 1,March,7,Regular Air,5.84,California,6.48,1
Los Angeles,3289,Emily Britt,Corporate,0.03,William,Low,2012,Qtr 3,September,2,1,Office Supplies,Wrap Bag,"It's Hot Message Books with Stickers, 2 3/4"" x 5""",Paper,42.86,WEST,304.04,2012,Qtr 3,September,3,Express Air,1.71,California,7.4,1
Los Angeles,3289,Emily Britt,Corporate,0.05,William,Low,2012,Qtr 4,December,20,1,Furniture,Jumbo Box,Anderson Hickey Conga Table Tops & Accessories,Tables,11.650950000000002,WEST,1078.42,2012,Qtr 4,December,22,Delivery Truck,27.75,California,15.23,1
Los Angeles,3289,Emily Britt,Corporate,0.1,William,Low,2012,Qtr 4,December,30,1,Technology,Small Pack,"80 Minute Slim Jewel Case CD-R , 10/Pack - Staples",Computer Peripherals,21.68,WEST,565.16,2012,Qtr 4,December,30,Express Air,1.99,California,8.33,1
Los Angeles,3289,Emily Britt,Corporate,0.06,William,Low,2013,Qtr 3,July,31,1,Furniture,Jumbo Box,"Iceberg OfficeWorks 42"" Round Tables",Tables,25.20675,WEST,148.34,2013,Qtr 3,August,1,Delivery Truck,39.25,California,150.98,1
Los Angeles,3289,Emily Britt,Corporate,0.07,William,Low,2013,Qtr 3,September,9,1,Office Supplies,Small Box,"Blue String-Tie & Button Interoffice Envelopes, 10 x 13",Envelopes,179.37,WEST,1629.12,2013,Qtr 3,September,9,Regular Air,9.83,California,39.98,1
Los Angeles,3289,Emily Britt,Corporate,0,William,Low,2013,Qtr 3,September,9,1,Technology,Small Box,"Fellowes Internet Keyboard, Platinum",Computer Peripherals,-82.13,WEST,80.58,2013,Qtr 3,September,11,Regular Air,8.65,California,30.42,1
Los Angeles,3289,Emily Britt,Corporate,0.09,William,Medium,2013,Qtr 2,April,12,1,Office Supplies,Small Box,Kensington 7 Outlet MasterPiece Power Center with Fax/Phone Line Protection,Appliances,2164.64,WEST,6608.24,2013,Qtr 2,April,12,Regular Air,0.99,California,207.48,1
Los Banos,452,Leslie Rowland,Home Office,0.01,William,Low,2010,Qtr 2,May,27,1,Technology,Small Pack,Accessory36,Telephones and Communication,-235.895,WEST,51.83,2010,Qtr 2,May,28,Regular Air,5,California,55.99,1
Los Banos,452,Leslie Rowland,Home Office,0.01,William,Low,2011,Qtr 3,September,20,1,Furniture,Jumbo Box,BPI Conference Tables,Tables,-1704.89,WEST,2839.31,2011,Qtr 3,September,24,Delivery Truck,80.2,California,146.05,1
Los Banos,452,Leslie Rowland,Home Office,0.04,William,Low,2012,Qtr 4,October,3,1,Office Supplies,Small Pack,"Elite 5"" Scissors","Scissors, Rulers and Trimmers",-242.3628,WEST,206.69,2012,Qtr 4,October,5,Regular Air,7.77,California,8.45,1
Los Banos,452,Leslie Rowland,Home Office,0.04,William,Low,2012,Qtr 4,October,3,1,Technology,Small Box,282,Telephones and Communication,223.04664,WEST,810.18,2012,Qtr 4,October,5,Regular Air,4.23,California,115.99,1
Los Gatos,453,George Terry,Corporate,0.03,William,Low,2010,Qtr 2,May,8,1,Furniture,Small Box,"Seth Thomas 14"" Putty-Colored Wall Clock",Office Furnishings,-41.32,WEST,32.4,2010,Qtr 2,May,10,Regular Air,7.87,California,29.34,1
Los Gatos,453,George Terry,Home Office,0.07,William,Low,2011,Qtr 4,December,16,1,Technology,Small Box,V2397,Telephones and Communication,-129.426,WEST,424.67,2011,Qtr 4,December,18,Express Air,2.5,California,125.99,1
Los Gatos,453,George Terry,Home Office,0,William,Low,2012,Qtr 3,September,24,1,Furniture,Large Box,Hon 2111 Invitation™ Series Corner Table,Tables,-626.45,WEST,2011.23,2012,Qtr 4,October,3,Regular Air,69,California,209.37,1
Los Gatos,453,George Terry,Home Office,0.06,William,Low,2012,Qtr 3,September,24,1,Office Supplies,Small Box,Xerox 1989,Paper,-11.36,WEST,6.45,2012,Qtr 3,September,26,Regular Air,5.02,California,4.98,1
Los Gatos,453,George Terry,Home Office,0.06,William,Low,2012,Qtr 3,September,24,1,Office Supplies,Small Pack,Berol Giant Pencil Sharpener,Pens & Art Supplies,-91.31,WEST,286.73,2012,Qtr 3,September,28,Regular Air,8.99,California,16.99,1
Los Gatos,453,George Terry,Home Office,0.06,William,Low,2012,Qtr 3,September,24,1,Technology,Small Pack,"Memorex 4.7GB DVD-RAM, 3/Pack",Computer Peripherals,436.98389999999995,WEST,633.31,2012,Qtr 3,September,28,Regular Air,1.99,California,31.78,1
Los Gatos,453,George Terry,Home Office,0.07,William,Low,2013,Qtr 3,July,7,1,Technology,Small Box,8890,Telephones and Communication,1024.9122,WEST,1485.38,2013,Qtr 3,July,7,Regular Air,5.92,California,115.99,1
Los Gatos,453,George Terry,Home Office,0.02,William,Low,2013,Qtr 4,December,27,1,Office Supplies,Wrap Bag,Newell 326,Pens & Art Supplies,7.6710400000000005,WEST,22.61,2013,Qtr 4,December,28,Express Air,0.7,California,1.76,1
Lyndhurst,364,Evan Snow,Small Business,0.01,Erin,Low,2013,Qtr 2,May,13,1,Furniture,Jumbo Drum,Global Commerce™ Series High-Back Swivel/Tilt Chairs,Chairs & Chairmats,-51.280000000000086,EAST,629.27,2013,Qtr 2,May,15,Delivery Truck,69.55,New Jersey,284.98,1
Madison,1335,Ron Patrick,Small Business,0,Erin,Low,2012,Qtr 3,July,15,1,Office Supplies,Small Box,"Acco Six-Outlet Power Strip, 4' Cord Length",Appliances,-9.29,EAST,31.74,2012,Qtr 3,July,22,Express Air,4.5,New Jersey,8.62,1
Madison,2691,Frances Berman,Home Office,0.09,Erin,Low,2013,Qtr 1,January,16,1,Office Supplies,Wrap Bag,"Telephone Message Books with Fax/Mobile Section, 4 1/4"" x 6""",Paper,-8.4444,EAST,14.53,2013,Qtr 1,January,18,Express Air,2.2,New Jersey,3.6,1
Manhattan Beach,454,Gayle Waller,Corporate,0,William,Low,2013,Qtr 3,August,12,1,Furniture,Small Box,"DAX Copper Panel Document Frame, 5 x 7 Size",Office Furnishings,222.48391999999996,WEST,323.42,2013,Qtr 3,August,12,Regular Air,5.16,California,12.58,1
Manhattan Beach,454,Gayle Waller,Home Office,0.08,William,Low,2012,Qtr 2,May,31,1,Office Supplies,Small Box,Xerox 1881,Paper,-10.84,WEST,205.94,2012,Qtr 2,June,2,Regular Air,6.47,California,12.28,1
Manhattan Beach,454,Gayle Waller,Home Office,0.1,William,Low,2012,Qtr 2,May,31,1,Office Supplies,Small Box,Xerox 19,Paper,84.53,WEST,148.45,2012,Qtr 2,June,2,Express Air,5.09,California,30.98,1
Manhattan Beach,454,Gayle Waller,Home Office,0.01,William,Low,2012,Qtr 2,May,31,1,Technology,Small Pack,"Imation 3.5"" DS/HD IBM Formatted Diskettes, 50/Pack",Computer Peripherals,-125.8,WEST,168.37,2012,Qtr 2,June,2,Express Air,8.99,California,15.98,1
Manhattan Beach,454,Gayle Waller,Home Office,0.05,William,Low,2013,Qtr 2,June,12,1,Furniture,Small Pack,G.E. Longer-Life Indoor Recessed Floodlight Bulbs,Office Furnishings,-30.432,WEST,131.32,2013,Qtr 2,June,13,Regular Air,4.95,California,6.64,1
Manhattan Beach,454,Gayle Waller,Home Office,0.09,William,Low,2013,Qtr 2,June,12,1,Office Supplies,Medium Box,Bionaire Personal Warm Mist Humidifier/Vaporizer,Appliances,446.46449999999993,WEST,647.05,2013,Qtr 2,June,14,Regular Air,5.1,California,46.89,1
Manhattan Beach,454,Gayle Waller,Home Office,0.08,William,Low,2013,Qtr 3,August,15,1,Office Supplies,Small Box,"Hot File® 7-Pocket, Floor Stand",Storage & Organization,1825.2500999999997,WEST,2645.29,2013,Qtr 3,August,16,Regular Air,19.99,California,178.47,1
Manteca,510,Gregory Rao,Consumer,0.08,William,Low,2011,Qtr 3,July,25,1,Office Supplies,Small Box,Southworth Structures Collection™,Paper,-28.13,WEST,36.1,2011,Qtr 3,July,27,Regular Air,5.47,California,7.28,1
Manteca,510,Gregory Rao,Consumer,0.07,William,Low,2011,Qtr 4,November,16,1,Office Supplies,Small Box,GBC Standard Plastic Binding Systems Combs,Binders and Binder Accessories,1.3915000000000006,WEST,53.64,2011,Qtr 4,November,17,Express Air,5.6,California,8.85,1
Manteca,510,Gregory Rao,Consumer,0.01,William,Low,2011,Qtr 4,November,16,1,Technology,Large Box,Canon PC940 Copier,Copiers and Fax,53.32480000000004,WEST,4129.7,2011,Qtr 4,November,18,Regular Air,24.49,California,449.99,1
Manteca,510,Gregory Rao,Corporate,0.02,William,Low,2010,Qtr 1,January,13,1,Office Supplies,Small Box,Xerox 1910,Paper,105.25259999999999,WEST,152.54,2010,Qtr 1,January,13,Regular Air,5.09,California,48.04,1
Manteca,510,Gregory Rao,Corporate,0.03,William,Low,2010,Qtr 3,August,1,1,Office Supplies,Small Box,"C-Line Peel & Stick Add-On Filing Pockets, 8-3/4 x 5-1/8, 10/Pack",Binders and Binder Accessories,-29.0927,WEST,89.79,2010,Qtr 3,August,2,Regular Air,5.19,California,6.37,1
Manteca,510,Gregory Rao,Corporate,0.03,William,Low,2013,Qtr 1,January,13,1,Technology,Jumbo Drum,Panasonic KX-P1150 Dot Matrix Printer,Office Machines,-468.598356,WEST,148.45,2013,Qtr 1,January,18,Delivery Truck,17.85,California,145.45,1
Maple Shade,319,Jenny Henry,Corporate,0.05,Erin,Low,2013,Qtr 2,May,14,1,Office Supplies,Small Box,Xerox 1949,Paper,-55.54,EAST,44.47,2013,Qtr 2,May,15,Regular Air,4.72,New Jersey,4.98,1
Maple Shade,1166,Pamela C Kane,Corporate,0.06,Erin,High,2012,Qtr 4,December,7,1,Technology,Jumbo Box,Panasonic KX-P3626 Dot Matrix Printer,Office Machines,6914.131199999999,EAST,10020.48,2012,Qtr 4,December,8,Delivery Truck,16.63,New Jersey,517.48,1
Maplewood,2297,Cameron Livingston,Corporate,0.08,Erin,Low,2013,Qtr 2,May,13,1,Office Supplies,Small Box,Acco Smartsocket® Color-Coded Six-Outlet AC Adapter Model Surge Protectors,Appliances,423.20459999999997,EAST,613.34,2013,Qtr 2,May,15,Regular Air,3.5,New Jersey,44.01,1
Maplewood,2321,Harriet Hinson,Small Business,0.07,Erin,Low,2011,Qtr 4,October,10,1,Furniture,Wrap Bag,"Master Giant Foot® Doorstop, Safety Yellow",Office Furnishings,13.018,EAST,128.9,2011,Qtr 4,October,12,Regular Air,4,New Jersey,7.59,1
Margate,2309,Brent Coates,Small Business,0.06,Sam,High,2013,Qtr 4,November,30,1,Technology,Jumbo Drum,Epson DFX-8500 Dot Matrix Printer,Office Machines,24.528000000000002,SOUTH,20711.22,2013,Qtr 4,December,7,Delivery Truck,29.7,Florida,2550.14,1
Margate,2309,Brent Coates,Small Business,0.01,Sam,Low,2011,Qtr 2,May,1,1,Technology,Small Box,Timeport L7089,Telephones and Communication,-996.996,SOUTH,1224.54,2011,Qtr 2,May,2,Regular Air,7.69,Florida,125.99,1
Margate,2309,Brent Coates,Small Business,0.08,Sam,Low,2011,Qtr 2,May,1,1,Technology,Small Pack,TDK 4.7GB DVD-R,Computer Peripherals,400.3992,SOUTH,153.98,2011,Qtr 2,May,3,Regular Air,1.99,Florida,10.01,1
Margate,2309,Brent Coates,Small Business,0.04,Sam,Low,2012,Qtr 2,June,18,1,Office Supplies,Wrap Bag,Binder Clips by OIC,Rubber Bands,14.85,SOUTH,25.04,2012,Qtr 2,June,22,Express Air,0.7,Florida,1.48,1
Margate,2309,Brent Coates,Small Business,0.08,Sam,Low,2012,Qtr 2,June,18,1,Office Supplies,Wrap Bag,Prismacolor Color Pencil Set,Pens & Art Supplies,14.52,SOUTH,225.17,2012,Qtr 2,June,23,Regular Air,4.1,Florida,19.84,1
Melbourne,2441,Kenneth Capps,Consumer,0.02,Sam,Low,2010,Qtr 4,October,4,1,Furniture,Small Box,"Howard Miller 16"" Diameter Gallery Wall Clock",Office Furnishings,-100.17,SOUTH,709.7,2010,Qtr 4,October,4,Regular Air,14.48,Florida,63.94,1
Menlo Park,1389,Jean Khan,Consumer,0.09,William,Low,2010,Qtr 2,June,3,1,Office Supplies,Small Box,Avery 494,Labels,29.380199999999995,WEST,42.58,2010,Qtr 2,June,5,Regular Air,0.5,California,2.61,1
Menlo Park,1389,Jean Khan,Corporate,0.06,William,Low,2010,Qtr 1,January,25,1,Furniture,Small Pack,"Eldon Regeneration Recycled Desk Accessories, Smoke",Office Furnishings,-11.0732,WEST,2.77,2010,Qtr 1,January,26,Regular Air,4.08,California,1.74,1
Menlo Park,1389,Jean Khan,Corporate,0,William,Low,2011,Qtr 3,August,29,1,Furniture,Jumbo Drum,"Global Leather Task Chair, Black",Chairs & Chairmats,-208.1716,WEST,1625.11,2011,Qtr 3,August,31,Delivery Truck,42,California,89.99,1
Menlo Park,1389,Jean Khan,Small Business,0.08,William,Low,2010,Qtr 2,May,13,1,Office Supplies,Wrap Bag,Staples Metal Binder Clips,Rubber Bands,21.769499999999997,WEST,31.55,2010,Qtr 2,May,15,Express Air,0.8,California,2.62,1
Menlo Park,1389,Jean Khan,Small Business,0.03,William,Low,2012,Qtr 3,September,15,1,Technology,Large Box,Canon PC1060 Personal Laser Copier,Copiers and Fax,-2397.44,WEST,678.99,2012,Qtr 3,September,17,Regular Air,24.49,California,699.99,1
Menlo Park,1389,Jean Khan,Small Business,0.1,William,Low,2013,Qtr 1,February,2,1,Furniture,Small Pack,"Executive Impressions 12"" Wall Clock",Office Furnishings,8.650000000000006,WEST,166.11,2013,Qtr 1,February,6,Regular Air,8.99,California,17.67,1
Menlo Park,2439,Neal Currin,Consumer,0,William,Low,2011,Qtr 3,July,23,1,Office Supplies,Small Box,Belkin 8 Outlet SurgeMaster II Gold Surge Protector with Phone Protection,Appliances,157.45,WEST,252.66,2011,Qtr 3,July,25,Regular Air,4.5,California,80.98,1
Menlo Park,2439,Neal Currin,Corporate,0.05,William,Low,2011,Qtr 2,April,11,1,Technology,Small Box,5190,Telephones and Communication,0.7110000000000056,WEST,276.24,2011,Qtr 2,April,11,Regular Air,7.69,California,65.99,1
Menlo Park,2626,Lillian Fischer,Consumer,0.1,William,Low,2010,Qtr 3,August,7,1,Office Supplies,Small Box,"Avery Trapezoid Extra Heavy Duty 4"" Binders",Binders and Binder Accessories,164.082,WEST,237.8,2010,Qtr 3,August,8,Regular Air,2.99,California,41.94,1
Menlo Park,2626,Lillian Fischer,Consumer,0.02,William,Low,2013,Qtr 1,February,27,1,Furniture,Jumbo Box,Bretford Rectangular Conference Table Tops,Tables,483.95,WEST,4319.87,2013,Qtr 1,March,1,Delivery Truck,85.63,California,376.13,1
Menlo Park,2626,Lillian Fischer,Consumer,0.05,William,Low,2013,Qtr 1,March,4,1,Office Supplies,Wrap Bag,Newell 338,Pens & Art Supplies,1.82,WEST,11.82,2013,Qtr 1,March,5,Regular Air,0.7,California,2.94,1
Menlo Park,2626,Lillian Fischer,Consumer,0.06,William,Low,2013,Qtr 3,August,7,1,Office Supplies,Wrap Bag,"Brites Rubber Bands, 1 1/2 oz. Box",Rubber Bands,-5.87664,WEST,20.83,2013,Qtr 3,August,7,Regular Air,0.7,California,1.98,1
Menlo Park,2626,Lillian Fischer,Corporate,0,William,Low,2012,Qtr 1,February,18,1,Office Supplies,Small Box,"Conquest™ 14 Commercial Heavy-Duty Upright Vacuum, Collection System, Accessory Kit",Appliances,596.8086,WEST,864.94,2012,Qtr 1,February,23,Regular Air,13.22,California,56.96,1
Menlo Park,2626,Lillian Fischer,Corporate,0.08,William,Medium,2012,Qtr 1,February,18,1,Technology,Jumbo Drum,Okidata ML390 Turbo Dot Matrix Printers,Office Machines,3867.6363,WEST,5605.27,2012,Qtr 1,February,23,Delivery Truck,14.7,California,442.14,1
Merritt Island,2442,Natalie Aldridge,Consumer,0.01,Sam,Low,2010,Qtr 4,October,4,1,Technology,Small Pack,"Imation 3.5, DISKETTE 44766 HGHLD3.52HD/FM, 10/Pack",Computer Peripherals,-3.9479999999999995,SOUTH,27.42,2010,Qtr 4,October,6,Regular Air,5.14,Florida,5.02,1
Merritt Island,2442,Natalie Aldridge,Consumer,0.09,Sam,Low,2011,Qtr 1,March,14,1,Office Supplies,Small Box,Staples 6 Outlet Surge,Appliances,-66.696,SOUTH,116.68,2011,Qtr 1,March,16,Regular Air,4.98,Florida,11.97,1
Merritt Island,2442,Natalie Aldridge,Consumer,0.02,Sam,Low,2012,Qtr 1,February,1,1,Technology,Small Box,5180,Telephones and Communication,12.491999999999999,SOUTH,62.64,2012,Qtr 1,February,3,Regular Air,8.99,Florida,65.99,1
Merritt Island,2442,Natalie Aldridge,Corporate,0.04,Sam,Low,2013,Qtr 4,November,22,1,Office Supplies,Small Box,Xerox 1916,Paper,422.28,SOUTH,2217.2,2013,Qtr 4,November,26,Regular Air,5.86,Florida,48.94,1
Merritt Island,2442,Natalie Aldridge,Corporate,0.07,Sam,Low,2013,Qtr 4,December,4,1,Furniture,Jumbo Box,O'Sullivan 2-Shelf Heavy-Duty Bookcases,Bookcases,2.448,SOUTH,102.9,2013,Qtr 4,December,6,Delivery Truck,54.11,Florida,48.58,1
Mesa,526,April Hu,Home Office,0.09,William,Low,2010,Qtr 2,May,25,1,Technology,Medium Box,Canon P1-DHIII Palm Printing Calculator,Office Machines,-6.612000000000011,WEST,211.13,2010,Qtr 2,May,27,Regular Air,8.51,Arizona,17.98,1
Mesa,526,April Hu,Home Office,0,William,Low,2010,Qtr 3,July,17,1,Office Supplies,Small Box,Staples® General Use 3-Ring Binders,Binders and Binder Accessories,-15.5595,WEST,25.39,2010,Qtr 3,July,18,Regular Air,1.49,Arizona,1.88,1
Mesa,526,April Hu,Home Office,0.06,William,Low,2010,Qtr 3,July,17,1,Office Supplies,Small Box,Xerox 1978,Paper,-108.19,WEST,87.27,2010,Qtr 3,July,18,Regular Air,5.67,Arizona,5.78,1
Mesa,526,April Hu,Home Office,0.03,William,Low,2011,Qtr 2,May,11,1,Technology,Small Pack,Accessory20,Telephones and Communication,898.173,WEST,1301.7,2011,Qtr 2,May,13,Regular Air,3.3,Arizona,85.99,1
Mesa,526,April Hu,Home Office,0.06,William,Low,2012,Qtr 2,June,28,1,Office Supplies,Large Box,Carina Double Wide Media Storage Towers in Natural & Black,Storage & Organization,-817.616,WEST,1256.66,2012,Qtr 2,June,29,Regular Air,35,Arizona,80.98,1
Mesa,526,April Hu,Home Office,0.05,William,Low,2012,Qtr 2,June,28,1,Office Supplies,Small Box,"Tenex Personal Filing Tote With Secure Closure Lid, Black/Frost",Storage & Organization,-22.863999999999997,WEST,91.61,2012,Qtr 2,June,30,Regular Air,5.8,Arizona,15.51,1
Miami,342,Jacqueline Noble,Corporate,0.01,Sam,High,2013,Qtr 4,October,28,1,Technology,Small Box,Adesso Programmable 142-Key Keyboard,Computer Peripherals,407.96299999999997,SOUTH,14642.66,2013,Qtr 4,October,30,Regular Air,4,Florida,152.48,1
Miami,342,Jacqueline Noble,Corporate,0.01,Sam,Low,2010,Qtr 4,November,4,1,Office Supplies,Wrap Bag,"Avery Hi-Liter GlideStik Fluorescent Highlighter, Yellow Ink",Pens & Art Supplies,-4.6682999999999995,SOUTH,73.97,2010,Qtr 4,November,6,Regular Air,1.86,Florida,3.26,1
Miami,342,Jacqueline Noble,Corporate,0.07,Sam,Low,2013,Qtr 1,February,15,1,Office Supplies,Wrap Bag,Newell 309,Pens & Art Supplies,-8.9509,SOUTH,13.53,2013,Qtr 1,February,17,Regular Air,2.36,Florida,11.55,1
Miami,342,Jacqueline Noble,Corporate,0.03,Sam,Low,2013,Qtr 1,March,8,1,Office Supplies,Small Box,"Tenex Personal Project File with Scoop Front Design, Black",Storage & Organization,-3.3914999999999997,SOUTH,173.97,2013,Qtr 1,March,9,Regular Air,4.51,Florida,13.48,1
Miami,342,Jacqueline Noble,Corporate,0.03,Sam,Low,2013,Qtr 3,July,31,1,Furniture,Jumbo Box,Anderson Hickey Conga Table Tops & Accessories,Tables,7.806136500000001,SOUTH,511.35,2013,Qtr 3,August,1,Delivery Truck,27.75,Florida,15.23,1
Miami,342,Jacqueline Noble,Corporate,0.02,Sam,Low,2013,Qtr 4,October,28,1,Technology,Small Box,T193,Telephones and Communication,207.82395,SOUTH,3204.73,2013,Qtr 4,November,4,Regular Air,4.99,Florida,65.99,1
Miami,342,Jacqueline Noble,Corporate,0.04,Sam,Medium,2013,Qtr 1,February,15,1,Technology,Small Box,2160,Telephones and Communication,1073.0988000000002,SOUTH,5008.76,2013,Qtr 1,February,22,Regular Air,5.99,Florida,115.99,1
Miami,349,Kim Weiss,Home Office,0.09,Sam,High,2012,Qtr 3,September,9,1,Furniture,Jumbo Box,"Chromcraft Bull-Nose Wood 48"" x 96"" Rectangular Conference Tables",Tables,-1770.9659767800001,SOUTH,40136.93,2012,Qtr 3,September,11,Delivery Truck,64.59,Florida,550.98,1
Miami,349,Kim Weiss,Home Office,0.07,Sam,High,2012,Qtr 4,November,17,1,Office Supplies,Small Box,Fellowes PB500 Electric Punch Plastic Comb Binding Machine with Manual Bind,Binders and Binder Accessories,-542.9266150000001,SOUTH,11938.4,2012,Qtr 4,November,19,Regular Air,19.99,Florida,1270.99,1
Miami,349,Kim Weiss,Home Office,0,Sam,Low,2010,Qtr 2,June,9,1,Office Supplies,Small Pack,Acme® Elite Stainless Steel Scissors,"Scissors, Rulers and Trimmers",5.8625,SOUTH,212.89,2010,Qtr 2,June,11,Express Air,2.64,Florida,8.34,1
Miami,349,Kim Weiss,Home Office,0.05,Sam,Low,2012,Qtr 2,April,5,1,Office Supplies,Small Box,"Peel & Seel® Recycled Catalog Envelopes, Brown",Envelopes,7.236000000000001,SOUTH,292.49,2012,Qtr 2,April,7,Regular Air,5.72,Florida,11.58,1
Miami,349,Kim Weiss,Home Office,0.01,Sam,Low,2012,Qtr 2,April,13,1,Office Supplies,Small Box,Avery 49,Labels,32.5821,SOUTH,131.72,2012,Qtr 2,April,14,Regular Air,0.5,Florida,2.88,1
Miami,349,Kim Weiss,Home Office,0.07,Sam,Low,2012,Qtr 4,November,17,1,Office Supplies,Small Box,Self-Adhesive Address Labels for Typewriters by Universal,Labels,22.143499999999996,SOUTH,305.12,2012,Qtr 4,November,17,Regular Air,0.49,Florida,7.31,1
Miami,349,Kim Weiss,Home Office,0.02,Sam,Low,2012,Qtr 4,December,10,1,Office Supplies,Small Box,Xerox 1983,Paper,-80.9039,SOUTH,374.26,2012,Qtr 4,December,11,Regular Air,5.46,Florida,5.98,1
Miami,349,Kim Weiss,Home Office,0.04,Sam,Medium,2010,Qtr 3,July,2,1,Furniture,Small Pack,"GE 48"" Fluorescent Tube, Cool White Energy Saver, 34 Watts, 30/Box",Office Furnishings,1916.6757,SOUTH,5555.6,2010,Qtr 3,July,4,Regular Air,8.99,Florida,99.23,1
Miami,806,Judy Singer,Small Business,0,Sam,Low,2012,Qtr 1,March,16,1,Office Supplies,Small Box,Xerox 1951,Paper,279.80539999999996,SOUTH,1745.16,2012,Qtr 1,March,18,Regular Air,9.18,Florida,30.98,1
Miami,806,Judy Singer,Small Business,0.06,Sam,Medium,2010,Qtr 3,July,9,1,Technology,Medium Box,VTech VT20-2481 2.4GHz Two-Line Phone System w/Answering Machine,Telephones and Communication,1220.03784,SOUTH,8332.91,2010,Qtr 3,July,11,Express Air,13.99,Florida,179.99,1
Miami,1291,Maria Jackson,Small Business,0,Sam,Low,2011,Qtr 1,March,15,1,Technology,Medium Box,Canon MP100DHII Printing Calculator,Office Machines,215.2375,SOUTH,1612.93,2011,Qtr 1,March,17,Regular Air,13.99,Florida,140.99,1
Miami,1291,Maria Jackson,Small Business,0.08,Sam,Low,2012,Qtr 1,March,17,1,Technology,Large Box,Canon PC940 Copier,Copiers and Fax,-2692.0250699999997,SOUTH,885.94,2012,Qtr 1,March,19,Regular Air,24.49,Florida,449.99,1
Miami,1291,Maria Jackson,Small Business,0.09,Sam,Low,2013,Qtr 3,July,9,1,Office Supplies,Small Box,Xerox 1881,Paper,-18.6599,SOUTH,438,2013,Qtr 3,July,11,Regular Air,6.47,Florida,12.28,1
Miami,1822,Caroline Morton,Corporate,0.09,Sam,High,2011,Qtr 1,January,10,1,Furniture,Jumbo Drum,Global Troy™ Executive Leather Low-Back Tilter,Chairs & Chairmats,3594.8381,SOUTH,21390.44,2011,Qtr 1,January,10,Delivery Truck,26,Florida,500.98,1
Miami,1822,Caroline Morton,Corporate,0.08,Sam,High,2012,Qtr 4,December,11,1,Technology,Small Box,Gyration Ultra Professional Cordless Optical Suite,Computer Peripherals,3238.2909,SOUTH,25717.76,2012,Qtr 4,December,11,Regular Air,7.18,Florida,300.97,1
Miami,1822,Caroline Morton,Corporate,0.09,Sam,Low,2011,Qtr 1,January,10,1,Office Supplies,Large Box,Tennsco Commercial Shelving,Storage & Organization,-259.15049999999997,SOUTH,169.75,2011,Qtr 1,January,15,Regular Air,35,Florida,20.34,1
Miami,1822,Caroline Morton,Corporate,0.04,Sam,Low,2012,Qtr 1,February,3,1,Technology,Small Pack,"80 Minute CD-R Spindle, 100/Pack - Staples",Computer Peripherals,169.9187,SOUTH,1221.92,2012,Qtr 1,February,10,Regular Air,1.99,Florida,39.48,1
Miami,1822,Caroline Morton,Corporate,0,Sam,Low,2012,Qtr 4,December,11,1,Furniture,Small Box,"Eldon® 300 Class™ Desk Accessories, Black",Office Furnishings,-85.1865,SOUTH,293.38,2012,Qtr 4,December,13,Regular Air,5.32,Florida,4.95,1
Miami,1822,Caroline Morton,Corporate,0,Sam,Low,2013,Qtr 3,August,2,1,Technology,Small Pack,"Imation Printable White 80 Minute CD-R Spindle, 50/Pack",Computer Peripherals,563.1082,SOUTH,4012.76,2013,Qtr 3,August,4,Regular Air,1.99,Florida,40.98,1
Miami,1959,Bonnie Matthews Rowland,Consumer,0.01,Sam,Low,2012,Qtr 4,October,9,1,Furniture,Large Box,Dana Halogen Swing-Arm Architect Lamp,Office Furnishings,-45.7919,SOUTH,397.44,2012,Qtr 4,October,10,Express Air,14.45,Florida,40.97,1
Miami,1959,Bonnie Matthews Rowland,Consumer,0.01,Sam,Low,2013,Qtr 4,October,16,1,Furniture,Wrap Bag,Flat Face Poster Frame,Office Furnishings,171.9019,SOUTH,1384.62,2013,Qtr 4,October,23,Regular Air,3.62,Florida,18.84,1
Miami,1959,Bonnie Matthews Rowland,Corporate,0,Sam,Low,2010,Qtr 1,January,22,1,Furniture,Small Box,"Career Cubicle Clock, 8 1/4"", Black",Office Furnishings,-66.2473,SOUTH,206.04,2010,Qtr 1,January,22,Regular Air,14.39,Florida,20.28,1
Miami,1959,Bonnie Matthews Rowland,Corporate,0.03,Sam,Low,2011,Qtr 3,July,21,1,Furniture,Wrap Bag,3M Hangers With Command Adhesive,Office Furnishings,3.5175,SOUTH,72.15,2011,Qtr 3,July,23,Regular Air,1.61,Florida,3.7,1
Miami,1959,Bonnie Matthews Rowland,Corporate,0.1,Sam,Low,2013,Qtr 2,May,4,1,Furniture,Small Box,"Eldon® Expressions™ Wood Desk Accessories, Oak",Office Furnishings,-126.0574,SOUTH,324.6,2013,Qtr 2,May,9,Regular Air,5.21,Florida,7.38,1
Miami,1959,Bonnie Matthews Rowland,Corporate,0.03,Sam,Low,2013,Qtr 3,July,11,1,Furniture,Small Box,Staples Plastic Wall Frames,Office Furnishings,0.08710000000000001,SOUTH,277.24,2013,Qtr 3,July,12,Express Air,4.95,Florida,7.96,1
Miami,1959,Bonnie Matthews Rowland,Home Office,0.1,Sam,High,2011,Qtr 4,December,25,1,Furniture,Jumbo Box,BoxOffice By Design Rectangular and Half-Moon Meeting Room Tables,Tables,-2341.5594300000002,SOUTH,16959.3,2011,Qtr 4,December,27,Delivery Truck,69.64,Florida,218.75,1
Miami,1959,Bonnie Matthews Rowland,Home Office,0.02,Sam,Low,2010,Qtr 4,October,18,1,Office Supplies,Small Box,Hammermill Color Copier Paper (28Lb. and 96 Bright),Paper,-171.1577,SOUTH,475.42,2010,Qtr 4,October,27,Regular Air,11.59,Florida,9.99,1
Miami,1959,Bonnie Matthews Rowland,Home Office,0.02,Sam,Low,2010,Qtr 4,October,18,1,Office Supplies,Small Box,Xerox 1937,Paper,624.239,SOUTH,3598.82,2010,Qtr 4,October,23,Regular Air,5.79,Florida,48.04,1
Miami,1959,Bonnie Matthews Rowland,Home Office,0.04,Sam,Low,2010,Qtr 4,October,18,1,Office Supplies,Small Box,Xerox 1986,Paper,-14.3241,SOUTH,41.22,2010,Qtr 4,October,25,Regular Air,4.91,Florida,6.68,1
Miami,1959,Bonnie Matthews Rowland,Home Office,0.08,Sam,Low,2011,Qtr 4,December,25,1,Furniture,Jumbo Box,"Sauder Forest Hills Library, Woodland Oak Finish",Bookcases,-606.214,SOUTH,4166.98,2011,Qtr 4,December,27,Delivery Truck,36.09,Florida,140.98,1
Miami,1959,Bonnie Matthews Rowland,Home Office,0.08,Sam,Low,2012,Qtr 2,April,5,1,Office Supplies,Small Box,"Letter/Legal File Tote with Clear Snap-On Lid, Black Granite",Storage & Organization,-75.4243,SOUTH,204.96,2012,Qtr 2,April,5,Regular Air,8.34,Florida,16.06,1
Miami,1959,Bonnie Matthews Rowland,Home Office,0.02,Sam,Low,2012,Qtr 2,April,8,1,Furniture,Jumbo Drum,"Global Leather & Oak Executive Chair, Burgundy",Chairs & Chairmats,-673.5519,SOUTH,1893.37,2012,Qtr 2,April,11,Delivery Truck,60.2,Florida,150.89,1
Miami,1959,Bonnie Matthews Rowland,Home Office,0.03,Sam,Low,2012,Qtr 2,April,8,1,Office Supplies,Large Box,Hoover Portapower™ Portable Vacuum,Appliances,-1190.6692,SOUTH,152.37,2012,Qtr 2,April,9,Regular Air,49,Florida,4.48,1
Miami,1959,Bonnie Matthews Rowland,Home Office,0.07,Sam,Low,2012,Qtr 3,September,11,1,Furniture,Small Box,"Seth Thomas 12"" Clock w/ Goldtone Case",Office Furnishings,-25.615800000000004,SOUTH,207.8,2012,Qtr 3,September,13,Express Air,7.58,Florida,22.98,1
Miami,1959,Bonnie Matthews Rowland,Home Office,0.05,Sam,Low,2013,Qtr 3,September,24,1,Furniture,Wrap Bag,"Tenex Carpeted, Granite-Look or Clear Contemporary Contour Shape Chair Mats",Office Furnishings,-1157.9113,SOUTH,4310.92,2013,Qtr 3,September,24,Regular Air,37.58,Florida,70.71,1
Miami,1959,Bonnie Matthews Rowland,Home Office,0.07,Sam,Medium,2011,Qtr 4,December,25,1,Furniture,Medium Box,Eldon ClusterMat Chair Mat with Cordless Antistatic Protection,Office Furnishings,-1926.9439,SOUTH,5434.66,2011,Qtr 4,December,26,Regular Air,56.2,Florida,90.98,1
Miami,2443,Danny Richmond,Consumer,0.02,Sam,Low,2012,Qtr 1,February,6,1,Office Supplies,Small Box,Avery White Multi-Purpose Labels,Labels,138.384,SOUTH,25.38,2012,Qtr 1,February,9,Regular Air,0.49,Florida,4.98,1
Miami,2443,Danny Richmond,Consumer,0.03,Sam,Low,2012,Qtr 1,February,6,1,Office Supplies,Wrap Bag,"Dixon Ticonderoga Core-Lock Colored Pencils, 48-Color Set",Pens & Art Supplies,-41.5702,SOUTH,43.46,2012,Qtr 1,February,8,Regular Air,13.89,Florida,36.55,1
Miami,2443,Danny Richmond,Consumer,0.04,Sam,Low,2012,Qtr 3,August,16,1,Technology,Small Box,US Robotics 56K V.92 Internal PCI Faxmodem,Computer Peripherals,256.002,SOUTH,728.89,2012,Qtr 3,August,17,Regular Air,19.99,Florida,49.99,1
Miami,2443,Danny Richmond,Corporate,0.05,Sam,Low,2010,Qtr 1,January,18,1,Office Supplies,Small Box,Avery Arch Ring Binders,Binders and Binder Accessories,1633.9859999999999,SOUTH,739.06,2010,Qtr 1,January,18,Regular Air,1.49,Florida,58.1,1
Miami,2443,Danny Richmond,Corporate,0.06,Sam,Low,2010,Qtr 4,December,1,1,Office Supplies,Wrap Bag,"Binney & Smith inkTank™ Erasable Pocket Highlighter, Chisel Tip, Yellow",Pens & Art Supplies,-2002.6314000000002,SOUTH,30.47,2010,Qtr 4,December,3,Regular Air,5.2,Florida,2.28,1
Miami,2443,Danny Richmond,Corporate,0.1,Sam,Low,2011,Qtr 3,August,9,1,Technology,Small Pack,"Sony MFD2HD Formatted Diskettes, 10/Pack",Computer Peripherals,-67.3946,SOUTH,86.93,2011,Qtr 3,August,10,Regular Air,2.74,Florida,6.48,1
Miami,2443,Danny Richmond,Corporate,0.07,Sam,Low,2012,Qtr 3,September,27,1,Office Supplies,Small Box,"Acco Recycled 2"" Capacity Laser Printer Hanging Data Binders",Binders and Binder Accessories,-30.422,SOUTH,45.4,2012,Qtr 3,September,30,Regular Air,7.17,Florida,14.45,1
Millville,460,Anne Armstrong,Home Office,0.07,Erin,Low,2010,Qtr 4,November,23,1,Office Supplies,Small Box,"Tenex Personal Self-Stacking Standard File Box, Black/Gray",Storage & Organization,7.900000000000006,EAST,492.9,2010,Qtr 4,November,30,Regular Air,6.25,New Jersey,16.91,1
Millville,2940,Rhonda Lutz,Small Business,0.04,Erin,Low,2011,Qtr 3,July,31,1,Technology,Wrap Bag,Accessory4,Telephones and Communication,-305.965,EAST,357.86,2011,Qtr 3,August,1,Regular Air,0.99,New Jersey,85.99,1
Miramar,2641,Juanita Bennett,Home Office,0.03,Sam,Low,2011,Qtr 2,April,16,1,Office Supplies,Small Box,Avery White Multi-Purpose Labels,Labels,192.222,SOUTH,39.8,2011,Qtr 2,April,17,Regular Air,0.49,Florida,4.98,1
Miramar,2641,Juanita Bennett,Home Office,0.06,Sam,Low,2011,Qtr 2,April,16,1,Office Supplies,Small Box,Xerox 1984,Paper,-297.2662,SOUTH,35.08,2011,Qtr 2,April,16,Regular Air,8.74,Florida,6.48,1
Miramar,2641,Juanita Bennett,Home Office,0.03,Sam,Low,2011,Qtr 2,April,16,1,Technology,Small Box,"IBM Active Response Keyboard, Black",Computer Peripherals,181.9368,SOUTH,163.77,2011,Qtr 2,April,17,Express Air,7.12,Florida,39.98,1
Miramar,2641,Juanita Bennett,Home Office,0.01,Sam,Low,2012,Qtr 2,April,6,1,Office Supplies,Small Pack,"Acme® 8"" Straight Scissors","Scissors, Rulers and Trimmers",0.36599999999999966,SOUTH,81.01,2012,Qtr 2,April,8,Regular Air,3.14,Florida,12.98,1
Miramar,2641,Juanita Bennett,Home Office,0.06,Sam,Low,2013,Qtr 1,February,6,1,Technology,Small Box,StarTAC 7760,Telephones and Communication,-58.47800000000001,SOUTH,603.19,2013,Qtr 1,February,7,Regular Air,3.99,Florida,65.99,1
Miramar,2641,Juanita Bennett,Home Office,0.09,Sam,Low,2013,Qtr 2,June,28,1,Furniture,Jumbo Box,Hon 94000 Series Round Tables,Tables,3.528,SOUTH,2769.96,2013,Qtr 2,June,29,Delivery Truck,54.12,Florida,296.18,1
Miramar,2641,Juanita Bennett,Home Office,0.04,Sam,Low,2013,Qtr 3,September,18,1,Office Supplies,Small Box,Xerox 231,Paper,-179.732,SOUTH,87.68,2013,Qtr 3,September,20,Regular Air,5.11,Florida,6.48,1
Mission Viejo,786,Jason Bray,Home Office,0,William,Low,2010,Qtr 2,April,6,1,Office Supplies,Small Box,Southworth 25% Cotton Antique Laid Paper & Envelopes,Paper,-5.05,WEST,76.23,2010,Qtr 2,April,7,Regular Air,4.82,California,8.34,1
Mission Viejo,786,Jason Bray,Home Office,0.02,William,Low,2011,Qtr 2,April,29,1,Furniture,Jumbo Box,Bretford CR4500 Series Slim Rectangular Table,Tables,-4560.43,WEST,3327.55,2011,Qtr 2,May,1,Delivery Truck,40.19,California,348.21,1
Mission Viejo,786,Jason Bray,Home Office,0.05,William,Low,2013,Qtr 1,March,3,1,Office Supplies,Jumbo Drum,"Holmes Replacement Filter for HEPA Air Cleaner, Very Large Room, HEPA Filter",Appliances,-527.83,WEST,427.48,2013,Qtr 1,March,5,Delivery Truck,60,California,68.81,1
Mission Viejo,786,Jason Bray,Home Office,0.03,William,Low,2013,Qtr 1,March,3,1,Office Supplies,Small Pack,"Acme Design Line 8"" Stainless Steel Bent Scissors w/Champagne Handles, 3-1/8"" Cut","Scissors, Rulers and Trimmers",-48.28,WEST,16.03,2013,Qtr 1,March,5,Regular Air,8.37,California,6.84,1
Mission Viejo,786,Jason Bray,Home Office,0.09,William,Low,2013,Qtr 2,April,6,1,Office Supplies,Small Box,Computer Printout Paper with Letter-Trim Perforations,Paper,67.03,WEST,186.73,2013,Qtr 2,April,7,Express Air,9.03,California,18.97,1
Mission Viejo,786,Jason Bray,Home Office,0.06,William,Low,2013,Qtr 3,July,26,1,Furniture,Jumbo Box,KI Conference Tables,Tables,-2766.61584,WEST,1183.23,2013,Qtr 3,July,27,Delivery Truck,89.3,California,70.89,1
Modesto,787,Kristen Callahan,Home Office,0.08,William,Low,2011,Qtr 4,December,17,1,Technology,Small Box,252,Telephones and Communication,70.6455,WEST,439.97,2011,Qtr 4,December,17,Regular Air,5.92,California,65.99,1
Modesto,787,Kristen Callahan,Home Office,0.04,William,Low,2012,Qtr 4,October,28,1,Technology,Medium Box,"Sharp EL501VB Scientific Calculator, Battery Operated, 10-Digit Display, Hard Case",Office Machines,-29.888675999999997,WEST,12.54,2012,Qtr 4,October,29,Regular Air,5.76,California,9.49,1
Modesto,787,Kristen Callahan,Home Office,0.08,William,Low,2013,Qtr 2,May,3,1,Furniture,Jumbo Box,"Bush Westfield Collection Bookcases, Fully Assembled",Bookcases,-335.77,WEST,1433.08,2013,Qtr 2,May,8,Delivery Truck,35.84,California,100.98,1
Modesto,901,Lester Wilcox,Consumer,0.01,William,Low,2011,Qtr 2,May,17,1,Technology,Jumbo Drum,Epson LQ-570e Dot Matrix Printer,Office Machines,2206.0817999999995,WEST,3197.22,2011,Qtr 2,May,24,Delivery Truck,28.06,California,270.97,1
Modesto,901,Lester Wilcox,Consumer,0.09,William,Low,2011,Qtr 3,July,9,1,Furniture,Wrap Bag,Eldon Radial Chair Mat for Low to Medium Pile Carpets,Office Furnishings,154.16,WEST,409.73,2011,Qtr 3,July,11,Express Air,9.2,California,39.98,1
Modesto,901,Lester Wilcox,Consumer,0.06,William,Low,2011,Qtr 4,December,18,1,Office Supplies,Wrap Bag,OIC Thumb-Tacks,Rubber Bands,-0.73,WEST,21.9,2011,Qtr 4,December,20,Regular Air,0.7,California,1.14,1
Modesto,901,Lester Wilcox,Consumer,0.06,William,Low,2012,Qtr 3,September,19,1,Office Supplies,Small Box,"Acco Four Pocket Poly Ring Binder with Label Holder, Smoke, 1""",Binders and Binder Accessories,-36.225,WEST,47.26,2012,Qtr 3,September,21,Regular Air,6.28,California,7.45,1
Montclair,490,Jeff Lassiter,Corporate,0,Erin,Low,2013,Qtr 4,October,30,1,Furniture,Large Box,Hon 2111 Invitation™ Series Corner Table,Tables,-505.98447900000014,EAST,1369.41,2013,Qtr 4,November,4,Regular Air,69,New Jersey,209.37,1
Montclair,1584,Milton Davenport,Corporate,0.03,Erin,Low,2012,Qtr 2,May,4,1,Office Supplies,Small Box,"Letter/Legal File Tote with Clear Snap-On Lid, Black Granite",Storage & Organization,-39.92,EAST,68.14,2012,Qtr 2,May,6,Regular Air,8.34,New Jersey,16.06,1
Montebello,1155,Alex Nicholson,Consumer,0.09,William,Low,2010,Qtr 1,January,2,1,Office Supplies,Wrap Bag,"Black Print Carbonless Snap-Off® Rapid Letter, 8 1/2"" x 7""",Paper,20.2996,WEST,34.41,2010,Qtr 1,January,4,Express Air,2.15,California,9.11,1
Montebello,1155,Alex Nicholson,Consumer,0.08,William,Low,2010,Qtr 1,January,2,1,Office Supplies,Wrap Bag,White GlueTop Scratch Pads,Paper,108.5163,WEST,157.27,2010,Qtr 1,January,2,Regular Air,1.97,California,15.04,1
Montebello,1155,Alex Nicholson,Consumer,0.01,William,Low,2011,Qtr 2,May,28,1,Technology,Small Pack,"Memorex 4.7GB DVD-RAM, 3/Pack",Computer Peripherals,325.197,WEST,471.3,2011,Qtr 2,May,29,Regular Air,1.99,California,31.78,1
Montebello,1173,Kara Capps,Home Office,0.08,William,Low,2013,Qtr 2,May,5,1,Office Supplies,Small Box,Xerox 1881,Paper,25.58,WEST,160.67,2013,Qtr 2,May,5,Regular Air,6.47,California,12.28,1
Moreno Valley,1410,Charles Ward,Corporate,0,William,Low,2010,Qtr 2,April,7,1,Technology,Small Box,g520,Telephones and Communication,369.9987,WEST,536.23,2010,Qtr 2,April,8,Regular Air,5.26,California,65.99,1
Moreno Valley,1410,Charles Ward,Corporate,0,William,Low,2011,Qtr 1,February,12,1,Technology,Small Box,Fellowes 17-key keypad for PS/2 interface,Computer Peripherals,-26.83,WEST,159.26,2011,Qtr 1,February,19,Regular Air,4,California,30.73,1
Moreno Valley,1410,Charles Ward,Corporate,0.01,William,Low,2011,Qtr 3,September,6,1,Technology,Small Box,US Robotics 56K V.92 External Faxmodem,Computer Peripherals,199.73,WEST,917.73,2011,Qtr 3,September,8,Regular Air,19.99,California,99.99,1
Moreno Valley,1410,Charles Ward,Corporate,0.02,William,Low,2011,Qtr 4,December,31,1,Furniture,Small Box,"Career Cubicle Clock, 8 1/4"", Black",Office Furnishings,19.368299999999998,WEST,28.07,2011,Qtr 4,December,31,Regular Air,14.39,California,20.28,1
Moreno Valley,1410,Charles Ward,Corporate,0.06,William,Low,2012,Qtr 4,November,24,1,Office Supplies,Small Box,Belkin F5C206VTEL 6 Outlet Surge,Appliances,576.114,WEST,983.69,2012,Qtr 4,November,25,Regular Air,4.5,California,22.98,1
Moreno Valley,1410,Charles Ward,Corporate,0.04,William,Low,2013,Qtr 4,December,2,1,Furniture,Wrap Bag,Document Clip Frames,Office Furnishings,-2.9568000000000003,WEST,8.49,2013,Qtr 4,December,3,Regular Air,0.96,California,8.34,1
Moreno Valley,1410,Charles Ward,Corporate,0.04,William,Low,2013,Qtr 4,December,2,1,Technology,Small Box,LX 677,Telephones and Communication,1406.8272,WEST,2038.88,2013,Qtr 4,December,2,Regular Air,8.99,California,110.99,1
Morgan Hill,1411,Larry Neal,Corporate,0.03,William,Low,2011,Qtr 1,January,14,1,Office Supplies,Small Box,"Tyvek ® Top-Opening Peel & Seel ® Envelopes, Gray",Envelopes,75.3894,WEST,109.26,2011,Qtr 1,January,15,Regular Air,6.66,California,35.94,1
Morgan Hill,1411,Larry Neal,Corporate,0,William,Low,2011,Qtr 4,December,31,1,Technology,Small Box,i1000,Telephones and Communication,429.543,WEST,715.93,2012,Qtr 1,January,2,Regular Air,5.99,California,65.99,1
Morgan Hill,1411,Larry Neal,Corporate,0.09,William,Low,2012,Qtr 1,January,9,1,Office Supplies,Small Box,"Wilson Jones 1"" Hanging DublLock® Ring Binders",Binders and Binder Accessories,-15.971200000000001,WEST,54.2,2012,Qtr 1,January,10,Regular Air,2.99,California,5.28,1
Morgan Hill,1411,Larry Neal,Corporate,0.03,William,Low,2012,Qtr 1,January,9,1,Office Supplies,Wrap Bag,"Important Message Pads, 50 4-1/4 x 5-1/2 Forms per Pad",Paper,10.488000000000001,WEST,55.18,2012,Qtr 1,January,10,Regular Air,2.26,California,4.2,1
Morgan Hill,1411,Larry Neal,Corporate,0.08,William,Low,2012,Qtr 3,July,26,1,Office Supplies,Small Box,Belkin 6 Outlet Metallic Surge Strip,Appliances,-18.5,WEST,12.02,2012,Qtr 3,July,30,Regular Air,4.5,California,10.89,1
Morgan Hill,1411,Larry Neal,Corporate,0.04,William,Low,2012,Qtr 3,July,26,1,Office Supplies,Small Box,Belkin F9M820V08 8 Outlet Surge,Appliances,445.24319999999994,WEST,645.28,2012,Qtr 3,August,4,Regular Air,4.62,California,42.98,1
Morgan Hill,1411,Larry Neal,Corporate,0.03,William,Low,2013,Qtr 3,September,30,1,Office Supplies,Small Box,Trimflex™ Flexible Post Binders,Binders and Binder Accessories,302.9445,WEST,439.05,2013,Qtr 4,October,1,Express Air,2.99,California,21.38,1
Morristown,2407,Danielle Williamson,Consumer,0.09,Erin,Low,2012,Qtr 1,March,1,1,Office Supplies,Wrap Bag,Newell 310,Pens & Art Supplies,-2.44,EAST,15.48,2012,Qtr 1,March,2,Regular Air,0.7,New Jersey,1.76,1
Morristown,2941,Leah Pollock,Small Business,0.05,Erin,Low,2010,Qtr 2,May,26,1,Office Supplies,Wrap Bag,Staples Metal Binder Clips,Rubber Bands,12.71,EAST,21.41,2010,Qtr 2,May,27,Regular Air,0.8,New Jersey,2.62,1
Mount Vernon,2038,Peter Adams,Corporate,0.09,Erin,Low,2013,Qtr 3,August,21,1,Furniture,Large Box,Luxo Professional Fluorescent Magnifier Lamp with Clamp-Mount Base,Office Furnishings,1338.0825,EAST,1939.25,2013,Qtr 3,August,24,Regular Air,21.21,New York,209.84,1
Mount Vernon,2038,Peter Adams,Small Business,0.06,Erin,Low,2010,Qtr 2,April,21,1,Office Supplies,Small Box,Xerox 1893,Paper,109.16,EAST,277.12,2010,Qtr 2,April,21,Regular Air,17.48,New York,40.99,1
Mount Vernon,2088,Carrie Boyle,Corporate,0.06,Erin,Low,2011,Qtr 4,December,28,1,Technology,Small Box,6000,Telephones and Communication,187.488,EAST,451.34,2012,Qtr 1,January,14,Regular Air,2.5,New York,65.99,1
Mount Vernon,2088,Carrie Boyle,Corporate,0.03,Erin,Low,2013,Qtr 3,July,30,1,Office Supplies,Small Box,Xerox 1966,Paper,-39.60816,EAST,42.47,2013,Qtr 3,August,1,Regular Air,6.65,New York,6.48,1
Mount Vernon,2088,Carrie Boyle,Corporate,0.07,Erin,Low,2013,Qtr 4,October,23,1,Office Supplies,Small Box,"Acco Pressboard Covers with Storage Hooks, 14 7/8"" x 11"", Dark Blue",Binders and Binder Accessories,-117.921,EAST,72.35,2013,Qtr 4,October,24,Express Air,5.44,New York,3.81,1
Mountain View,65,Jenny Sanchez,Corporate,0.01,William,Low,2012,Qtr 2,May,2,1,Technology,Small Box,iDEN i550,Telephones and Communication,1312.038,WEST,2395.13,2012,Qtr 2,May,3,Regular Air,19.99,California,205.99,1
Mountain View,1412,Marc Ray,Corporate,0.08,William,Low,2010,Qtr 3,August,2,1,Office Supplies,Wrap Bag,Avery Hi-Liter® Fluorescent Desk Style Markers,Pens & Art Supplies,20.4536,WEST,38.81,2010,Qtr 3,August,4,Regular Air,0.85,California,3.38,1
Mountain View,1412,Marc Ray,Corporate,0.02,William,Low,2013,Qtr 3,August,2,1,Technology,Small Pack,Maxell DVD-RAM Discs,Computer Peripherals,99.06329999999998,WEST,143.57,2013,Qtr 3,August,4,Express Air,1.99,California,16.48,1
Murrieta,66,Arlene Rouse,Corporate,0.09,William,Low,2012,Qtr 2,May,2,1,Office Supplies,Small Box,Multimedia Mailers,Envelopes,1451.9394,WEST,2104.26,2012,Qtr 2,May,4,Regular Air,19.99,California,162.93,1
Murrieta,66,Arlene Rouse,Corporate,0.06,William,Low,2013,Qtr 2,June,12,1,Office Supplies,Wrap Bag,"Black Print Carbonless Snap-Off® Rapid Letter, 8 1/2"" x 7""",Paper,95.37869999999998,WEST,138.23,2013,Qtr 2,June,13,Regular Air,2.15,California,9.11,1
Napa,67,Ellen McCormick,Corporate,0.05,William,Low,2010,Qtr 1,January,2,1,Office Supplies,Small Box,"Dual Level, Single-Width Filing Carts",Storage & Organization,845.6639999999999,WEST,1225.6,2010,Qtr 1,January,9,Regular Air,7.07,California,155.06,1
Napa,67,Ellen McCormick,Corporate,0,William,Low,2013,Qtr 1,January,2,1,Furniture,Jumbo Drum,Hon 4070 Series Pagoda™ Armless Upholstered Stacking Chairs,Chairs & Chairmats,-239.41920000000002,WEST,309.77,2013,Qtr 1,January,2,Delivery Truck,48.8,California,291.73,1
Napa,67,Ellen McCormick,Corporate,0.07,William,Low,2013,Qtr 1,January,2,1,Furniture,Jumbo Drum,Hon Valutask™ Swivel Chairs,Chairs & Chairmats,-1301.8139999999999,WEST,1139.49,2013,Qtr 1,January,4,Delivery Truck,45,California,100.98,1
Napa,67,Ellen McCormick,Corporate,0.1,William,Low,2013,Qtr 1,March,12,1,Office Supplies,Small Box,Ibico Ibimaster 300 Manual Binding System,Binders and Binder Accessories,2159.5344,WEST,3129.76,2013,Qtr 1,March,14,Regular Air,19.99,California,367.99,1
Napa,67,Ellen McCormick,Corporate,0.1,William,Low,2013,Qtr 1,March,12,1,Office Supplies,Small Box,Storex DuraTech Recycled Plastic Frosted Binders,Binders and Binder Accessories,-67.459,WEST,21.27,2013,Qtr 1,March,14,Regular Air,5.41,California,4.24,1
New Brunswick,1456,Randy Collier,Corporate,0.07,Erin,Low,2013,Qtr 1,January,5,1,Technology,Small Box,I888 World Phone,Telephones and Communication,-333.40252,EAST,395.83,2013,Qtr 1,January,6,Regular Air,8.08,New Jersey,155.99,1
New Brunswick,2605,Susan Chase,Corporate,0.02,Erin,Low,2011,Qtr 2,May,20,1,Office Supplies,Small Box,Xerox 1885,Paper,172.6104,EAST,250.16,2011,Qtr 2,May,20,Express Air,7.23,New Jersey,48.04,1
New City,2089,Annie Odom,Corporate,0.08,Erin,High,2010,Qtr 4,December,30,1,Technology,Large Box,Hewlett Packard LaserJet 3310 Copier,Copiers and Fax,8798.183099999998,EAST,12750.99,2011,Qtr 1,January,8,Regular Air,24.49,New York,599.99,1
New City,2089,Annie Odom,Corporate,0.06,Erin,Low,2010,Qtr 4,December,30,1,Office Supplies,Small Box,Fellowes Superior 10 Outlet Split Surge Protector,Appliances,450.45959999999997,EAST,652.84,2011,Qtr 1,January,6,Regular Air,4.5,New York,38.06,1
New City,2089,Annie Odom,Corporate,0.1,Erin,Low,2010,Qtr 4,December,30,1,Office Supplies,Wrap Bag,Unpadded Memo Slips,Paper,-5.385,EAST,20.54,2011,Qtr 1,January,4,Express Air,2.97,New York,3.98,1
New City,2089,Annie Odom,Corporate,0.04,Erin,Low,2011,Qtr 1,January,10,1,Furniture,Medium Box,"Deflect-o RollaMat Studded, Beveled Mat for Medium Pile Carpeting",Office Furnishings,121.9648,EAST,297.67,2011,Qtr 1,January,11,Regular Air,39.61,New York,92.23,1
New City,2089,Annie Odom,Corporate,0.09,Erin,Low,2011,Qtr 1,January,10,1,Office Supplies,Wrap Bag,Newell 35,Pens & Art Supplies,-157.108,EAST,28.95,2011,Qtr 1,January,10,Express Air,5,New York,3.28,1
New City,2089,Annie Odom,Corporate,0.02,Erin,Low,2011,Qtr 4,November,27,1,Office Supplies,Small Box,Xerox 210,Paper,7.040000000000006,EAST,58.37,2011,Qtr 4,November,29,Regular Air,7.37,New York,6.48,1
New City,2089,Annie Odom,Corporate,0.02,Erin,Low,2013,Qtr 3,September,19,1,Office Supplies,Small Box,Self-Adhesive Removable Labels,Labels,28.428,EAST,41.2,2013,Qtr 3,September,21,Regular Air,0.49,New York,3.15,1
New Milford,1099,Judy Simpson,Home Office,0.02,Erin,Low,2013,Qtr 2,April,24,1,Office Supplies,Small Box,"Advantus 10-Drawer Portable Organizer, Chrome Metal Frame, Smoke Drawers",Storage & Organization,52.89,EAST,178.34,2013,Qtr 2,April,25,Regular Air,9.71,New Jersey,59.76,1
New Milford,1222,Gladys Wilkinson,Small Business,0.01,Erin,Low,2012,Qtr 1,March,22,1,Technology,Small Box,3390,Telephones and Communication,357.5856,EAST,518.24,2012,Qtr 1,March,23,Express Air,5.31,New Jersey,65.99,1
New Rochelle,2090,Glenda Dougherty,Corporate,0.02,Erin,Low,2012,Qtr 2,May,22,1,Office Supplies,Small Box,Ibico Covers for Plastic or Wire Binding Elements,Binders and Binder Accessories,-2.3804999999999996,EAST,185.11,2012,Qtr 2,May,24,Express Air,7.19,New York,11.5,1
New Rochelle,2090,Glenda Dougherty,Corporate,0.08,Erin,Medium,2013,Qtr 4,December,29,1,Office Supplies,Small Box,Ibico Ibimaster 300 Manual Binding System,Binders and Binder Accessories,4378.1673,EAST,6345.17,2013,Qtr 4,December,29,Express Air,19.99,New York,367.99,1
New Smyrna Beach,803,Marianne Goldstein,Small Business,0.03,Sam,Low,2010,Qtr 4,October,29,1,Technology,Small Box,Accessory27,Telephones and Communication,-184.548,SOUTH,93.82,2010,Qtr 4,October,30,Regular Air,5,Florida,35.99,1
New Smyrna Beach,803,Marianne Goldstein,Small Business,0.04,Sam,Low,2012,Qtr 1,February,28,1,Office Supplies,Small Pack,Fiskars® Softgrip Scissors,"Scissors, Rulers and Trimmers",-137.63889999999998,SOUTH,11.95,2012,Qtr 1,February,29,Regular Air,3.37,Florida,10.98,1
New Smyrna Beach,803,Marianne Goldstein,Small Business,0.02,Sam,Low,2012,Qtr 1,February,28,1,Office Supplies,Wrap Bag,"Wirebound Message Book, 4 per Page",Paper,-556.5406,SOUTH,21.58,2012,Qtr 1,February,29,Regular Air,0.95,Florida,5.43,1
New York City,21,Tony Wilkins Winters,Small Business,0.02,Erin,High,2013,Qtr 4,October,2,1,Furniture,Jumbo Drum,Office Star Flex Back Scooter Chair with White Frame,Chairs & Chairmats,126.31,EAST,10303.73,2013,Qtr 4,October,4,Delivery Truck,30,New York,110.98,1
New York City,21,Tony Wilkins Winters,Small Business,0.05,Erin,Low,2010,Qtr 2,May,15,1,Furniture,Small Box,DAX Natural Wood-Tone Poster Frame,Office Furnishings,384.38,EAST,1876.69,2010,Qtr 2,May,16,Regular Air,6.93,New York,26.48,1
New York City,21,Tony Wilkins Winters,Small Business,0.08,Erin,Low,2010,Qtr 2,May,21,1,Office Supplies,Wrap Bag,Advantus Plastic Paper Clips,Rubber Bands,-17.49,EAST,293.06,2010,Qtr 2,May,22,Regular Air,3.39,New York,5,1
New York City,21,Tony Wilkins Winters,Small Business,0.07,Erin,Low,2010,Qtr 2,May,21,1,Technology,Medium Box,Hewlett Packard 6S Scientific Calculator,Office Machines,-114.63990000000001,EAST,914.29,2010,Qtr 2,May,23,Regular Air,9.44,New York,12.99,1
New York City,21,Tony Wilkins Winters,Small Business,0,Erin,Low,2011,Qtr 1,March,7,1,Office Supplies,Small Box,Xerox 197,Paper,-41.82,EAST,49.61,2011,Qtr 1,March,8,Regular Air,17.08,New York,30.98,1
New York City,21,Tony Wilkins Winters,Small Business,0.05,Erin,Low,2011,Qtr 2,April,20,1,Office Supplies,Wrap Bag,"Dixon My First Ticonderoga Pencil, #2",Pens & Art Supplies,-6.82,EAST,54.79,2011,Qtr 2,April,24,Regular Air,2.27,New York,5.85,1
New York City,21,Tony Wilkins Winters,Small Business,0.05,Erin,Low,2012,Qtr 2,April,6,1,Office Supplies,Small Box,Hoover Commercial Soft Guard Upright Vacuum And Disposable Filtration Bags,Appliances,-96.33,EAST,156.38,2012,Qtr 2,April,8,Express Air,9.23,New York,7.77,1
New York City,21,Tony Wilkins Winters,Small Business,0.08,Erin,Low,2012,Qtr 2,May,15,1,Office Supplies,Small Box,Belkin F9M820V08 8 Outlet Surge,Appliances,461.65,EAST,2585.97,2012,Qtr 2,May,16,Express Air,4.62,New York,42.98,1
New York City,21,Tony Wilkins Winters,Small Business,0.07,Erin,Low,2012,Qtr 2,May,15,1,Office Supplies,Small Box,"Fellowes Twister Kit, Gray/Clear, 3/pkg",Binders and Binder Accessories,-117.1045,EAST,303.4,2012,Qtr 2,May,15,Express Air,8.94,New York,8.04,1
New York City,21,Tony Wilkins Winters,Small Business,0,Erin,Low,2012,Qtr 2,May,31,1,Furniture,Jumbo Box,Anderson Hickey Conga Table Tops & Accessories,Tables,-53.784,EAST,122.4,2012,Qtr 2,June,1,Delivery Truck,27.75,New York,15.23,1
New York City,21,Tony Wilkins Winters,Small Business,0.06,Erin,Low,2012,Qtr 2,May,31,1,Office Supplies,Large Box,Space Solutions Commercial Steel Shelving,Storage & Organization,-929.68,EAST,3085.41,2012,Qtr 2,June,2,Express Air,35,New York,64.65,1
New York City,21,Tony Wilkins Winters,Small Business,0.01,Erin,Low,2013,Qtr 4,October,2,1,Office Supplies,Small Box,Avery 485,Labels,223.38,EAST,872.68,2013,Qtr 4,October,4,Regular Air,0.5,New York,12.53,1
New York City,68,Scott Bunn,Corporate,0.1,Erin,High,2013,Qtr 1,March,12,1,Office Supplies,Small Box,Ibico Ibimaster 300 Manual Binding System,Binders and Binder Accessories,4592.737,EAST,11823.52,2013,Qtr 1,March,14,Regular Air,19.99,New York,367.99,1
New York City,68,Scott Bunn,Corporate,0,Erin,Low,2010,Qtr 1,January,2,1,Furniture,Jumbo Drum,Hon 4070 Series Pagoda™ Armless Upholstered Stacking Chairs,Chairs & Chairmats,-308.928,EAST,1239.06,2010,Qtr 1,January,2,Delivery Truck,48.8,New York,291.73,1
New York City,68,Scott Bunn,Corporate,0.07,Erin,Low,2010,Qtr 1,January,2,1,Furniture,Jumbo Drum,Hon Valutask™ Swivel Chairs,Chairs & Chairmats,-1679.7599999999998,EAST,4083.19,2010,Qtr 1,January,4,Delivery Truck,45,New York,100.98,1
New York City,68,Scott Bunn,Corporate,0.05,Erin,Low,2010,Qtr 1,January,2,1,Office Supplies,Small Box,"Dual Level, Single-Width Filing Carts",Storage & Organization,575.3960000000001,EAST,4902.38,2010,Qtr 1,January,9,Regular Air,7.07,New York,155.06,1
New York City,68,Scott Bunn,Corporate,0.1,Erin,Low,2013,Qtr 1,March,12,1,Office Supplies,Small Box,Storex DuraTech Recycled Plastic Frosted Binders,Binders and Binder Accessories,-67.459,EAST,80.81,2013,Qtr 1,March,14,Regular Air,5.41,New York,4.24,1
New York City,68,Scott Bunn,Corporate,0.06,Erin,Low,2013,Qtr 2,June,12,1,Office Supplies,Wrap Bag,"Black Print Carbonless Snap-Off® Rapid Letter, 8 1/2"" x 7""",Paper,122.06,EAST,571.35,2013,Qtr 2,June,13,Regular Air,2.15,New York,9.11,1
New York City,68,Scott Bunn,Corporate,0.09,Erin,Medium,2010,Qtr 1,February,2,1,Furniture,Jumbo Drum,"Global High-Back Leather Tilter, Burgundy",Chairs & Chairmats,-2426.55,EAST,5718.85,2010,Qtr 1,February,4,Delivery Truck,70.2,New York,122.99,1
New York City,68,Scott Bunn,Corporate,0.09,Erin,Medium,2012,Qtr 2,May,2,1,Office Supplies,Small Box,Multimedia Mailers,Envelopes,2077.91,EAST,8567.34,2012,Qtr 2,May,4,Regular Air,19.99,New York,162.93,1
New York City,68,Scott Bunn,Corporate,0.07,Erin,Medium,2012,Qtr 2,May,2,1,Technology,Small Box,2160i,Telephones and Communication,947.3129999999999,EAST,7340.38,2012,Qtr 2,May,3,Regular Air,4.2,New York,200.99,1
New York City,68,Scott Bunn,Corporate,0.01,Erin,Medium,2012,Qtr 2,May,2,1,Technology,Small Box,iDEN i550,Telephones and Communication,1312.038,EAST,9764.76,2012,Qtr 2,May,3,Regular Air,19.99,New York,205.99,1
New York City,478,Michael Wiggins,Home Office,0.06,Erin,Low,2011,Qtr 4,October,29,1,Furniture,Jumbo Box,Bretford CR4500 Series Slim Rectangular Table,Tables,-113.11872000000002,EAST,4499.97,2011,Qtr 4,October,30,Delivery Truck,40.19,New York,348.21,1
New York City,478,Michael Wiggins,Small Business,0.01,Erin,High,2011,Qtr 1,February,8,1,Furniture,Jumbo Drum,Hon 2090 “Pillow Soft” Series Mid Back Swivel/Tilt Chairs,Chairs & Chairmats,-416.7,EAST,12296.49,2011,Qtr 1,February,9,Delivery Truck,57,New York,280.98,1
New York City,478,Michael Wiggins,Small Business,0.03,Erin,Low,2011,Qtr 1,February,8,1,Office Supplies,Small Box,"Eureka Recycled Copy Paper 8 1/2"" x 11"", Ream",Paper,-34.91,EAST,128.13,2011,Qtr 1,February,10,Regular Air,5.94,New York,6.48,1
New York City,478,Michael Wiggins,Small Business,0.03,Erin,Low,2011,Qtr 1,March,3,1,Office Supplies,Wrap Bag,12 Colored Short Pencils,Pens & Art Supplies,-5.27,EAST,7.75,2011,Qtr 1,March,4,Regular Air,2.4,New York,2.6,1
New York City,478,Michael Wiggins,Small Business,0.01,Erin,Low,2011,Qtr 3,August,23,1,Office Supplies,Small Box,Eldon® Gobal File Keepers,Storage & Organization,-58.24,EAST,487.68,2011,Qtr 3,August,25,Regular Air,4.53,New York,15.14,1
New York City,478,Michael Wiggins,Small Business,0.04,Erin,Low,2011,Qtr 4,November,18,1,Office Supplies,Small Box,Avery 494,Labels,8.34,EAST,108.55,2011,Qtr 4,November,19,Regular Air,0.5,New York,2.61,1
New York City,478,Michael Wiggins,Small Business,0.01,Erin,Low,2011,Qtr 4,November,18,1,Office Supplies,Wrap Bag,Newell 315,Pens & Art Supplies,46.01,EAST,706.11,2011,Qtr 4,November,19,Regular Air,0.96,New York,5.98,1
New York City,478,Michael Wiggins,Small Business,0,Erin,Low,2011,Qtr 4,November,24,1,Technology,Small Box,Belkin ErgoBoard™ Keyboard,Computer Peripherals,45.37,EAST,2813.4,2011,Qtr 4,November,26,Regular Air,6.5,New York,30.98,1
New York City,478,Michael Wiggins,Small Business,0.08,Erin,Low,2012,Qtr 4,November,29,1,Technology,Small Box,Belkin MediaBoard 104- Keyboard,Computer Peripherals,-57.53,EAST,2269.98,2012,Qtr 4,November,30,Regular Air,4,New York,27.48,1
New York City,478,Michael Wiggins,Small Business,0.04,Erin,Low,2013,Qtr 1,March,14,1,Furniture,Jumbo Box,Hon 61000 Series Interactive Training Tables,Tables,33.988949999999996,EAST,2009.05,2013,Qtr 1,March,15,Delivery Truck,46.59,New York,44.43,1
New York City,491,Toni Swanson,Consumer,0.02,Erin,High,2010,Qtr 4,December,20,1,Technology,Jumbo Drum,Okidata ML395C Color Dot Matrix Printer,Office Machines,2028.12,EAST,31670.6,2010,Qtr 4,December,22,Delivery Truck,14.7,New York,1360.14,1
New York City,491,Toni Swanson,Consumer,0.08,Erin,Low,2010,Qtr 2,May,15,1,Office Supplies,Wrap Bag,Newell 343,Pens & Art Supplies,-2.12,EAST,66.7,2010,Qtr 2,May,17,Regular Air,0.96,New York,2.94,1
New York City,491,Toni Swanson,Consumer,0.01,Erin,Low,2010,Qtr 3,August,10,1,Office Supplies,Small Box,Xerox 1897,Paper,-69.07,EAST,217,2010,Qtr 3,August,11,Regular Air,6.07,New York,4.98,1
New York City,491,Toni Swanson,Consumer,0.02,Erin,Low,2010,Qtr 4,December,20,1,Office Supplies,Small Box,Southworth 25% Cotton Linen-Finish Paper & Envelopes,Paper,-63.51,EAST,239.82,2010,Qtr 4,December,22,Regular Air,9.86,New York,9.06,1
New York City,491,Toni Swanson,Consumer,0.03,Erin,Low,2011,Qtr 3,September,10,1,Office Supplies,Small Box,"Eaton Premium Continuous-Feed Paper, 25% Cotton, Letter Size, White, 1000 Shts/Box",Paper,823.26,EAST,3397.27,2011,Qtr 3,September,12,Express Air,6.79,New York,55.48,1
New York City,491,Toni Swanson,Consumer,0,Erin,Low,2011,Qtr 3,September,10,1,Office Supplies,Small Box,"Iris® 3-Drawer Stacking Bin, Black",Storage & Organization,-46.2,EAST,106.6,2011,Qtr 3,September,11,Regular Air,11.52,New York,20.89,1
New York City,491,Toni Swanson,Consumer,0.06,Erin,Low,2013,Qtr 2,May,15,1,Technology,Small Pack,"Imation 3.5 IBM Formatted Diskettes, 10/Box",Computer Peripherals,-36.63,EAST,371.28,2013,Qtr 2,May,17,Regular Air,2.38,New York,8.32,1
New York City,491,Toni Swanson,Consumer,0.04,Erin,Low,2013,Qtr 3,July,20,1,Office Supplies,Small Box,Advantus Rolling Storage Box,Storage & Organization,6.11,EAST,383.52,2013,Qtr 3,July,21,Regular Air,4.96,New York,17.15,1
New York City,491,Toni Swanson,Consumer,0.02,Erin,Low,2013,Qtr 3,July,20,1,Office Supplies,Small Box,Xerox 21,Paper,-92.05,EAST,320.23,2013,Qtr 3,July,22,Regular Air,6.6,New York,6.48,1
New York City,491,Toni Swanson,Consumer,0.02,Erin,Low,2013,Qtr 3,July,27,1,Furniture,Large Box,Deflect-o DuraMat Antistatic Studded Beveled Mat for Medium Pile Carpeting,Office Furnishings,464.05,EAST,1867.65,2013,Qtr 3,August,5,Express Air,24.49,New York,105.34,1
New York City,491,Toni Swanson,Consumer,0.08,Erin,Low,2013,Qtr 3,July,27,1,Furniture,Wrap Bag,Ultra Commercial Grade Dual Valve Door Closer,Office Furnishings,651.74,EAST,2230.19,2013,Qtr 3,August,1,Regular Air,3.04,New York,39.89,1
New York City,607,Clara Hauser,Corporate,0.04,Erin,Low,2011,Qtr 1,March,1,1,Office Supplies,Small Box,Belkin 8 Outlet SurgeMaster II Gold Surge Protector with Phone Protection,Appliances,32.6,EAST,560.51,2011,Qtr 1,March,3,Regular Air,4.5,New York,80.98,1
New York City,607,Clara Hauser,Corporate,0.08,Erin,Low,2011,Qtr 1,March,1,1,Office Supplies,Small Box,Xerox 23,Paper,-56.68,EAST,189.95,2011,Qtr 1,March,2,Regular Air,5.14,New York,6.48,1
New York City,607,Clara Hauser,Corporate,0.1,Erin,Low,2011,Qtr 3,September,14,1,Office Supplies,Small Box,Acco Perma® 2700 Stacking Storage Drawers,Storage & Organization,-35.47,EAST,1005.26,2011,Qtr 3,September,16,Regular Air,6.64,New York,29.74,1
New York City,607,Clara Hauser,Corporate,0.1,Erin,Low,2011,Qtr 3,September,14,1,Technology,Small Box,Microsoft Natural Keyboard Elite,Computer Peripherals,-22.63,EAST,1594.12,2011,Qtr 3,September,16,Regular Air,4,New York,39.98,1
New York City,607,Clara Hauser,Corporate,0.01,Erin,Low,2012,Qtr 1,February,7,1,Office Supplies,Small Box,Cardinal Holdit Business Card Pockets,Binders and Binder Accessories,-85.008,EAST,207.63,2012,Qtr 1,February,9,Regular Air,4.95,New York,4.98,1
New York City,607,Clara Hauser,Corporate,0.1,Erin,Low,2013,Qtr 1,March,29,1,Office Supplies,Small Box,Xerox 1996,Paper,-162.75,EAST,174.1,2013,Qtr 1,March,31,Regular Air,9.17,New York,6.48,1
New York City,607,Clara Hauser,Corporate,0.07,Erin,Low,2013,Qtr 1,March,29,1,Office Supplies,Small Pack,Boston KS Multi-Size Manual Pencil Sharpener,Pens & Art Supplies,-59.83,EAST,693.17,2013,Qtr 1,March,31,Regular Air,8.99,New York,22.99,1
New York City,607,Clara Hauser,Corporate,0.05,Erin,Low,2013,Qtr 3,September,16,1,Office Supplies,Wrap Bag,"Sanford EarthWrite® Recycled Pencils, Medium Soft, #2",Pens & Art Supplies,1.05,EAST,141.87,2013,Qtr 3,September,18,Regular Air,0.7,New York,2.1,1
New York City,607,Clara Hauser,Corporate,0.06,Erin,Medium,2011,Qtr 1,January,29,1,Office Supplies,Small Box,Fellowes Staxonsteel® Drawer Files,Storage & Organization,147.51600000000002,EAST,5155.07,2011,Qtr 1,January,31,Regular Air,19.99,New York,193.17,1
New York City,607,Clara Hauser,Corporate,0.09,Erin,Medium,2011,Qtr 3,August,16,1,Technology,Large Box,Canon PC1060 Personal Laser Copier,Copiers and Fax,-362.88,EAST,8667.81,2011,Qtr 3,August,23,Express Air,24.49,New York,699.99,1
New York City,607,Clara Hauser,Corporate,0,Erin,Medium,2011,Qtr 4,November,21,1,Technology,Small Box,R280,Telephones and Communication,398.007,EAST,8790.83,2011,Qtr 4,November,23,Regular Air,8.99,New York,155.99,1
New York City,607,Clara Hauser,Corporate,0.09,Erin,Medium,2012,Qtr 3,July,15,1,Technology,Jumbo Drum,Panasonic KX-P1150 Dot Matrix Printer,Office Machines,586.61,EAST,5668.21,2012,Qtr 3,July,16,Delivery Truck,17.85,New York,145.45,1
New York City,898,Harriet Hodges,Small Business,0.07,Erin,Low,2010,Qtr 3,July,12,1,Office Supplies,Large Box,Tennsco Commercial Shelving,Storage & Organization,-96.16,EAST,140.23,2010,Qtr 3,July,13,Regular Air,35,New York,20.34,1
New York City,898,Harriet Hodges,Small Business,0.04,Erin,Low,2010,Qtr 3,July,12,1,Technology,Jumbo Drum,Lexmark Z55se Color Inkjet Printer,Office Machines,-173.0952,EAST,573.31,2010,Qtr 3,July,13,Delivery Truck,28,New York,90.97,1
New York City,898,Harriet Hodges,Small Business,0.02,Erin,Low,2010,Qtr 3,July,27,1,Office Supplies,Small Box,Round Specialty Laser Printer Labels,Labels,263.4,EAST,594.44,2010,Qtr 3,July,27,Regular Air,0.49,New York,12.53,1
New York City,898,Harriet Hodges,Small Business,0.07,Erin,Low,2010,Qtr 3,July,27,1,Office Supplies,Wrap Bag,Array® Memo Cubes,Paper,37.31,EAST,228.5,2010,Qtr 3,July,29,Express Air,2.04,New York,5.18,1
New York City,898,Harriet Hodges,Small Business,0.09,Erin,Low,2012,Qtr 4,December,26,1,Office Supplies,Wrap Bag,Staples Bulk Pack Metal Binder Clips,Rubber Bands,56.22,EAST,468.4,2012,Qtr 4,December,28,Regular Air,1.82,New York,6.08,1
New York City,898,Harriet Hodges,Small Business,0.1,Erin,Low,2013,Qtr 2,April,2,1,Office Supplies,Small Box,"Tenex Personal Project File with Scoop Front Design, Black",Storage & Organization,-10.33,EAST,565.01,2013,Qtr 2,April,4,Regular Air,4.51,New York,13.48,1
New York City,1104,Timothy Ross,Home Office,0.01,Erin,Low,2012,Qtr 2,April,12,1,Furniture,Jumbo Drum,Office Star Flex Back Scooter Chair with White Frame,Chairs & Chairmats,-183.26,EAST,473.88,2012,Qtr 2,April,13,Delivery Truck,30,New York,110.98,1
New York City,1104,Timothy Ross,Home Office,0.07,Erin,Low,2012,Qtr 2,April,12,1,Technology,Small Pack,Accessory39,Telephones and Communication,-133.309,EAST,950.91,2012,Qtr 2,April,14,Regular Air,3.3,New York,20.99,1
New York City,1104,Timothy Ross,Home Office,0.1,Erin,Low,2012,Qtr 2,April,19,1,Furniture,Jumbo Drum,"Global Leather Task Chair, Black",Chairs & Chairmats,-281.76,EAST,798.04,2012,Qtr 2,April,20,Delivery Truck,42,New York,89.99,1
New York City,1104,Timothy Ross,Home Office,0.1,Erin,Low,2012,Qtr 2,April,19,1,Office Supplies,Wrap Bag,Serrated Blade or Curved Handle Hand Letter Openers,"Scissors, Rulers and Trimmers",-33.11,EAST,66.05,2012,Qtr 2,April,19,Express Air,1.92,New York,3.14,1
New York City,1104,Timothy Ross,Home Office,0.04,Erin,Low,2013,Qtr 1,March,23,1,Technology,Small Box,6000,Telephones and Communication,19.997999999999998,EAST,728.03,2013,Qtr 1,March,27,Regular Air,2.5,New York,65.99,1
New York City,1104,Timothy Ross,Home Office,0.03,Erin,Low,2013,Qtr 2,May,18,1,Technology,Jumbo Drum,Panasonic KX-P2130 Dot Matrix Printer,Office Machines,67.36000000000007,EAST,3478.39,2013,Qtr 2,May,20,Delivery Truck,14.7,New York,213.45,1
New York City,1104,Timothy Ross,Home Office,0.09,Erin,Low,2013,Qtr 4,October,29,1,Furniture,Small Box,"Eldon® 300 Class™ Desk Accessories, Black",Office Furnishings,-53.06,EAST,236.31,2013,Qtr 4,October,30,Regular Air,5.32,New York,4.95,1
New York City,1104,Timothy Ross,Home Office,0.02,Erin,Low,2013,Qtr 4,November,19,1,Office Supplies,Large Box,Space Solutions Commercial Steel Shelving,Storage & Organization,-309.48,EAST,2813.6,2013,Qtr 4,November,20,Regular Air,35,New York,64.65,1
New York City,1104,Timothy Ross,Home Office,0.02,Erin,Low,2013,Qtr 4,November,19,1,Technology,Wrap Bag,Accessory25,Telephones and Communication,38.907,EAST,1095.23,2013,Qtr 4,November,21,Regular Air,0.99,New York,20.99,1
New York City,1104,Timothy Ross,Home Office,0.05,Erin,Medium,2010,Qtr 2,April,10,1,Office Supplies,Jumbo Drum,"Sanyo Counter Height Refrigerator with Crisper, 3.6 Cubic Foot, Stainless Steel/Black",Appliances,772.04,EAST,9492.92,2010,Qtr 2,April,11,Delivery Truck,91.05,New York,328.14,1
New York City,1104,Timothy Ross,Home Office,0.04,Erin,Medium,2011,Qtr 2,May,19,1,Technology,Small Box,i2000,Telephones and Communication,1059.084,EAST,6126.32,2011,Qtr 2,May,20,Regular Air,2.5,New York,125.99,1
New York City,1176,Barbara Saunders,Home Office,0.08,Erin,Low,2011,Qtr 2,May,5,1,Office Supplies,Small Box,Xerox 1881,Paper,25.58,EAST,729.2,2011,Qtr 2,May,5,Regular Air,6.47,New York,12.28,1
New York City,1176,Barbara Saunders,Home Office,0.03,Erin,Low,2012,Qtr 1,March,3,1,Furniture,Small Pack,Nu-Dell Executive Frame,Office Furnishings,-13.59,EAST,22.74,2012,Qtr 1,March,12,Express Air,4.98,New York,12.64,1
New York City,1176,Barbara Saunders,Home Office,0.01,Erin,Low,2013,Qtr 2,April,22,1,Office Supplies,Small Box,Eureka Disposable Bags for Sanitaire® Vibra Groomer I® Upright Vac,Appliances,-43.48,EAST,44.51,2013,Qtr 2,April,24,Regular Air,6.89,New York,4.06,1
New York City,1246,Lois Hansen,Home Office,0.04,Erin,Low,2010,Qtr 2,April,5,1,Furniture,Small Pack,G.E. Halogen Desk Lamp Bulbs,Office Furnishings,46.01,EAST,129.48,2010,Qtr 2,April,7,Regular Air,2.83,New York,6.98,1
New York City,1246,Lois Hansen,Home Office,0.1,Erin,Low,2010,Qtr 2,April,5,1,Office Supplies,Small Box,"Avery Flip-Chart Easel Binder, Black",Binders and Binder Accessories,-107.5135,EAST,564.98,2010,Qtr 2,April,6,Regular Air,15.1,New York,22.38,1
New York City,1246,Lois Hansen,Home Office,0.01,Erin,Low,2011,Qtr 4,November,30,1,Office Supplies,Small Box,Premium Transparent Presentation Covers by GBC,Binders and Binder Accessories,74.00949999999999,EAST,1801.44,2011,Qtr 4,December,1,Regular Air,8.83,New York,20.98,1
New York City,1246,Lois Hansen,Home Office,0.04,Erin,Low,2013,Qtr 2,May,24,1,Office Supplies,Small Box,GBC DocuBind P100 Manual Binding Machine,Binders and Binder Accessories,163.8035,EAST,1390.61,2013,Qtr 2,May,26,Regular Air,19.99,New York,165.98,1
New York City,1246,Lois Hansen,Home Office,0.03,Erin,Medium,2010,Qtr 2,May,22,1,Technology,Small Box,Hayes Optima 56K V.90 Internal Voice Modem,Computer Peripherals,1489.8,EAST,8216.28,2010,Qtr 2,May,22,Regular Air,11.25,New York,256.99,1
New York City,1318,Vickie Becker,Home Office,0.01,Erin,Low,2011,Qtr 4,October,4,1,Furniture,Small Pack,"DAX Metal Frame, Desktop, Stepped-Edge",Office Furnishings,35.096,EAST,938.05,2011,Qtr 4,October,6,Regular Air,8.99,New York,20.24,1
New York City,1318,Vickie Becker,Home Office,0.08,Erin,Low,2011,Qtr 4,December,19,1,Office Supplies,Wrap Bag,"Adams Write n' Stick Phone Message Book, 11"" X 5 1/4"", 200 Messages",Paper,34.48,EAST,261.05,2011,Qtr 4,December,22,Regular Air,1.46,New York,5.68,1
New York City,1318,Vickie Becker,Home Office,0.01,Erin,Low,2011,Qtr 4,December,19,1,Technology,Small Pack,Accessory36,Telephones and Communication,-254.364,EAST,557.17,2011,Qtr 4,December,21,Regular Air,5,New York,55.99,1
New York City,1340,Marie Bass,Home Office,0,Erin,Low,2010,Qtr 3,August,10,1,Office Supplies,Small Box,"Avery Flip-Chart Easel Binder, Black",Binders and Binder Accessories,-52.647,EAST,682.68,2010,Qtr 3,August,17,Express Air,15.1,New York,22.38,1
New York City,1340,Marie Bass,Home Office,0.07,Erin,Low,2010,Qtr 3,August,10,1,Office Supplies,Small Box,"Perma STOR-ALL™ Hanging File Box, 13 1/8""W x 12 1/4""D x 10 1/2""H",Storage & Organization,-24.44,EAST,73.44,2010,Qtr 3,August,15,Regular Air,4.69,New York,5.98,1
New York City,1340,Marie Bass,Home Office,0.02,Erin,Low,2010,Qtr 3,August,10,1,Technology,Small Pack,Accessory24,Telephones and Communication,366.507,EAST,2997.07,2010,Qtr 3,August,10,Regular Air,3.3,New York,55.99,1
New York City,1340,Marie Bass,Home Office,0.07,Erin,Low,2010,Qtr 4,December,6,1,Office Supplies,Wrap Bag,Fluorescent Highlighters by Dixon,Pens & Art Supplies,27.38,EAST,282.85,2010,Qtr 4,December,9,Regular Air,0.83,New York,3.98,1
New York City,1340,Marie Bass,Home Office,0.07,Erin,Low,2011,Qtr 2,June,5,1,Technology,Small Pack,"Memorex 80 Minute CD-R, 30/Pack",Computer Peripherals,115.54,EAST,718.08,2011,Qtr 2,June,6,Regular Air,1.99,New York,22.98,1
New York City,1340,Marie Bass,Home Office,0.05,Erin,Low,2012,Qtr 2,May,16,1,Office Supplies,Large Box,Honeywell Enviracaire® Portable Air Cleaner for up to 8 x 10 Room,Appliances,171.26,EAST,2172.93,2012,Qtr 2,May,18,Express Air,19.95,New York,76.72,1
New York City,1340,Marie Bass,Home Office,0.09,Erin,Low,2012,Qtr 3,August,8,1,Office Supplies,Small Box,Home/Office Personal File Carts,Storage & Organization,63.83,EAST,1287.53,2012,Qtr 3,August,10,Express Air,5.49,New York,34.76,1
New York City,1340,Marie Bass,Home Office,0.08,Erin,Low,2012,Qtr 3,August,8,1,Office Supplies,Small Box,Xerox 1929,Paper,52.02,EAST,540.46,2012,Qtr 3,August,10,Regular Air,5.47,New York,22.84,1
New York City,1340,Marie Bass,Home Office,0.05,Erin,Low,2012,Qtr 3,September,12,1,Office Supplies,Small Box,Xerox 1982,Paper,-39.92,EAST,217.74,2012,Qtr 3,September,14,Regular Air,16.87,New York,22.84,1
New York City,1340,Marie Bass,Home Office,0.03,Erin,Low,2013,Qtr 2,April,27,1,Technology,Small Box,8260,Telephones and Communication,337.041,EAST,2205.76,2013,Qtr 2,April,28,Regular Air,8.99,New York,65.99,1
New York City,1340,Marie Bass,Home Office,0,Erin,Low,2013,Qtr 4,December,6,1,Technology,Small Pack,"IBM 80 Minute CD-R Spindle, 50/Pack",Computer Peripherals,-10.59,EAST,338.22,2013,Qtr 4,December,8,Regular Air,1.99,New York,20.89,1
New York City,1488,Anthony Goodwin,Home Office,0.06,Erin,High,2012,Qtr 2,June,13,1,Office Supplies,Jumbo Drum,Avanti 4.4 Cu. Ft. Refrigerator,Appliances,433.63,EAST,12883.06,2012,Qtr 2,June,15,Delivery Truck,55.24,New York,180.98,1
New York City,1488,Anthony Goodwin,Home Office,0.01,Erin,Low,2011,Qtr 2,May,3,1,Technology,Small Pack,"Verbatim DVD-RAM, 5.2GB, Rewritable, Type 1, DS",Computer Peripherals,191.29,EAST,1046.05,2011,Qtr 2,May,3,Regular Air,1.99,New York,29.89,1
New York City,1488,Anthony Goodwin,Home Office,0.06,Erin,Low,2011,Qtr 3,September,25,1,Technology,Small Box,Talkabout T8367,Telephones and Communication,324.92699999999996,EAST,3761.12,2011,Qtr 3,September,26,Regular Air,8.99,New York,65.99,1
New York City,1488,Anthony Goodwin,Home Office,0.09,Erin,Low,2012,Qtr 3,September,26,1,Office Supplies,Small Box,Xerox 1989,Paper,-67.79,EAST,266.59,2012,Qtr 3,September,27,Regular Air,5.02,New York,4.98,1
New York City,1488,Anthony Goodwin,Home Office,0.01,Erin,Low,2012,Qtr 3,September,26,1,Office Supplies,Wrap Bag,"TOPS Money Receipt Book, Consecutively Numbered in Red,",Paper,102.58,EAST,803.21,2012,Qtr 3,September,26,Regular Air,2.87,New York,8.01,1
New York City,1488,Anthony Goodwin,Home Office,0.04,Erin,Medium,2012,Qtr 3,August,25,1,Furniture,Medium Box,SAFCO Folding Chair Trolley,Chairs & Chairmats,1467.82,EAST,9661.51,2012,Qtr 3,August,27,Express Air,12.65,New York,128.24,1
New York City,1773,Nicole Harris,Corporate,0.06,Erin,Low,2011,Qtr 3,July,16,1,Technology,Small Pack,"Maxell Pro 80 Minute CD-R, 10/Pack",Computer Peripherals,-18.84,EAST,192.21,2011,Qtr 3,July,17,Regular Air,1.99,New York,17.48,1
New York City,1773,Nicole Harris,Corporate,0.05,Erin,Low,2012,Qtr 2,June,13,1,Office Supplies,Wrap Bag,"Telephone Message Books with Fax/Mobile Section, 5 1/2"" x 3 3/16""",Paper,125.65,EAST,502.34,2012,Qtr 2,June,18,Express Air,1.02,New York,6.35,1
New York City,1773,Nicole Harris,Corporate,0.01,Erin,Low,2013,Qtr 4,December,24,1,Office Supplies,Small Pack,Barrel Sharpener,Pens & Art Supplies,-71.52,EAST,185.06,2013,Qtr 4,December,28,Regular Air,4.17,New York,3.57,1
New York City,1773,Nicole Harris,Corporate,0.04,Erin,Low,2013,Qtr 4,December,24,1,Technology,Small Box,5170,Telephones and Communication,89.892,EAST,1977.29,2013,Qtr 4,December,29,Regular Air,4.2,New York,65.99,1
New York City,1773,Nicole Harris,Corporate,0.1,Erin,Medium,2012,Qtr 2,June,13,1,Furniture,Large Box,SAFCO Arco Folding Chair,Chairs & Chairmats,454.26,EAST,5261,2012,Qtr 2,June,17,Regular Air,24.49,New York,276.2,1
New York City,1821,Vanessa Boyer,Consumer,0.01,Erin,Low,2010,Qtr 3,August,5,1,Office Supplies,Small Pack,Staples Battery-Operated Desktop Pencil Sharpener,Pens & Art Supplies,40.92,EAST,809.51,2010,Qtr 3,August,7,Regular Air,2.89,New York,10.48,1
New York City,1821,Vanessa Boyer,Consumer,0.07,Erin,Low,2010,Qtr 4,October,15,1,Furniture,Small Pack,3M Polarizing Light Filter Sleeves,Office Furnishings,149.72,EAST,643.64,2010,Qtr 4,October,16,Regular Air,3.77,New York,18.65,1
New York City,1821,Vanessa Boyer,Consumer,0.1,Erin,Low,2010,Qtr 4,October,15,1,Office Supplies,Small Box,Xerox 1896,Paper,7.959999999999999,EAST,466.58,2010,Qtr 4,October,18,Express Air,4.78,New York,9.99,1
New York City,1821,Vanessa Boyer,Consumer,0.06,Erin,Low,2010,Qtr 4,October,15,1,Technology,Medium Box,Canon P1-DHIII Palm Printing Calculator,Office Machines,-52.49232,EAST,244.31,2010,Qtr 4,October,17,Regular Air,8.51,New York,17.98,1
New York City,1821,Vanessa Boyer,Consumer,0.08,Erin,Low,2010,Qtr 4,October,15,1,Technology,Small Box,2180,Telephones and Communication,-459.0828,EAST,2290.69,2010,Qtr 4,October,16,Express Air,8.99,New York,175.99,1
New York City,1821,Vanessa Boyer,Consumer,0.03,Erin,Low,2011,Qtr 1,February,17,1,Office Supplies,Small Box,Belkin Premiere Surge Master II 8-outlet surge protector,Appliances,118.32,EAST,558.62,2011,Qtr 1,February,19,Regular Air,3.99,New York,48.58,1
New York City,1821,Vanessa Boyer,Consumer,0.08,Erin,Low,2011,Qtr 1,March,7,1,Technology,Small Box,"Fellowes Mobile Numeric Keypad, Graphite",Computer Peripherals,51.85,EAST,857.95,2011,Qtr 1,March,7,Express Air,4,New York,43.22,1
New York City,1821,Vanessa Boyer,Consumer,0.09,Erin,Low,2011,Qtr 1,March,17,1,Office Supplies,Small Box,Xerox 1920,Paper,-132.93,EAST,195.57,2011,Qtr 1,March,18,Regular Air,7.5,New York,5.98,1
New York City,1821,Vanessa Boyer,Consumer,0.1,Erin,Low,2011,Qtr 2,May,6,1,Office Supplies,Small Box,Eureka Disposable Bags for Sanitaire® Vibra Groomer I® Upright Vac,Appliances,-21.29,EAST,35.48,2011,Qtr 2,May,6,Regular Air,6.89,New York,4.06,1
New York City,1821,Vanessa Boyer,Consumer,0.05,Erin,Low,2011,Qtr 2,May,6,1,Office Supplies,Small Box,Recycled Premium Regency Composition Covers,Binders and Binder Accessories,-37.3865,EAST,259.74,2011,Qtr 2,May,11,Regular Air,10.91,New York,15.28,1
New York City,1821,Vanessa Boyer,Consumer,0.06,Erin,Low,2011,Qtr 3,August,7,1,Office Supplies,Medium Box,Eldon Simplefile® Box Office®,Storage & Organization,-37.04,EAST,312.3,2011,Qtr 3,August,9,Regular Air,6.27,New York,12.44,1
New York City,1821,Vanessa Boyer,Consumer,0.06,Erin,Low,2012,Qtr 3,August,3,1,Technology,Medium Box,TI 30X Scientific Calculator,Office Machines,12.73,EAST,975.37,2012,Qtr 3,August,5,Regular Air,5.99,New York,11.99,1
New York City,1821,Vanessa Boyer,Consumer,0,Erin,Low,2012,Qtr 3,September,24,1,Office Supplies,Large Box,Euro Pro Shark Stick Mini Vacuum,Appliances,-219.61,EAST,994.4,2012,Qtr 3,September,26,Regular Air,49,New York,60.98,1
New York City,1821,Vanessa Boyer,Consumer,0.1,Erin,Low,2012,Qtr 4,October,9,1,Office Supplies,Small Box,Tuff Stuff™ Recycled Round Ring Binders,Binders and Binder Accessories,3.1212,EAST,86.52,2012,Qtr 4,October,11,Regular Air,1.49,New York,4.82,1
New York City,1821,Vanessa Boyer,Consumer,0.02,Erin,Low,2012,Qtr 4,October,9,1,Office Supplies,Small Box,Xerox 1994,Paper,-50.843999999999994,EAST,341.1,2012,Qtr 4,October,11,Regular Air,5.74,New York,6.48,1
New York City,1821,Vanessa Boyer,Consumer,0.1,Erin,Low,2013,Qtr 3,July,21,1,Technology,Small Pack,Accessory9,Telephones and Communication,82.818,EAST,642.05,2013,Qtr 3,July,22,Regular Air,3.3,New York,35.99,1
New York City,1821,Vanessa Boyer,Consumer,0.08,Erin,Medium,2013,Qtr 3,July,21,1,Furniture,Jumbo Drum,Office Star - Mid Back Dual function Ergonomic High Back Chair with 2-Way Adjustable Arms,Chairs & Chairmats,768.06,EAST,8676.63,2013,Qtr 3,July,23,Delivery Truck,30,New York,160.98,1
New York City,2189,Frank Cross,Corporate,0.05,Erin,High,2013,Qtr 4,October,14,1,Technology,Jumbo Drum,"Hewlett-Packard cp1700 [D, PS] Series Color Inkjet Printers",Office Machines,7434.48,EAST,36532.46,2013,Qtr 4,October,16,Delivery Truck,28.14,New York,500.98,1
New York City,2189,Frank Cross,Corporate,0.09,Erin,Low,2010,Qtr 2,May,8,1,Office Supplies,Small Box,Brown Kraft Recycled Envelopes,Envelopes,-48.57,EAST,381.91,2010,Qtr 2,May,10,Regular Air,12.39,New York,16.98,1
New York City,2189,Frank Cross,Corporate,0.03,Erin,Low,2012,Qtr 1,February,20,1,Office Supplies,Small Box,Belkin 5 Outlet SurgeMaster™ Power Centers,Appliances,547.48,EAST,1720.12,2012,Qtr 1,February,21,Regular Air,0.99,New York,54.48,1
New York City,2189,Frank Cross,Corporate,0,Erin,Low,2012,Qtr 1,February,20,1,Technology,Small Box,M70,Telephones and Communication,653.058,EAST,3713.93,2012,Qtr 1,February,21,Regular Air,8.99,New York,125.99,1
New York City,2189,Frank Cross,Corporate,0.08,Erin,Low,2013,Qtr 4,October,14,1,Office Supplies,Small Box,Xerox 1893,Paper,67.61,EAST,1668.07,2013,Qtr 4,October,17,Regular Air,17.48,New York,40.99,1
New York City,2303,Joe Baldwin,Corporate,0.1,Erin,Low,2010,Qtr 3,July,3,1,Furniture,Jumbo Box,Bevis Round Conference Table Top & Single Column Base,Tables,-270.85,EAST,850.64,2010,Qtr 3,July,4,Delivery Truck,43.75,New York,146.34,1
New York City,2303,Joe Baldwin,Corporate,0.06,Erin,Low,2012,Qtr 3,September,27,1,Technology,Small Box,T60,Telephones and Communication,-301.675,EAST,947.97,2012,Qtr 3,September,29,Regular Air,4.9,New York,95.99,1
New York City,2303,Joe Baldwin,Corporate,0.01,Erin,Low,2012,Qtr 4,December,30,1,Office Supplies,Small Box,Xerox 1922,Paper,-160.71,EAST,418.66,2013,Qtr 1,January,1,Regular Air,7.44,New York,4.98,1
New York City,2303,Joe Baldwin,Corporate,0.1,Erin,Low,2013,Qtr 3,July,3,1,Office Supplies,Small Box,Round Specialty Laser Printer Labels,Labels,137.47,EAST,414.1,2013,Qtr 3,July,4,Regular Air,0.49,New York,12.53,1
New York City,2303,Joe Baldwin,Corporate,0.07,Erin,Medium,2010,Qtr 1,February,11,1,Furniture,Jumbo Drum,Global Enterprise Series Seating High-Back Swivel/Tilt Chairs,Chairs & Chairmats,-96.05,EAST,9757.48,2010,Qtr 1,February,13,Delivery Truck,50,New York,270.98,1
New York City,2303,Joe Baldwin,Corporate,0.06,Erin,Medium,2013,Qtr 3,August,26,1,Technology,Small Box,i470,Telephones and Communication,636.03,EAST,7258.24,2013,Qtr 3,August,28,Regular Air,5.26,New York,205.99,1
New York City,2382,Geoffrey Saunders,Small Business,0,Erin,High,2012,Qtr 2,April,22,1,Technology,Jumbo Drum,Epson LQ-570e Dot Matrix Printer,Office Machines,3909.33,EAST,13257.34,2012,Qtr 2,April,25,Delivery Truck,28.06,New York,270.97,1
New York City,2382,Geoffrey Saunders,Small Business,0.07,Erin,Low,2010,Qtr 2,April,26,1,Office Supplies,Wrap Bag,Avery Hi-Liter® Fluorescent Desk Style Markers,Pens & Art Supplies,19.04,EAST,109.86,2010,Qtr 2,April,28,Regular Air,0.85,New York,3.38,1
New York City,2382,Geoffrey Saunders,Small Business,0.08,Erin,Low,2010,Qtr 2,May,5,1,Office Supplies,Jumbo Drum,"Holmes Replacement Filter for HEPA Air Cleaner, Very Large Room, HEPA Filter",Appliances,-1069.72,EAST,4649.85,2010,Qtr 2,May,7,Delivery Truck,60,New York,68.81,1
New York City,2382,Geoffrey Saunders,Small Business,0.06,Erin,Low,2011,Qtr 3,August,24,1,Office Supplies,Small Box,Xerox 1905,Paper,-197.39,EAST,420.1,2011,Qtr 3,August,24,Regular Air,9.54,New York,6.48,1
New York City,2382,Geoffrey Saunders,Small Business,0.07,Erin,Low,2012,Qtr 2,June,19,1,Furniture,Small Pack,Ultra Door Pull Handle,Office Furnishings,-168.38,EAST,734.51,2012,Qtr 2,June,21,Regular Air,7.94,New York,10.52,1
New York City,2382,Geoffrey Saunders,Small Business,0.07,Erin,Low,2012,Qtr 2,June,19,1,Technology,Small Box,3390,Telephones and Communication,-223.212,EAST,544.82,2012,Qtr 2,June,19,Regular Air,5.31,New York,65.99,1
New York City,2382,Geoffrey Saunders,Small Business,0,Erin,Low,2012,Qtr 4,November,12,1,Technology,Medium Box,Canon P1-DHIII Palm Printing Calculator,Office Machines,-27.4746,EAST,625.72,2012,Qtr 4,November,14,Regular Air,8.51,New York,17.98,1
New York City,2382,Geoffrey Saunders,Small Business,0,Erin,Low,2013,Qtr 1,January,16,1,Office Supplies,Wrap Bag,Newell 35,Pens & Art Supplies,-156.88,EAST,117.83,2013,Qtr 1,January,17,Regular Air,5,New York,3.28,1
New York City,2382,Geoffrey Saunders,Small Business,0.02,Erin,Low,2013,Qtr 3,August,14,1,Furniture,Small Pack,"Eldon Regeneration Recycled Desk Accessories, Smoke",Office Furnishings,-15.34,EAST,35.44,2013,Qtr 3,August,16,Regular Air,4.08,New York,1.74,1
New York City,2382,Geoffrey Saunders,Small Business,0.06,Erin,Medium,2010,Qtr 2,May,5,1,Office Supplies,Small Box,GBC Therma-A-Bind 250T Electric Binding System,Binders and Binder Accessories,1408.1865,EAST,5911.35,2010,Qtr 2,May,7,Regular Air,19.99,New York,122.99,1
New York City,2460,Lucille Gibbons,Home Office,0.03,Erin,Low,2010,Qtr 3,July,3,1,Office Supplies,Small Box,Xerox 227,Paper,-35.04,EAST,63.78,2010,Qtr 3,July,5,Regular Air,8.73,New York,6.48,1
New York City,2460,Lucille Gibbons,Home Office,0.07,Erin,Low,2010,Qtr 3,July,3,1,Office Supplies,Wrap Bag,Peel-Off® China Markers,Pens & Art Supplies,149.53,EAST,451.61,2010,Qtr 3,July,6,Regular Air,1.09,New York,9.93,1
New York City,2460,Lucille Gibbons,Home Office,0.03,Erin,Low,2011,Qtr 3,July,29,1,Technology,Small Box,252,Telephones and Communication,846.945,EAST,3296.63,2011,Qtr 3,July,30,Regular Air,5.92,New York,65.99,1
New York City,2460,Lucille Gibbons,Home Office,0.09,Erin,Low,2011,Qtr 3,September,17,1,Office Supplies,Large Box,Space Solutions Commercial Steel Shelving,Storage & Organization,-503.8,EAST,1667.34,2011,Qtr 3,September,22,Regular Air,35,New York,64.65,1
New York City,2460,Lucille Gibbons,Home Office,0.08,Erin,Low,2013,Qtr 3,September,17,1,Office Supplies,Wrap Bag,Newell 340,Pens & Art Supplies,5.72,EAST,178.99,2013,Qtr 3,September,22,Regular Air,0.7,New York,2.88,1
New York City,2460,Lucille Gibbons,Home Office,0.05,Erin,Low,2013,Qtr 4,November,23,1,Office Supplies,Wrap Bag,Martin-Yale Premier Letter Opener,"Scissors, Rulers and Trimmers",-29.9,EAST,197.65,2013,Qtr 4,November,25,Regular Air,4.59,New York,12.88,1
New York City,2571,Rosemary O'Brien,Consumer,0.01,Erin,High,2010,Qtr 4,October,25,1,Furniture,Jumbo Drum,Global Troy™ Executive Leather Low-Back Tilter,Chairs & Chairmats,4260.112,EAST,29718.53,2010,Qtr 4,October,26,Delivery Truck,56,New York,500.98,1
New York City,2571,Rosemary O'Brien,Consumer,0.06,Erin,High,2011,Qtr 4,November,22,1,Technology,Large Box,Canon PC1080F Personal Copier,Copiers and Fax,3128.69,EAST,48418.58,2011,Qtr 4,November,23,Regular Air,24.49,New York,599.99,1
New York City,2571,Rosemary O'Brien,Consumer,0.1,Erin,Low,2010,Qtr 4,October,25,1,Furniture,Wrap Bag,Deflect-O® Glasstique™ Clear Desk Accessories,Office Furnishings,-25.14,EAST,197.48,2010,Qtr 4,October,26,Regular Air,3.68,New York,7.7,1
New York City,2571,Rosemary O'Brien,Consumer,0.05,Erin,Low,2011,Qtr 1,February,22,1,Office Supplies,Small Box,Xerox 190,Paper,3.25,EAST,19.96,2011,Qtr 1,February,23,Express Air,4.86,New York,4.98,1
New York City,2571,Rosemary O'Brien,Consumer,0.03,Erin,Low,2011,Qtr 1,February,22,1,Office Supplies,Small Pack,Barrel Sharpener,Pens & Art Supplies,-115.48,EAST,148.99,2011,Qtr 1,February,24,Regular Air,4.17,New York,3.57,1
New York City,2571,Rosemary O'Brien,Consumer,0.06,Erin,Low,2011,Qtr 1,February,22,1,Office Supplies,Wrap Bag,Newell 342,Pens & Art Supplies,-57.84,EAST,70.66,2011,Qtr 1,February,24,Regular Air,3.97,New York,3.28,1
New York City,2571,Rosemary O'Brien,Consumer,0.05,Erin,Low,2011,Qtr 4,November,22,1,Office Supplies,Small Box,Xerox 1927,Paper,-161.57,EAST,568.31,2011,Qtr 4,November,23,Regular Air,6.72,New York,4.28,1
New York City,2571,Rosemary O'Brien,Consumer,0.02,Erin,Low,2012,Qtr 1,March,31,1,Office Supplies,Small Box,Xerox 198,Paper,-42.61,EAST,65.94,2012,Qtr 2,April,1,Express Air,8.33,New York,4.98,1
New York City,2571,Rosemary O'Brien,Consumer,0.1,Erin,Low,2012,Qtr 2,June,22,1,Office Supplies,Small Box,"Tenex Personal Self-Stacking Standard File Box, Black/Gray",Storage & Organization,-16.59,EAST,799.3,2012,Qtr 2,June,23,Regular Air,6.25,New York,16.91,1
New York City,2571,Rosemary O'Brien,Consumer,0.04,Erin,Low,2012,Qtr 2,June,22,1,Technology,Small Box,CF 688,Telephones and Communication,383.454,EAST,4906.36,2012,Qtr 2,June,24,Express Air,8.99,New York,155.99,1
New York City,2571,Rosemary O'Brien,Consumer,0.01,Erin,Low,2013,Qtr 3,September,14,1,Office Supplies,Small Box,Avery Durable Binders,Binders and Binder Accessories,6.7405,EAST,197.96,2013,Qtr 3,September,16,Regular Air,1.49,New York,2.88,1
New York City,2571,Rosemary O'Brien,Consumer,0.02,Erin,Low,2013,Qtr 4,October,25,1,Furniture,Small Box,"DAX Copper Panel Document Frame, 5 x 7 Size",Office Furnishings,48.6,EAST,1021.78,2013,Qtr 4,October,25,Regular Air,5.16,New York,12.58,1
New York City,2571,Rosemary O'Brien,Consumer,0,Erin,Low,2013,Qtr 4,October,25,1,Office Supplies,Small Box,"Eureka Sanitaire ® Multi-Pro Heavy-Duty Upright, Disposable Bags",Appliances,-139.13,EAST,406.9,2013,Qtr 4,October,27,Regular Air,5.15,New York,4.37,1
New York City,2618,Amy Hamrick Melvin,Corporate,0.1,Erin,Low,2010,Qtr 1,January,17,1,Office Supplies,Small Box,Security-Tint Envelopes,Envelopes,16.12,EAST,130.11,2010,Qtr 1,January,19,Regular Air,1.39,New York,7.64,1
New York City,2618,Amy Hamrick Melvin,Corporate,0.1,Erin,Low,2010,Qtr 1,January,17,1,Office Supplies,Wrap Bag,Newell 309,Pens & Art Supplies,15.808000000000003,EAST,280.43,2010,Qtr 1,January,18,Regular Air,2.36,New York,11.55,1
New York City,2618,Amy Hamrick Melvin,Corporate,0,Erin,Low,2010,Qtr 1,January,17,1,Technology,Small Box,6162,Telephones and Communication,-815.9007999999999,EAST,337.34,2010,Qtr 1,January,19,Regular Air,2.5,New York,125.99,1
New York City,2618,Amy Hamrick Melvin,Corporate,0.01,Erin,Low,2010,Qtr 1,March,23,1,Office Supplies,Small Box,Super Decoflex Portable Personal File,Storage & Organization,-48.97,EAST,435.39,2010,Qtr 1,March,25,Regular Air,7.69,New York,14.98,1
New York City,2618,Amy Hamrick Melvin,Corporate,0.05,Erin,Low,2010,Qtr 1,March,23,1,Office Supplies,Wrap Bag,*Staples* Highlighting Markers,Pens & Art Supplies,29.17,EAST,103.39,2010,Qtr 1,March,23,Express Air,0.71,New York,4.84,1
New York City,2618,Amy Hamrick Melvin,Corporate,0.1,Erin,Low,2010,Qtr 3,September,23,1,Office Supplies,Small Box,Fellowes Mighty 8 Compact Surge Protector,Appliances,84.05,EAST,1051.52,2010,Qtr 3,September,24,Regular Air,3.99,New York,20.27,1
New York City,2618,Amy Hamrick Melvin,Corporate,0.04,Erin,Low,2011,Qtr 1,March,25,1,Technology,Small Pack,"DS/HD IBM Formatted Diskettes, 10/Pack - Staples",Computer Peripherals,-32.78,EAST,29.66,2011,Qtr 1,March,27,Regular Air,4.32,New York,4.98,1
New York City,2618,Amy Hamrick Melvin,Corporate,0.05,Erin,Low,2011,Qtr 4,October,19,1,Office Supplies,Small Box,Xerox 1891,Paper,594.8720000000001,EAST,2943.69,2011,Qtr 4,October,26,Regular Air,5.81,New York,48.91,1
New York City,2618,Amy Hamrick Melvin,Corporate,0.01,Erin,Low,2012,Qtr 1,March,23,1,Office Supplies,Small Box,Avery Self-Adhesive Photo Pockets for Polaroid Photos,Binders and Binder Accessories,-62.882,EAST,282.49,2012,Qtr 1,March,26,Regular Air,5.48,New York,6.81,1
New York City,2618,Amy Hamrick Melvin,Corporate,0.1,Erin,Low,2013,Qtr 3,August,9,1,Office Supplies,Small Pack,"Boston School Pro Electric Pencil Sharpener, 1670",Pens & Art Supplies,-38.89,EAST,477.48,2013,Qtr 3,August,11,Regular Air,8.99,New York,30.98,1
New York City,2618,Amy Hamrick Melvin,Corporate,0.03,Erin,Low,2013,Qtr 3,September,19,1,Office Supplies,Small Pack,Sanford 52201 APSCO Electric Pencil Sharpener,Pens & Art Supplies,9.150000000000006,EAST,953.2,2013,Qtr 3,September,20,Express Air,8.99,New York,40.97,1
New York City,2747,Brian Grady,Corporate,0.01,Erin,High,2010,Qtr 1,March,18,1,Furniture,Jumbo Box,"Bush Cubix Collection Bookcases, Fully Assembled",Bookcases,1049.03,EAST,10364.36,2010,Qtr 1,March,19,Delivery Truck,64.66,New York,220.98,1
New York City,2747,Brian Grady,Corporate,0.08,Erin,Low,2010,Qtr 1,February,5,1,Furniture,Small Box,"Eldon® Expressions™ Wood and Plastic Desk Accessories, Oak",Office Furnishings,-102.93,EAST,150.24,2010,Qtr 1,February,7,Regular Air,12.52,New York,9.98,1
New York City,2747,Brian Grady,Corporate,0.05,Erin,Low,2011,Qtr 2,April,11,1,Furniture,Jumbo Drum,"Global High-Back Leather Tilter, Burgundy",Chairs & Chairmats,-885.73,EAST,1939.65,2011,Qtr 2,April,13,Delivery Truck,70.2,New York,122.99,1
New York City,2747,Brian Grady,Corporate,0.02,Erin,Low,2011,Qtr 2,April,11,1,Furniture,Small Pack,"GE 4 Foot Flourescent Tube, 40 Watt",Office Furnishings,65.35,EAST,465.52,2011,Qtr 2,April,12,Express Air,8.99,New York,14.98,1
New York City,2747,Brian Grady,Corporate,0.01,Erin,Low,2011,Qtr 2,April,11,1,Office Supplies,Medium Box,"Holmes Replacement Filter for HEPA Air Cleaner, Medium Room",Appliances,-8.45,EAST,112.12,2011,Qtr 2,April,13,Regular Air,6.12,New York,11.33,1
New York City,2747,Brian Grady,Corporate,0.1,Erin,Low,2011,Qtr 2,April,11,1,Office Supplies,Small Box,Cardinal Poly Pocket Divider Pockets for Ring Binders,Binders and Binder Accessories,-47.0235,EAST,49.58,2011,Qtr 2,April,12,Express Air,6.27,New York,3.36,1
New York City,2747,Brian Grady,Corporate,0.02,Erin,Low,2011,Qtr 3,September,19,1,Furniture,Jumbo Box,O'Sullivan 2-Shelf Heavy-Duty Bookcases,Bookcases,-1348.06,EAST,2983.45,2011,Qtr 3,September,21,Delivery Truck,54.11,New York,48.58,1
New York City,2747,Brian Grady,Corporate,0.07,Erin,Low,2011,Qtr 3,September,19,1,Technology,Small Pack,"80 Minute CD-R Spindle, 100/Pack - Staples",Computer Peripherals,269.27,EAST,2247.04,2011,Qtr 3,September,19,Regular Air,1.99,New York,39.48,1
New York City,2747,Brian Grady,Corporate,0.06,Erin,Low,2012,Qtr 2,April,5,1,Office Supplies,Wrap Bag,Bagged Rubber Bands,Rubber Bands,-16.3,EAST,51.75,2012,Qtr 2,April,5,Express Air,0.7,New York,1.26,1
New York City,3121,Bob Dickens,Home Office,0.08,Erin,High,2013,Qtr 2,June,14,1,Office Supplies,Small Box,GBC ProClick™ 150 Presentation Binding System,Binders and Binder Accessories,2595.1775000000002,EAST,10569.92,2013,Qtr 2,June,14,Regular Air,19.99,New York,315.98,1
New York City,3121,Bob Dickens,Home Office,0.03,Erin,Low,2012,Qtr 1,February,1,1,Office Supplies,Small Box,Avery 481,Labels,-1.26,EAST,13.42,2012,Qtr 1,February,2,Regular Air,0.99,New York,3.08,1
New York City,3121,Bob Dickens,Home Office,0.07,Erin,Low,2012,Qtr 4,December,9,1,Office Supplies,Small Box,Xerox 213,Paper,-195.57,EAST,660.54,2012,Qtr 4,December,11,Regular Air,7.86,New York,6.48,1
New York City,3121,Bob Dickens,Home Office,0.09,Erin,Low,2013,Qtr 1,March,29,1,Furniture,Jumbo Box,Bevis Round Conference Table Top & Single Column Base,Tables,-146.29,EAST,1111.01,2013,Qtr 1,March,30,Delivery Truck,43.75,New York,146.34,1
New York City,3121,Bob Dickens,Home Office,0.03,Erin,Low,2013,Qtr 2,May,24,1,Office Supplies,Small Box,Avery 474,Labels,11.55,EAST,68.73,2013,Qtr 2,May,26,Regular Air,0.99,New York,2.88,1
New York City,3121,Bob Dickens,Home Office,0.09,Erin,Low,2013,Qtr 3,July,30,1,Technology,Large Box,Canon PC-428 Personal Copier,Copiers and Fax,-735.27,EAST,818.85,2013,Qtr 3,August,1,Regular Air,24.49,New York,199.99,1
New York City,3251,Peter Brooks,Corporate,0.02,Erin,Low,2010,Qtr 4,December,11,1,Office Supplies,Small Box,Xerox 1928,Paper,-131.16,EAST,412.72,2010,Qtr 4,December,12,Regular Air,6.26,New York,5.28,1
New York City,3251,Peter Brooks,Corporate,0.03,Erin,Low,2011,Qtr 4,December,26,1,Office Supplies,Small Pack,Staples SlimLine Pencil Sharpener,Pens & Art Supplies,-31.74,EAST,388.52,2012,Qtr 1,January,22,Regular Air,5.81,New York,11.97,1
New York City,3251,Peter Brooks,Corporate,0.08,Erin,Low,2011,Qtr 4,December,26,1,Technology,Small Box,688,Telephones and Communication,-557.953,EAST,2092.05,2012,Qtr 1,January,26,Regular Air,4.2,New York,195.99,1
New York City,3251,Peter Brooks,Corporate,0,Erin,Low,2013,Qtr 1,January,23,1,Office Supplies,Small Box,"Acco Pressboard Covers with Storage Hooks, 14 7/8"" x 11"", Light Blue",Binders and Binder Accessories,-173.12560000000002,EAST,242.65,2013,Qtr 1,January,24,Regular Air,5.68,New York,4.91,1
New York City,3251,Peter Brooks,Corporate,0.03,Erin,Low,2013,Qtr 2,May,23,1,Office Supplies,Small Box,"Wilson Jones Elliptical Ring 3 1/2"" Capacity Binders, 800 sheets",Binders and Binder Accessories,807.3810000000001,EAST,2390.07,2013,Qtr 2,May,24,Regular Air,2.99,New York,42.8,1
New York City,3251,Peter Brooks,Corporate,0.06,Erin,Medium,2013,Qtr 4,December,26,1,Technology,Small Box,M3682,Telephones and Communication,1304.559,EAST,9375.35,2014,Qtr 1,January,14,Express Air,8.08,New York,125.99,1
New York City,3251,Peter Brooks,Small Business,0.06,Erin,High,2012,Qtr 3,September,11,1,Furniture,Medium Box,SAFCO Folding Chair Trolley,Chairs & Chairmats,1844.96,EAST,12002.16,2012,Qtr 3,September,13,Regular Air,12.65,New York,128.24,1
New York City,3251,Peter Brooks,Small Business,0.03,Erin,Low,2011,Qtr 4,October,24,1,Office Supplies,Small Box,Xerox 217,Paper,-15.756,EAST,42.02,2011,Qtr 4,October,26,Regular Air,8.19,New York,6.48,1
New York City,3251,Peter Brooks,Small Business,0,Erin,Low,2012,Qtr 1,March,2,1,Office Supplies,Small Box,Xerox 1881,Paper,44.04,EAST,556.49,2012,Qtr 1,March,2,Regular Air,6.47,New York,12.28,1
New York City,3251,Peter Brooks,Small Business,0.1,Erin,Low,2012,Qtr 1,March,2,1,Technology,Small Box,Belkin 105-Key Black Keyboard,Computer Peripherals,-37.99,EAST,754.85,2012,Qtr 1,March,4,Regular Air,4,New York,19.98,1
New York City,3251,Peter Brooks,Small Business,0.01,Erin,Low,2013,Qtr 1,March,30,1,Office Supplies,Small Box,Xerox 188,Paper,-11.83,EAST,29.03,2013,Qtr 2,April,1,Regular Air,5.01,New York,11.34,1
New York City,3251,Peter Brooks,Small Business,0.06,Erin,Low,2013,Qtr 2,May,7,1,Furniture,Jumbo Box,"Hon Metal Bookcases, Black",Bookcases,-127.94,EAST,919.49,2013,Qtr 2,May,9,Delivery Truck,26.74,New York,70.98,1
New York City,3251,Peter Brooks,Small Business,0.07,Erin,Low,2013,Qtr 2,May,7,1,Office Supplies,Small Box,Wilson Jones Suede Grain Vinyl Binders,Binders and Binder Accessories,6.732,EAST,171.84,2013,Qtr 2,May,8,Regular Air,1.49,New York,2.78,1
New York City,3251,Peter Brooks,Small Business,0.02,Erin,Low,2013,Qtr 2,May,7,1,Office Supplies,Wrap Bag,Turquoise Lead Holder with Pocket Clip,Pens & Art Supplies,80.13,EAST,433.54,2013,Qtr 2,May,8,Regular Air,1.56,New York,6.7,1
Newark,227,Stacey Glenn,Small Business,0.1,Erin,Low,2012,Qtr 1,January,31,1,Office Supplies,Wrap Bag,SANFORD Major Accent™ Highlighters,Pens & Art Supplies,0.266,EAST,20.66,2012,Qtr 1,February,1,Regular Air,2.35,New Jersey,7.08,1
Newark,283,Pauline Boyette,Corporate,0.1,Erin,Low,2010,Qtr 4,December,17,1,Office Supplies,Wrap Bag,Newell 323,Pens & Art Supplies,-11.57,EAST,18.71,2010,Qtr 4,December,18,Regular Air,1.57,New Jersey,1.68,1
Newark,461,Glenn Jones,Corporate,0.04,Erin,Low,2013,Qtr 4,November,1,1,Technology,Small Box,T18,Telephones and Communication,915.1369920000001,EAST,1865.7,2013,Qtr 4,November,5,Regular Air,2.5,New Jersey,110.99,1
Newark,1786,Erik Schwarz,Corporate,0.04,Erin,High,2013,Qtr 4,December,12,1,Furniture,Jumbo Box,"Riverside Palais Royal Lawyers Bookcase, Royale Cherry Finish",Bookcases,-3229.6017599999996,EAST,12195.58,2013,Qtr 4,December,13,Delivery Truck,44.55,New Jersey,880.98,1
Newark,1786,Erik Schwarz,Corporate,0.03,Erin,Low,2013,Qtr 4,December,13,1,Furniture,Jumbo Drum,"SAFCO PlanMaster Heigh-Adjustable Drafting Table Base, 43w x 30d x 30-37h, Black",Tables,2756.3530175999995,EAST,4612.83,2013,Qtr 4,December,15,Delivery Truck,60,New Jersey,349.45,1
Newark,1925,Lisa Humphrey Yu,Corporate,0.03,Erin,Low,2013,Qtr 1,January,10,1,Furniture,Jumbo Box,Bevis 36 x 72 Conference Tables,Tables,-538.3435200000001,EAST,1549.86,2013,Qtr 1,January,12,Delivery Truck,51.94,New Jersey,124.49,1
Newark,1925,Lisa Humphrey Yu,Small Business,0.01,Erin,Low,2011,Qtr 3,July,3,1,Technology,Jumbo Drum,Lexmark Z25 Color Inkjet Printer,Office Machines,128.43,EAST,582.57,2011,Qtr 3,July,10,Delivery Truck,33.6,New Jersey,80.97,1
Niagara Falls,2276,Dennis Block Richardson,Consumer,0.01,Erin,Low,2010,Qtr 4,December,31,1,Technology,Small Box,T28 WORLD,Telephones and Communication,2653.7814,EAST,3846.06,2010,Qtr 4,December,31,Regular Air,8.99,New York,195.99,1
Niagara Falls,2276,Dennis Block Richardson,Consumer,0.08,Erin,Low,2012,Qtr 2,April,30,1,Technology,Small Box,300 Series Non-Flip,Telephones and Communication,88.767,EAST,731.91,2012,Qtr 2,May,2,Regular Air,8.08,New York,155.99,1
Niagara Falls,2276,Dennis Block Richardson,Consumer,0,Erin,Low,2012,Qtr 4,December,16,1,Office Supplies,Large Box,"Tennsco Stur-D-Stor Boltless Shelving, 5 Shelves, 24"" Deep, Sand",Storage & Organization,-345.76,EAST,2614.1,2012,Qtr 4,December,18,Regular Air,35,New York,135.31,1
Niagara Falls,2276,Dennis Block Richardson,Consumer,0.01,Erin,Low,2012,Qtr 4,December,16,1,Office Supplies,Small Pack,Boston 1645 Deluxe Heavier-Duty Electric Pencil Sharpener,Pens & Art Supplies,303.495,EAST,701.8,2012,Qtr 4,December,23,Express Air,8.99,New York,43.98,1
Niagara Falls,2276,Dennis Block Richardson,Consumer,0.02,Erin,Low,2012,Qtr 4,December,16,1,Technology,Small Box,R380,Telephones and Communication,2535.7292999999995,EAST,3674.97,2012,Qtr 4,December,18,Express Air,3.99,New York,195.99,1
North Arlington,587,Herbert Barbour,Corporate,0.1,Erin,Low,2012,Qtr 3,August,26,1,Furniture,Jumbo Box,Hon 94000 Series Round Tables,Tables,-372.2046671200002,EAST,3828.15,2012,Qtr 3,August,30,Delivery Truck,54.12,New Jersey,296.18,1
North Arlington,978,Norman Tyler,Corporate,0.02,Erin,Low,2013,Qtr 4,October,4,1,Furniture,Wrap Bag,Coloredge Poster Frame,Office Furnishings,95,EAST,165.04,2013,Qtr 4,October,6,Regular Air,5.3,New Jersey,14.2,1
North Babylon,3273,Betty Cross,Home Office,0.08,Erin,Low,2013,Qtr 3,August,24,1,Furniture,Jumbo Drum,"Westinghouse Floor Lamp with Metal Mesh Shade, Black",Office Furnishings,-57.08312000000001,EAST,275.34,2013,Qtr 3,August,26,Delivery Truck,15.68,New York,23.99,1
North Babylon,3273,Betty Cross,Home Office,0.02,Erin,Low,2013,Qtr 3,August,24,1,Office Supplies,Small Box,Xerox 1966,Paper,-22.764560000000003,EAST,60.48,2013,Qtr 3,August,25,Regular Air,6.65,New York,6.48,1
North Babylon,3273,Betty Cross,Small Business,0.01,Erin,Low,2012,Qtr 1,February,10,1,Office Supplies,Wrap Bag,SANFORD Major Accent™ Highlighters,Pens & Art Supplies,35.98,EAST,65.66,2012,Qtr 1,February,11,Regular Air,2.35,New York,7.08,1
North Babylon,3273,Betty Cross,Small Business,0.1,Erin,Low,2013,Qtr 3,September,2,1,Furniture,Small Pack,Ultra Door Push Plate,Office Furnishings,-36.5332,EAST,119.93,2013,Qtr 3,September,4,Regular Air,3.05,New York,4.91,1
North Babylon,3273,Betty Cross,Small Business,0.1,Erin,Low,2013,Qtr 3,September,2,1,Office Supplies,Wrap Bag,Staples Bulldog Clip,Rubber Bands,27.1944,EAST,44.07,2013,Qtr 3,September,6,Regular Air,0.71,New York,3.78,1
North Bergen,440,Cheryl Lester Coley,Corporate,0.05,Erin,Low,2013,Qtr 4,December,9,1,Office Supplies,Small Box,Avery 498,Labels,39.205799999999996,EAST,56.82,2013,Qtr 4,December,18,Regular Air,0.5,New Jersey,2.89,1
North Bergen,2179,Gretchen Wilder,Small Business,0.03,Erin,Low,2011,Qtr 3,July,25,1,Office Supplies,Small Box,"Tenex Personal Project File with Scoop Front Design, Black",Storage & Organization,-8.7,EAST,43.48,2011,Qtr 3,July,25,Regular Air,4.51,New Jersey,13.48,1
North Miami,2830,Christine Carver,Home Office,0.1,Sam,Low,2011,Qtr 1,February,20,1,Office Supplies,Wrap Bag,Dixon Ticonderoga Core-Lock Colored Pencils,Pens & Art Supplies,-5624.6631,SOUTH,10.94,2011,Qtr 1,February,20,Regular Air,2.25,Florida,9.11,1
North Miami,2840,Bob Berg,Corporate,0,Sam,Low,2010,Qtr 3,September,19,1,Office Supplies,Small Pack,Panasonic KP-310 Heavy-Duty Electric Pencil Sharpener,Pens & Art Supplies,21.095999999999997,SOUTH,360.03,2010,Qtr 3,September,20,Regular Air,2.87,Florida,21.98,1
North Miami,2840,Bob Berg,Corporate,0.05,Sam,Low,2010,Qtr 4,December,11,1,Furniture,Small Pack,Artistic Insta-Plaque,Office Furnishings,1166.6280000000002,SOUTH,260.01,2010,Qtr 4,December,13,Regular Air,3.73,Florida,15.68,1
North Miami,2840,Bob Berg,Corporate,0,Sam,Low,2010,Qtr 4,December,11,1,Furniture,Small Pack,"GE 4 Foot Flourescent Tube, 40 Watt",Office Furnishings,-40.6042,SOUTH,273.79,2010,Qtr 4,December,12,Regular Air,8.99,Florida,14.98,1
North Miami,2840,Bob Berg,Corporate,0.02,Sam,Low,2010,Qtr 4,December,11,1,Office Supplies,Small Box,Xerox 1892,Paper,-294.084,SOUTH,44.62,2010,Qtr 4,December,12,Regular Air,13.26,Florida,38.76,1
North Miami Beach,2841,Melanie Cooper,Corporate,0.08,Sam,Low,2011,Qtr 3,July,19,1,Technology,Small Box,TimeportP7382,Telephones and Communication,288.342,SOUTH,347.94,2011,Qtr 3,July,21,Regular Air,8.99,Florida,205.99,1
North Miami Beach,2841,Melanie Cooper,Corporate,0.05,Sam,Low,2011,Qtr 3,September,27,1,Technology,Jumbo Drum,Panasonic KX-P1131 Dot Matrix Printer,Office Machines,6.598800000000001,SOUTH,1087.48,2011,Qtr 3,September,29,Delivery Truck,17.86,Florida,264.98,1
North Miami Beach,2880,Grace Black,Small Business,0.05,Sam,Low,2010,Qtr 1,March,28,1,Office Supplies,Small Box,HP Office Paper (20Lb. and 87 Bright),Paper,-2.3520000000000096,SOUTH,77.2,2010,Qtr 1,March,29,Regular Air,6.93,Florida,6.68,1
North Miami Beach,2880,Grace Black,Small Business,0.06,Sam,Low,2012,Qtr 1,February,22,1,Furniture,Small Pack,Ultra Door Push Plate,Office Furnishings,-126.09799999999998,SOUTH,25.77,2012,Qtr 1,February,24,Regular Air,3.05,Florida,4.91,1
North Miami Beach,2880,Grace Black,Small Business,0.08,Sam,Low,2013,Qtr 2,May,9,1,Office Supplies,Small Box,"Conquest™ 14 Commercial Heavy-Duty Upright Vacuum, Collection System, Accessory Kit",Appliances,-311.038,SOUTH,114.45,2013,Qtr 2,May,11,Regular Air,13.22,Florida,56.96,1
North Miami Beach,2880,Grace Black,Small Business,0.09,Sam,Low,2013,Qtr 2,May,9,1,Technology,Small Pack,Accessory32,Telephones and Communication,-1356.6677124000003,SOUTH,88.35,2013,Qtr 2,May,11,Regular Air,1.25,Florida,55.99,1
North Miami Beach,2880,Grace Black,Small Business,0.06,Sam,Low,2013,Qtr 4,October,5,1,Office Supplies,Small Box,Self-Adhesive Removable Labels,Labels,60.684,SOUTH,66.06,2013,Qtr 4,October,7,Regular Air,0.49,Florida,3.15,1
North Miami Beach,2880,Grace Black,Small Business,0.09,Sam,Medium,2010,Qtr 4,November,8,1,Furniture,Jumbo Drum,"Hon Deluxe Fabric Upholstered Stacking Chairs, Rounded Back",Chairs & Chairmats,1059.288,SOUTH,5587.89,2010,Qtr 4,November,13,Delivery Truck,43.32,Florida,243.98,1
North Plainfield,3269,Billie Stern,Corporate,0.01,Erin,Low,2010,Qtr 3,July,28,1,Office Supplies,Small Box,Tripp Lite Isotel 6 Outlet Surge Protector with Fax/Modem Protection,Appliances,527.8775999999999,EAST,765.04,2010,Qtr 3,July,30,Express Air,4.5,New Jersey,60.97,1
North Port,2881,Linda Peacock,Small Business,0,Sam,Low,2013,Qtr 4,December,2,1,Technology,Small Box,US Robotics 56K V.92 External Faxmodem,Computer Peripherals,1106.976,SOUTH,211.98,2013,Qtr 4,December,3,Regular Air,19.99,Florida,99.99,1
North Port,3086,Ted Durham,Consumer,0.05,Sam,Low,2010,Qtr 4,November,18,1,Technology,Small Box,Zoom V.92 V.44 PCI Internal Controllerless FaxModem,Computer Peripherals,4.29,SOUTH,130.91,2010,Qtr 4,November,19,Express Air,10.25,Florida,39.99,1
North Port,3086,Ted Durham,Consumer,0.03,Sam,Low,2011,Qtr 1,January,9,1,Technology,Jumbo Drum,"Hewlett-Packard cp1700 [D, PS] Series Color Inkjet Printers",Office Machines,-77.756,SOUTH,4043.11,2011,Qtr 1,January,9,Delivery Truck,28.14,Florida,500.98,1
North Port,3086,Ted Durham,Consumer,0.01,Sam,Low,2012,Qtr 4,November,26,1,Office Supplies,Small Box,Storex DuraTech Recycled Plastic Frosted Binders,Binders and Binder Accessories,67.05,SOUTH,67.03,2012,Qtr 4,December,1,Regular Air,5.41,Florida,4.24,1
North Tonawanda,2277,Allison Peacock,Consumer,0.02,Erin,Low,2012,Qtr 3,August,20,1,Office Supplies,Wrap Bag,Martin-Yale Premier Letter Opener,"Scissors, Rulers and Trimmers",-30.747600000000002,EAST,134.83,2012,Qtr 3,August,22,Regular Air,4.59,New York,12.88,1
North Tonawanda,2277,Allison Peacock,Consumer,0,Erin,Low,2013,Qtr 4,December,31,1,Furniture,Jumbo Drum,"Global High-Back Leather Tilter, Burgundy",Chairs & Chairmats,-28.099679999999992,EAST,200.57,2014,Qtr 1,January,2,Delivery Truck,70.2,New York,122.99,1
North Tonawanda,2277,Allison Peacock,Consumer,0.06,Erin,Low,2013,Qtr 4,December,31,1,Office Supplies,Small Box,GBC Binding covers,Binders and Binder Accessories,4.045184,EAST,65.18,2014,Qtr 1,January,2,Regular Air,4.98,New York,12.95,1
North Tonawanda,2390,Tammy Gunter,Corporate,0.01,Erin,Low,2012,Qtr 3,August,8,1,Office Supplies,Small Pack,Acme® Office Executive Series Stainless Steel Trimmers,"Scissors, Rulers and Trimmers",-59.852,EAST,220.73,2012,Qtr 3,August,13,Express Air,6.14,New York,8.57,1
North Tonawanda,2390,Tammy Gunter,Corporate,0.04,Erin,Low,2012,Qtr 4,October,25,1,Furniture,Jumbo Box,Bush Advantage Collection® Round Conference Table,Tables,-554.8936536000001,EAST,3451.26,2012,Qtr 4,October,29,Delivery Truck,110.2,New York,212.6,1
North Tonawanda,2390,Tammy Gunter,Corporate,0.08,Erin,Low,2012,Qtr 4,October,25,1,Office Supplies,Small Box,Project Tote Personal File,Storage & Organization,-160.1208,EAST,198.3,2012,Qtr 4,November,1,Regular Air,9.37,New York,14.03,1
Nutley,110,Stanley Kessler,Consumer,0.02,Erin,Low,2011,Qtr 1,February,23,1,Office Supplies,Small Box,Xerox 1996,Paper,-147.72,EAST,48.44,2011,Qtr 1,February,24,Regular Air,9.17,New Jersey,6.48,1
Nutley,2692,Hilda Proctor,Home Office,0.06,Erin,Low,2013,Qtr 3,August,4,1,Office Supplies,Small Pack,Staples Battery-Operated Desktop Pencil Sharpener,Pens & Art Supplies,47.21696,EAST,237.12,2013,Qtr 3,August,5,Regular Air,2.89,New Jersey,10.48,1
Oakland,369,Troy Moon,Corporate,0.09,William,Low,2010,Qtr 4,October,11,1,Furniture,Small Pack,"Executive Impressions 13"" Clairmont Wall Clock",Office Furnishings,211.232,WEST,394.1,2010,Qtr 4,October,13,Express Air,6.15,California,19.23,1
Oakland,369,Troy Moon,Corporate,0.04,William,Low,2013,Qtr 1,March,3,1,Furniture,Medium Box,"Rubbermaid ClusterMat Chairmats, Mat Size- 66"" x 60"", Lip 20"" x 11"" -90 Degree Angle",Office Furnishings,820.94,WEST,1269.37,2013,Qtr 1,March,5,Regular Air,13.99,California,110.98,1
Oakland,369,Troy Moon,Corporate,0,William,Low,2013,Qtr 1,March,3,1,Office Supplies,Small Box,Xerox 1961,Paper,-24.43,WEST,6.54,2013,Qtr 1,March,5,Regular Air,7.54,California,4.98,1
Oakland,369,Troy Moon,Corporate,0.09,William,Low,2013,Qtr 1,March,3,1,Office Supplies,Wrap Bag,Colored Push Pins,Rubber Bands,-18.57,WEST,10.6,2013,Qtr 1,March,3,Regular Air,1.56,California,1.81,1
Oakland,369,Troy Moon,Corporate,0.04,William,Low,2013,Qtr 3,August,14,1,Furniture,Jumbo Box,"Safco Value Mate Steel Bookcase, Baked Enamel Finish on Steel, Black",Bookcases,377.02648,WEST,1706.04,2013,Qtr 3,August,16,Delivery Truck,26.85,California,70.98,1
Oakland,369,Troy Moon,Corporate,0.03,William,Low,2013,Qtr 3,August,14,1,Office Supplies,Small Box,Xerox 1893,Paper,363.06312,WEST,677,2013,Qtr 3,August,15,Regular Air,17.48,California,40.99,1
Oakland,411,Carolyn Proctor,Consumer,0.05,William,Low,2010,Qtr 2,May,4,1,Office Supplies,Small Box,"Hot File® 7-Pocket, Floor Stand",Storage & Organization,943,WEST,1531.31,2010,Qtr 2,May,7,Express Air,19.99,California,178.47,1
Oakland Park,3087,Kevin Randall Briggs,Consumer,0.05,Sam,Low,2012,Qtr 1,January,1,1,Office Supplies,Small Box,GBC ProClick Punch Binding System,Binders and Binder Accessories,-132.66400000000002,SOUTH,323.26,2012,Qtr 1,January,4,Express Air,19.99,Florida,63.98,1
Oakland Park,3087,Kevin Randall Briggs,Consumer,0,Sam,Low,2012,Qtr 1,January,2,1,Furniture,Jumbo Drum,"Westinghouse Floor Lamp with Metal Mesh Shade, Black",Office Furnishings,33.288,SOUTH,343.61,2012,Qtr 1,January,4,Delivery Truck,15.68,Florida,23.99,1
Oakland Park,3087,Kevin Randall Briggs,Consumer,0.03,Sam,Low,2012,Qtr 4,October,11,1,Furniture,Wrap Bag,"Master Caster Door Stop, Brown",Office Furnishings,55.47599999999999,SOUTH,7.15,2012,Qtr 4,October,14,Regular Air,2.03,Florida,5.08,1
Oakland Park,3087,Kevin Randall Briggs,Consumer,0.07,Sam,Low,2013,Qtr 1,February,28,1,Office Supplies,Small Box,Xerox 1979,Paper,516.1320000000001,SOUTH,370.39,2013,Qtr 1,March,1,Express Air,8.74,Florida,30.98,1
Oakland Park,3100,Gladys Holloway,Consumer,0.07,Sam,Low,2010,Qtr 3,September,25,1,Technology,Wrap Bag,Accessory17,Telephones and Communication,-299.8142,SOUTH,31.71,2010,Qtr 3,September,27,Regular Air,5,Florida,35.99,1
Oakland Park,3100,Gladys Holloway,Consumer,0.08,Sam,Low,2011,Qtr 4,October,23,1,Office Supplies,Small Box,"Acco Recycled 2"" Capacity Laser Printer Hanging Data Binders",Binders and Binder Accessories,-84.238,SOUTH,210.65,2011,Qtr 4,October,25,Regular Air,7.17,Florida,14.45,1
Oakland Park,3100,Gladys Holloway,Consumer,0.08,Sam,Low,2012,Qtr 3,August,8,1,Office Supplies,Wrap Bag,Serrated Blade or Curved Handle Hand Letter Openers,"Scissors, Rulers and Trimmers",126.624,SOUTH,51.51,2012,Qtr 3,August,9,Regular Air,1.92,Florida,3.14,1
Ocean City,1167,Marc Randall,Corporate,0.03,Erin,Low,2013,Qtr 2,April,10,1,Furniture,Wrap Bag,Eldon Econocleat® Chair Mats for Low Pile Carpets,Office Furnishings,-681.97,EAST,443.44,2013,Qtr 2,April,11,Regular Air,34.2,New Jersey,41.47,1
Oceanside,776,Holly Love Butler,Home Office,0.06,William,Low,2011,Qtr 4,October,3,1,Furniture,Jumbo Drum,"Office Star - Contemporary Task Swivel chair with 2-way adjustable arms, Plum",Chairs & Chairmats,-282.7116,WEST,1057.4,2011,Qtr 4,October,4,Delivery Truck,30,California,130.98,1
Oceanside,776,Holly Love Butler,Home Office,0.1,William,Low,2013,Qtr 1,March,1,1,Office Supplies,Small Box,GBC Wire Binding Strips,Binders and Binder Accessories,-9.314999999999994,WEST,62.57,2013,Qtr 1,March,2,Regular Air,12.62,California,31.74,1
Oceanside,776,Holly Love Butler,Home Office,0.09,William,Low,2013,Qtr 1,March,1,1,Office Supplies,Wrap Bag,"Snap-A-Way® Black Print Carbonless Ruled Speed Letter, Triplicate",Paper,39.23,WEST,71.88,2013,Qtr 1,March,2,Regular Air,5.08,California,37.94,1
Oceanside,776,Holly Love Butler,Home Office,0.03,William,Low,2013,Qtr 2,June,13,1,Office Supplies,Large Box,Space Solutions™ Industrial Galvanized Steel Shelving.,Storage & Organization,-878.376,WEST,1351.62,2013,Qtr 2,June,14,Regular Air,35,California,78.8,1
Oceanside,776,Holly Love Butler,Home Office,0.01,William,Low,2013,Qtr 2,June,13,1,Office Supplies,Small Box,"Eaton Premium Continuous-Feed Paper, 25% Cotton, Letter Size, White, 1000 Shts/Box",Paper,313.98449999999997,WEST,455.05,2013,Qtr 2,June,14,Regular Air,6.79,California,55.48,1
Oceanside,776,Holly Love Butler,Home Office,0.07,William,Low,2013,Qtr 2,June,13,1,Office Supplies,Small Box,JM Magazine Binder,Binders and Binder Accessories,164.46149999999997,WEST,238.35,2013,Qtr 2,June,14,Regular Air,2.99,California,16.51,1
Oceanside,2391,Jacob McNeill,Corporate,0.1,Erin,Low,2010,Qtr 2,May,25,1,Office Supplies,Small Box,"Tyvek ® Top-Opening Peel & Seel Envelopes, Plain White",Envelopes,204.49,EAST,314.06,2010,Qtr 2,May,27,Regular Air,8.23,New York,27.18,1
Oceanside,2391,Jacob McNeill,Corporate,0.06,Erin,Low,2010,Qtr 2,May,25,1,Technology,Small Pack,"Imation Primaris 3.5"" 2HD Unformatted Diskettes, 10/Pack",Computer Peripherals,-45.64,EAST,42.46,2010,Qtr 2,May,26,Regular Air,2.39,New York,4.77,1
Oceanside,2391,Jacob McNeill,Corporate,0.05,Erin,Low,2010,Qtr 2,June,4,1,Office Supplies,Small Box,Xerox 23,Paper,-22.56,EAST,92.16,2010,Qtr 2,June,5,Express Air,5.14,New York,6.48,1
Oceanside,2391,Jacob McNeill,Corporate,0,Erin,Low,2010,Qtr 2,June,4,1,Technology,Medium Box,"Polycom Soundstation EX Audio-Conferencing Telephone, Black",Office Machines,-1455.9971999999998,EAST,1009.99,2010,Qtr 2,June,6,Regular Air,13.99,New York,999.99,1
Oceanside,2391,Jacob McNeill,Corporate,0.08,Erin,Low,2012,Qtr 1,January,10,1,Furniture,Medium Box,"Tenex Contemporary Contur Chairmats for Low and Medium Pile Carpet, Computer, 39"" x 49""",Office Furnishings,213.2864,EAST,524.32,2012,Qtr 1,January,12,Regular Air,5.81,New York,107.53,1
Oceanside,2560,Tiffany Honeycutt,Consumer,0.08,Erin,Low,2011,Qtr 2,April,16,1,Office Supplies,Medium Box,Bionaire 99.97% HEPA Air Cleaner,Appliances,-38.35,EAST,151.52,2011,Qtr 2,April,18,Regular Air,8.17,New York,17.52,1
Oceanside,2560,Tiffany Honeycutt,Consumer,0.1,Erin,Low,2011,Qtr 2,April,16,1,Office Supplies,Small Box,#6 3/4 Gummed Flap White Envelopes,Envelopes,38.591699999999996,EAST,55.93,2011,Qtr 2,April,18,Regular Air,1.39,New York,9.9,1
Ocoee,3101,John McAllister,Consumer,0.08,Sam,Low,2012,Qtr 3,July,30,1,Office Supplies,Small Box,"Avery® 3 1/2"" Diskette Storage Pages, 10/Pack",Binders and Binder Accessories,191.712,SOUTH,99.89,2012,Qtr 3,August,3,Regular Air,5.75,Florida,10.44,1
Ocoee,3118,Tony Woods,Corporate,0.09,Sam,Low,2011,Qtr 1,January,1,1,Furniture,Medium Box,"Deflect-o EconoMat Studded, No Bevel Mat for Low Pile Carpeting",Office Furnishings,120.318,SOUTH,121.93,2011,Qtr 1,January,3,Regular Air,8.66,Florida,41.32,1
Ocoee,3118,Tony Woods,Corporate,0.01,Sam,Low,2011,Qtr 1,January,1,1,Office Supplies,Small Box,Avery Poly Binder Pockets,Binders and Binder Accessories,-60.34,SOUTH,42.37,2011,Qtr 1,January,5,Regular Air,5.47,Florida,3.58,1
Ocoee,3118,Tony Woods,Corporate,0.02,Sam,Low,2011,Qtr 1,January,1,1,Technology,Jumbo Drum,Panasonic KX-P1150 Dot Matrix Printer,Office Machines,-125.09,SOUTH,1012.07,2011,Qtr 1,January,5,Delivery Truck,17.85,Florida,145.45,1
Ocoee,3118,Tony Woods,Corporate,0.03,Sam,Low,2013,Qtr 2,June,30,1,Office Supplies,Small Box,Avery 494,Labels,17.130900000000004,SOUTH,44.52,2013,Qtr 2,June,30,Regular Air,0.5,Florida,2.61,1
Old Bridge,929,Calvin Conway,Small Business,0.01,Erin,Low,2010,Qtr 2,April,6,1,Furniture,Jumbo Box,"Rush Hierlooms Collection 1"" Thick Stackable Bookcases",Bookcases,538.52,EAST,1719.07,2010,Qtr 2,April,8,Delivery Truck,35.89,New Jersey,170.98,1
Old Bridge,1223,Marcia Bernstein Horn,Small Business,0.09,Erin,Low,2012,Qtr 4,December,21,1,Office Supplies,Small Pack,"Boston Electric Pencil Sharpener, Model 1818, Charcoal Black",Pens & Art Supplies,-3.9,EAST,600.07,2012,Qtr 4,December,23,Express Air,8.99,New Jersey,28.15,1
Ontario,984,Paul Cooper,Small Business,0.04,William,Low,2011,Qtr 2,April,8,1,Office Supplies,Small Pack,"Acme® 8"" Straight Scissors","Scissors, Rulers and Trimmers",12.82,WEST,64.34,2011,Qtr 2,April,9,Regular Air,3.14,California,12.98,1
Ontario,984,Paul Cooper,Small Business,0.02,William,Low,2011,Qtr 2,April,8,1,Office Supplies,Small Pack,"Hunt BOSTON® Vista® Battery-Operated Pencil Sharpener, Black",Pens & Art Supplies,-78.81,WEST,59.69,2011,Qtr 2,April,9,Regular Air,7.95,California,11.66,1
Ontario,984,Paul Cooper,Small Business,0.02,William,Low,2011,Qtr 4,October,31,1,Technology,Small Box,KF 788,Telephones and Communication,156.92256,WEST,444.34,2011,Qtr 4,October,31,Regular Air,4.99,California,45.99,1
Ontario,984,Paul Cooper,Small Business,0.07,William,Low,2012,Qtr 4,October,18,1,Office Supplies,Large Box,Tennsco Regal Shelving Units,Storage & Organization,-286.8696,WEST,323.07,2012,Qtr 4,October,20,Regular Air,35,California,101.41,1
Ontario,984,Paul Cooper,Small Business,0.06,William,Low,2012,Qtr 4,November,12,1,Office Supplies,Small Box,Avery 51,Labels,103.9485,WEST,150.65,2012,Qtr 4,November,14,Regular Air,0.5,California,6.3,1
Ontario,984,Paul Cooper,Small Business,0.03,William,Low,2013,Qtr 2,April,8,1,Office Supplies,Large Box,Hoover® Commercial Lightweight Upright Vacuum,Appliances,-1045.25,WEST,33.64,2013,Qtr 2,April,9,Regular Air,49,California,3.48,1
Ontario,984,Paul Cooper,Small Business,0.01,William,Medium,2012,Qtr 4,November,12,1,Furniture,Medium Box,SAFCO Folding Chair Trolley,Chairs & Chairmats,3498.2033999999994,WEST,5069.86,2012,Qtr 4,November,13,Express Air,12.65,California,128.24,1
Orange,930,Ethel Curry,Small Business,0.05,Erin,Low,2013,Qtr 2,April,6,1,Furniture,Medium Box,DAX Cubicle Frames - 8x10,Office Furnishings,-136.7,EAST,59,2013,Qtr 2,April,6,Regular Air,5.92,New Jersey,5.77,1
Orange,1901,Jose Levin,Consumer,0,Erin,Low,2013,Qtr 1,February,15,1,Furniture,Jumbo Box,"Chromcraft 48"" x 96"" Racetrack Double Pedestal Table",Tables,-774.8906880000001,EAST,3341.96,2013,Qtr 1,February,16,Delivery Truck,29.2,New Jersey,320.64,1
Orlando,3119,Jay Hubbard,Corporate,0.08,Sam,Low,2010,Qtr 2,June,30,1,Furniture,Jumbo Drum,"SAFCO PlanMaster Heigh-Adjustable Drafting Table Base, 43w x 30d x 30-37h, Black",Tables,513.084,SOUTH,3772.19,2010,Qtr 3,July,2,Delivery Truck,60,Florida,349.45,1
Orlando,3119,Jay Hubbard,Corporate,0.03,Sam,Low,2011,Qtr 4,December,29,1,Office Supplies,Small Box,Xerox 1993,Paper,-29.929899999999996,SOUTH,80.83,2011,Qtr 4,December,30,Regular Air,9.68,Florida,6.48,1
Orlando,3119,Jay Hubbard,Corporate,0,Sam,Low,2011,Qtr 4,December,29,1,Technology,Small Pack,"Imation 3.5 IBM Formatted Diskettes, 10/Box",Computer Peripherals,-1075.396,SOUTH,170.62,2012,Qtr 1,January,16,Express Air,2.38,Florida,8.32,1
Orlando,3119,Jay Hubbard,Corporate,0.07,Sam,Low,2013,Qtr 4,December,29,1,Office Supplies,Jumbo Drum,Avanti 4.4 Cu. Ft. Refrigerator,Appliances,-147.518,SOUTH,4529.95,2014,Qtr 1,January,15,Delivery Truck,55.24,Florida,180.98,1
Orlando,3119,Jay Hubbard,Corporate,0.06,Sam,Low,2013,Qtr 4,December,29,1,Office Supplies,Wrap Bag,"Important Message Pads, 50 4-1/4 x 5-1/2 Forms per Pad",Paper,-689.8738000000001,SOUTH,9.64,2014,Qtr 1,January,17,Regular Air,2.26,Florida,4.2,1
Orlando,3330,Clyde Fuller,Corporate,0.04,Sam,Low,2011,Qtr 2,June,19,1,Office Supplies,Small Box,Tripp Lite Isotel 8 Ultra 8 Outlet Metal Surge,Appliances,-11.8979,SOUTH,649.97,2011,Qtr 2,June,19,Regular Air,3.5,Florida,70.97,1
Orlando,3330,Clyde Fuller,Corporate,0.07,Sam,Low,2013,Qtr 3,August,17,1,Office Supplies,Small Box,Belkin 6 Outlet Metallic Surge Strip,Appliances,160.602,SOUTH,110.74,2013,Qtr 3,August,18,Regular Air,4.5,Florida,10.89,1
Ormond Beach,2032,Jessie Bray,Consumer,0.06,Sam,Low,2011,Qtr 3,September,14,1,Office Supplies,Small Box,Belkin Premiere Surge Master II 8-outlet surge protector,Appliances,-250.348,SOUTH,960.75,2011,Qtr 3,September,16,Regular Air,3.99,Florida,48.58,1
Ormond Beach,3331,Elisabeth Shaw,Corporate,0.09,Sam,Low,2010,Qtr 1,January,5,1,Office Supplies,Small Box,"Perma STOR-ALL™ Hanging File Box, 13 1/8""W x 12 1/4""D x 10 1/2""H",Storage & Organization,-781.1342,SOUTH,65.85,2010,Qtr 1,January,6,Regular Air,4.69,Florida,5.98,1
Ormond Beach,3331,Elisabeth Shaw,Corporate,0.02,Sam,Low,2010,Qtr 3,July,9,1,Office Supplies,Wrap Bag,EcoTones® Memo Sheets,Paper,-23.296,SOUTH,50.71,2010,Qtr 3,July,9,Regular Air,1.3,Florida,4,1
Ormond Beach,3331,Elisabeth Shaw,Corporate,0.02,Sam,Low,2011,Qtr 3,July,18,1,Technology,Small Box,Logitech Access Keyboard,Computer Peripherals,31.487399999999997,SOUTH,227.04,2011,Qtr 3,July,18,Regular Air,4,Florida,15.98,1
Ormond Beach,3331,Elisabeth Shaw,Corporate,0.05,Sam,Low,2012,Qtr 4,October,30,1,Office Supplies,Small Box,"File Shuttle II and Handi-File, Black",Storage & Organization,1055.8319999999999,SOUTH,138.78,2012,Qtr 4,October,30,Regular Air,5.1,Florida,33.89,1
Ormond Beach,3331,Elisabeth Shaw,Corporate,0.08,Sam,Low,2012,Qtr 4,October,30,1,Office Supplies,Wrap Bag,Staples Metal Binder Clips,Rubber Bands,-158.312,SOUTH,33.3,2012,Qtr 4,November,3,Regular Air,0.8,Florida,2.62,1
Ormond Beach,3331,Elisabeth Shaw,Corporate,0.04,Sam,Low,2013,Qtr 1,February,8,1,Technology,Small Box,Keytronic French Keyboard,Computer Peripherals,583.8965999999999,SOUTH,936.28,2013,Qtr 1,February,9,Regular Air,14.52,Florida,73.98,1
Ormond Beach,3331,Elisabeth Shaw,Corporate,0.04,Sam,Low,2013,Qtr 3,July,9,1,Office Supplies,Small Box,"Acco Pressboard Covers with Storage Hooks, 14 7/8"" x 11"", Dark Blue",Binders and Binder Accessories,-341.044704,SOUTH,9.64,2013,Qtr 3,July,11,Regular Air,5.44,Florida,3.81,1
Oro Valley,527,Victor Stevens,Home Office,0.02,William,Low,2012,Qtr 2,April,21,1,Furniture,Jumbo Box,Bush Advantage Collection® Round Conference Table,Tables,611.11,WEST,2931.79,2012,Qtr 2,April,22,Delivery Truck,52.2,Arizona,212.6,1
Oro Valley,744,Joy Maxwell,Consumer,0.03,William,Low,2010,Qtr 3,July,17,1,Technology,Jumbo Box,Hewlett-Packard 2600DN Business Color Inkjet Printer,Office Machines,190.14,WEST,1545.58,2010,Qtr 3,July,19,Delivery Truck,56.14,Arizona,119.99,1
Oro Valley,744,Joy Maxwell,Consumer,0.09,William,Low,2010,Qtr 4,November,25,1,Technology,Small Box,SC7868i,Telephones and Communication,916.6806000000001,WEST,2104.99,2010,Qtr 4,December,2,Regular Air,8.99,Arizona,125.99,1
Oro Valley,744,Joy Maxwell,Consumer,0.08,William,Low,2013,Qtr 3,July,31,1,Office Supplies,Small Box,Staples 1 Part Blank Computer Paper,Paper,-33.80784,WEST,25.87,2013,Qtr 3,August,2,Regular Air,11.25,Arizona,11.34,1
Oro Valley,744,Joy Maxwell,Consumer,0.04,William,Low,2013,Qtr 3,July,31,1,Office Supplies,Small Box,Xerox 1891,Paper,199.98269999999997,WEST,289.83,2013,Qtr 3,August,1,Express Air,5.81,Arizona,48.91,1
Oro Valley,744,Joy Maxwell,Consumer,0.02,William,Low,2013,Qtr 3,July,31,1,Technology,Small Pack,Fuji Slim Jewel Case CD-R,Computer Peripherals,-29.21136,WEST,23.15,2013,Qtr 3,August,3,Regular Air,1.99,Arizona,2.12,1
Oro Valley,744,Joy Maxwell,Corporate,0.02,William,Low,2010,Qtr 1,January,28,1,Office Supplies,Small Box,Belkin 8 Outlet SurgeMaster II Gold Surge Protector,Appliances,-54.622,WEST,63.48,2010,Qtr 1,February,6,Regular Air,3.99,Arizona,59.98,1
Oro Valley,744,Joy Maxwell,Corporate,0.03,William,Low,2010,Qtr 1,January,28,1,Office Supplies,Small Box,Wilson Jones Impact Binders,Binders and Binder Accessories,-126.81418000000001,WEST,47.64,2010,Qtr 1,February,1,Regular Air,5.74,Arizona,5.18,1
Ossining,2561,Laurie Moon,Consumer,0.03,Erin,Low,2010,Qtr 1,March,22,1,Furniture,Jumbo Drum,Office Star - Mid Back Dual function Ergonomic High Back Chair with 2-Way Adjustable Arms,Chairs & Chairmats,1261.4718,EAST,1828.22,2010,Qtr 1,March,25,Delivery Truck,30,New York,160.98,1
Ossining,2561,Laurie Moon,Consumer,0.07,Erin,Low,2010,Qtr 4,October,8,1,Furniture,Small Pack,Aluminum Document Frame,Office Furnishings,89.4148,EAST,147.19,2010,Qtr 4,October,8,Regular Air,2.85,New York,12.22,1
Ossining,2561,Laurie Moon,Consumer,0.07,Erin,Low,2010,Qtr 4,October,8,1,Office Supplies,Small Box,Ibico Presentation Index for Binding Systems,Binders and Binder Accessories,-59.96376,EAST,29.77,2010,Qtr 4,October,10,Regular Air,5.26,New York,3.98,1
Ossining,2561,Laurie Moon,Consumer,0.09,Erin,Low,2013,Qtr 1,March,22,1,Technology,Small Box,Logitech Access Keyboard,Computer Peripherals,107.06729999999999,EAST,155.17,2013,Qtr 1,March,24,Regular Air,4,New York,15.98,1
Ossining,2561,Laurie Moon,Consumer,0.02,Erin,Low,2013,Qtr 4,October,29,1,Office Supplies,Small Box,Ibico Hi-Tech Manual Binding System,Binders and Binder Accessories,1314.389,EAST,2155,2013,Qtr 4,October,31,Regular Air,19.99,New York,304.99,1
Oviedo,2033,Shirley Garner,Consumer,0.07,Sam,Low,2011,Qtr 1,January,3,1,Office Supplies,Small Box,Eureka The Boss® Cordless Rechargeable Stick Vac,Appliances,497.83799999999997,SOUTH,430.02,2011,Qtr 1,January,7,Regular Air,13.66,Florida,50.98,1
Oviedo,2033,Shirley Garner,Consumer,0.04,Sam,Low,2011,Qtr 1,January,3,1,Office Supplies,Small Box,"Fellowes Personal Hanging Folder Files, Navy",Storage & Organization,-79.24000000000001,SOUTH,41.11,2011,Qtr 1,January,8,Regular Air,5.5,Florida,13.43,1
Oviedo,2033,Shirley Garner,Consumer,0.01,Sam,Low,2011,Qtr 1,January,3,1,Technology,Small Pack,"Verbatim DVD-R, 3.95GB, SR, Mitsubishi Branded, Jewel",Computer Peripherals,222.138,SOUTH,69.36,2011,Qtr 1,January,5,Regular Air,1.99,Florida,22.24,1
Oviedo,2033,Shirley Garner,Consumer,0.08,Sam,Low,2011,Qtr 3,September,14,1,Office Supplies,Small Box,Steel Personal Filing/Posting Tote,Storage & Organization,-229.85200000000003,SOUTH,206.77,2011,Qtr 3,September,16,Regular Air,6.31,Florida,35.51,1
Oviedo,2033,Shirley Garner,Consumer,0.06,Sam,Low,2012,Qtr 1,January,1,1,Office Supplies,Wrap Bag,Array® Memo Cubes,Paper,330.80129999999997,SOUTH,17.14,2012,Qtr 1,January,8,Express Air,2.04,Florida,5.18,1
Oviedo,2033,Shirley Garner,Consumer,0.06,Sam,Low,2012,Qtr 1,March,26,1,Office Supplies,Small Box,Avery 508,Labels,-30.547439999999995,SOUTH,55.94,2012,Qtr 1,March,28,Regular Air,0.5,Florida,4.91,1
Oviedo,2033,Shirley Garner,Consumer,0.07,Sam,Low,2012,Qtr 1,March,26,1,Office Supplies,Small Box,Fellowes Staxonsteel® Drawer Files,Storage & Organization,122.844,SOUTH,1137.49,2012,Qtr 1,March,28,Regular Air,19.99,Florida,193.17,1
Oviedo,2033,Shirley Garner,Consumer,0.1,Sam,Low,2012,Qtr 1,March,26,1,Technology,Small Box,CF 688,Telephones and Communication,66.264,SOUTH,737.47,2012,Qtr 1,March,28,Regular Air,8.99,Florida,155.99,1
Oxnard,993,Gail Currin,Small Business,0.05,William,Low,2010,Qtr 1,February,19,1,Office Supplies,Small Box,Xerox 1971,Paper,-104.57,WEST,38.58,2010,Qtr 1,February,19,Regular Air,5.17,California,4.28,1
Oxnard,993,Gail Currin,Small Business,0.08,William,Low,2013,Qtr 2,June,3,1,Furniture,Medium Box,"Tenex Traditional Chairmats for Medium Pile Carpet, Standard Lip, 36"" x 48""",Office Furnishings,406.692,WEST,744.42,2013,Qtr 2,June,5,Regular Air,12.23,California,60.65,1
Oxnard,993,Gail Currin,Small Business,0.07,William,Low,2013,Qtr 2,June,3,1,Office Supplies,Small Box,Avery Hanging File Binders,Binders and Binder Accessories,31.995299999999997,WEST,46.37,2013,Qtr 2,June,4,Regular Air,1.49,California,5.98,1
Oxnard,993,Gail Currin,Small Business,0.04,William,Low,2013,Qtr 2,June,24,1,Furniture,Large Box,"Electrix Incandescent Magnifying Lamp, Black",Office Furnishings,-366.664,WEST,641.97,2013,Qtr 2,June,26,Regular Air,22.6,California,36.65,1
Oxnard,1101,Kimberly McCarthy,Small Business,0.02,William,Low,2010,Qtr 4,November,5,1,Office Supplies,Small Box,Eldon® Gobal File Keepers,Storage & Organization,5.8840000000000074,WEST,51.02,2010,Qtr 4,November,6,Regular Air,4.53,California,15.14,1
Oxnard,1101,Kimberly McCarthy,Small Business,0.02,William,Low,2013,Qtr 3,August,4,1,Furniture,Small Box,"Eldon Expressions Punched Metal & Wood Desk Accessories, Pewter & Cherry",Office Furnishings,-16.578400000000002,WEST,215.36,2013,Qtr 3,August,5,Regular Air,5.16,California,10.64,1
Oxnard,1101,Kimberly McCarthy,Small Business,0.01,William,Low,2013,Qtr 4,November,5,1,Furniture,Large Box,"Tensor ""Hersey Kiss"" Styled Floor Lamp",Office Furnishings,46.81296000000002,WEST,169.13,2013,Qtr 4,November,5,Regular Air,14.37,California,12.99,1
Pacifica,1490,Leslie Duffy,Corporate,0.01,William,Low,2012,Qtr 3,July,6,1,Office Supplies,Wrap Bag,"Message Book, Standard Line ""While You Were Out"", 5 1/2"" X 4"", 200 Sets/Book",Paper,8.34,WEST,92.34,2012,Qtr 3,July,8,Regular Air,5.16,California,8.56,1
Pacifica,1490,Leslie Duffy,Corporate,0.01,William,Low,2012,Qtr 3,August,28,1,Office Supplies,Wrap Bag,"Binney & Smith inkTank™ Erasable Desk Highlighter, Chisel Tip, Yellow, 12/Box",Pens & Art Supplies,-24.4452,WEST,22.17,2012,Qtr 3,August,30,Regular Air,4.28,California,2.52,1
Pacifica,1490,Leslie Duffy,Corporate,0.01,William,Low,2012,Qtr 3,September,11,1,Office Supplies,Small Box,Wilson Jones® Four-Pocket Poly Binders,Binders and Binder Accessories,-28.945500000000003,WEST,54.95,2012,Qtr 3,September,12,Regular Air,5.27,California,6.54,1
Pacifica,1490,Leslie Duffy,Corporate,0.07,William,Low,2012,Qtr 4,November,3,1,Technology,Small Box,AT&T 1430 2.4GHz Analog Phone w/Caller ID,Office Machines,10.23642000000001,WEST,431.11,2012,Qtr 4,November,4,Regular Air,8.97,California,40.99,1
Pacifica,1490,Leslie Duffy,Corporate,0.07,William,Low,2013,Qtr 1,January,10,1,Furniture,Small Pack,Electrix 20W Halogen Replacement Bulb for Zoom-In Desk Lamp,Office Furnishings,62.3484,WEST,90.36,2013,Qtr 1,January,14,Regular Air,4.95,California,13.4,1
Pacifica,1490,Leslie Duffy,Corporate,0.05,William,Low,2013,Qtr 1,March,7,1,Technology,Small Box,T18,Telephones and Communication,-117.612,WEST,271.56,2013,Qtr 1,March,8,Regular Air,2.5,California,110.99,1
Pacifica,1490,Leslie Duffy,Corporate,0.03,William,Medium,2011,Qtr 4,November,13,1,Office Supplies,Large Box,Office Impressions Heavy Duty Welded Shelving & Multimedia Storage Drawers,Storage & Organization,100.41000000000014,WEST,5705.18,2011,Qtr 4,November,15,Regular Air,35,California,167.27,1
Palisades Park,991,Jesse Pennington,Small Business,0.08,Erin,Low,2013,Qtr 1,January,11,1,Furniture,Jumbo Drum,"Global High-Back Leather Tilter, Burgundy",Chairs & Chairmats,-501.91479999999996,EAST,129.45,2013,Qtr 1,January,11,Delivery Truck,70.2,New Jersey,122.99,1
Palisades Park,1457,Jerome Stevens,Corporate,0.1,Erin,Low,2013,Qtr 1,January,5,1,Office Supplies,Small Box,Portfile® Personal File Boxes,Storage & Organization,-175.584,EAST,150.25,2013,Qtr 1,January,6,Regular Air,9.47,New Jersey,17.7,1
Palm Bay,2034,Douglas English,Consumer,0.04,Sam,Low,2011,Qtr 4,October,31,1,Office Supplies,Small Box,"Acco Pressboard Covers with Storage Hooks, 14 7/8"" x 11"", Light Blue",Binders and Binder Accessories,3130.3601999999996,SOUTH,93.34,2011,Qtr 4,November,2,Regular Air,5.68,Florida,4.91,1
Palm Bay,2034,Douglas English,Consumer,0.01,Sam,Low,2011,Qtr 4,October,31,1,Office Supplies,Small Box,Xerox Blank Computer Paper,Paper,-265.062,SOUTH,472.62,2011,Qtr 4,November,2,Regular Air,5.77,Florida,19.98,1
Palm Bay,2034,Douglas English,Consumer,0.05,Sam,Low,2012,Qtr 1,February,26,1,Office Supplies,Small Box,"Dual Level, Single-Width Filing Carts",Storage & Organization,334.5141,SOUTH,1668.99,2012,Qtr 1,February,27,Regular Air,7.07,Florida,155.06,1
Palm Bay,2034,Douglas English,Consumer,0.05,Sam,Low,2012,Qtr 2,June,10,1,Office Supplies,Small Box,"Tenex Personal Project File with Scoop Front Design, Black",Storage & Organization,1848.6119999999999,SOUTH,246.18,2012,Qtr 2,June,12,Regular Air,4.51,Florida,13.48,1
Palm Bay,2034,Douglas English,Consumer,0.1,Sam,Low,2013,Qtr 1,January,18,1,Office Supplies,Small Box,#6 3/4 Gummed Flap White Envelopes,Envelopes,123.762,SOUTH,45.85,2013,Qtr 1,January,18,Regular Air,1.39,Florida,9.9,1
Palm Bay,2034,Douglas English,Consumer,0.02,Sam,Low,2013,Qtr 2,May,12,1,Office Supplies,Small Box,Fellowes Staxonsteel® Drawer Files,Storage & Organization,-239.274,SOUTH,1710.18,2013,Qtr 2,May,17,Regular Air,19.99,Florida,193.17,1
Palm Beach Gardens,1663,Ruby Tate,Home Office,0,Sam,Low,2013,Qtr 1,January,4,1,Furniture,Large Box,Luxo Adjustable Task Clamp Lamp,Office Furnishings,-14.312900000000003,SOUTH,929.41,2013,Qtr 1,January,4,Regular Air,20.79,Florida,88.84,1
Palm Beach Gardens,1663,Ruby Tate,Home Office,0.02,Sam,Low,2013,Qtr 1,January,4,1,Technology,Jumbo Drum,Lexmark Z55se Color Inkjet Printer,Office Machines,5.319299999999999,SOUTH,100.1,2013,Qtr 1,January,7,Delivery Truck,28,Florida,90.97,1
Palm Beach Gardens,1663,Ruby Tate,Home Office,0.02,Sam,Low,2013,Qtr 4,October,31,1,Office Supplies,Small Box,Xerox 1997,Paper,-42.028,SOUTH,88.61,2013,Qtr 4,November,1,Regular Air,10.05,Florida,6.48,1
Palm Beach Gardens,1873,Lisa Kim,Corporate,0.03,Sam,Low,2010,Qtr 1,January,17,1,Office Supplies,Small Box,Tyvek® Side-Opening Peel & Seel® Expanding Envelopes,Envelopes,15.354,SOUTH,99.69,2010,Qtr 1,January,19,Regular Air,19.99,Florida,90.48,1
Palm Beach Gardens,1873,Lisa Kim,Corporate,0.06,Sam,Low,2010,Qtr 1,January,17,1,Office Supplies,Small Box,Xerox 1991,Paper,-357.924,SOUTH,152.49,2010,Qtr 1,January,17,Regular Air,8.18,Florida,22.84,1
Palm Beach Gardens,1873,Lisa Kim,Corporate,0.09,Sam,Low,2012,Qtr 4,November,17,1,Technology,Small Box,8890,Telephones and Communication,-29.96,SOUTH,2013.28,2012,Qtr 4,November,18,Regular Air,5.92,Florida,115.99,1
Palm Beach Gardens,1873,Lisa Kim,Corporate,0.08,Sam,Low,2013,Qtr 2,May,12,1,Office Supplies,Wrap Bag,"Adams Phone Message Book, Professional, 400 Message Capacity, 5 3/6” x 11”",Paper,103.572,SOUTH,45.46,2013,Qtr 2,May,13,Regular Air,1.6,Florida,6.98,1
Palm Beach Gardens,2035,Jon Ward,Consumer,0.1,Sam,Low,2010,Qtr 4,November,18,1,Office Supplies,Wrap Bag,Revere Boxed Rubber Bands by Revere,Rubber Bands,-40.432,SOUTH,36.72,2010,Qtr 4,November,20,Regular Air,0.76,Florida,1.89,1
Palm Beach Gardens,2035,Jon Ward,Consumer,0.07,Sam,Low,2013,Qtr 1,January,18,1,Furniture,Jumbo Drum,"Global Deluxe Stacking Chair, Gray",Chairs & Chairmats,-2.5060000000000002,SOUTH,358.93,2013,Qtr 1,January,22,Delivery Truck,14.19,Florida,50.98,1
Palm Beach Gardens,2035,Jon Ward,Consumer,0.01,Sam,Low,2013,Qtr 1,January,18,1,Office Supplies,Wrap Bag,Avery Hi-Liter® Smear-Safe Highlighters,Pens & Art Supplies,11.898,SOUTH,30.86,2013,Qtr 1,January,25,Regular Air,0.83,Florida,5.84,1
Palm Coast,1491,Katherine Mills,Corporate,0.01,Sam,Low,2013,Qtr 1,March,7,1,Furniture,Small Pack,"DAX Metal Frame, Desktop, Stepped-Edge",Office Furnishings,115.872,SOUTH,202.57,2013,Qtr 1,March,10,Regular Air,8.99,Florida,20.24,1
Palm Coast,1491,Katherine Mills,Corporate,0,Sam,Low,2013,Qtr 1,March,7,1,Office Supplies,Small Box,Fellowes Super Stor/Drawer®,Storage & Organization,-105.434,SOUTH,39.97,2013,Qtr 1,March,8,Regular Air,19.99,Florida,27.75,1
Palm Coast,1531,Jon Ayers,Consumer,0.07,Sam,Low,2010,Qtr 3,July,17,1,Office Supplies,Small Box,Avery 508,Labels,-157.696,SOUTH,28.22,2010,Qtr 3,July,18,Regular Air,0.5,Florida,4.91,1
Palm Coast,1531,Jon Ayers,Consumer,0.07,Sam,Low,2012,Qtr 3,July,7,1,Technology,Small Pack,Accessory32,Telephones and Communication,-25.074,SOUTH,357.62,2012,Qtr 3,July,9,Regular Air,1.25,Florida,55.99,1
Palm Coast,1531,Jon Ayers,Consumer,0,Sam,Low,2012,Qtr 4,November,1,1,Furniture,Jumbo Drum,Hon Every-Day® Chair Series Swivel Task Chairs,Chairs & Chairmats,139.46459999999996,SOUTH,4076.24,2012,Qtr 4,November,2,Delivery Truck,30,Florida,120.98,1
Palm Coast,1531,Jon Ayers,Consumer,0.1,Sam,Low,2012,Qtr 4,November,1,1,Furniture,Large Box,Luxo Professional Fluorescent Magnifier Lamp with Clamp-Mount Base,Office Furnishings,866.0106,SOUTH,2329.77,2012,Qtr 4,November,2,Regular Air,21.21,Florida,209.84,1
Palm Coast,1531,Jon Ayers,Consumer,0.01,Sam,Low,2013,Qtr 1,March,22,1,Technology,Small Pack,"Maxell Pro 80 Minute CD-R, 10/Pack",Computer Peripherals,374.4738,SOUTH,37.6,2013,Qtr 1,March,24,Regular Air,1.99,Florida,17.48,1
Palm Coast,2300,Sheryl Allred,Corporate,0.06,Sam,Low,2012,Qtr 3,September,27,1,Technology,Small Box,T60,Telephones and Communication,-167.888,SOUTH,236.99,2012,Qtr 3,September,29,Regular Air,4.9,Florida,95.99,1
Palm Coast,2300,Sheryl Allred,Corporate,0.06,Sam,Low,2013,Qtr 3,August,26,1,Technology,Small Box,i470,Telephones and Communication,-2469.2467800000004,SOUTH,1900.97,2013,Qtr 3,August,28,Regular Air,5.26,Florida,205.99,1
Palm Harbor,2301,Sally Padgett,Corporate,0.01,Sam,Low,2012,Qtr 4,December,30,1,Office Supplies,Small Box,Xerox 1922,Paper,236.6712,SOUTH,107.35,2013,Qtr 1,January,1,Regular Air,7.44,Florida,4.98,1
Palm Springs,1530,Seth Sweeney,Consumer,0.06,William,Low,2012,Qtr 3,July,7,1,Technology,Jumbo Box,Okidata Pacemark 4410N Wide Format Dot Matrix Printer,Office Machines,-8570.4483,WEST,3057.44,2012,Qtr 3,July,9,Delivery Truck,8.73,California,3502.14,1
Palm Springs,1530,Seth Sweeney,Consumer,0.04,William,Low,2012,Qtr 3,September,4,1,Office Supplies,Small Box,Xerox 1881,Paper,-5.76,WEST,98.49,2012,Qtr 3,September,4,Regular Air,6.47,California,12.28,1
Palm Springs,1530,Seth Sweeney,Consumer,0.1,William,Low,2012,Qtr 3,September,4,1,Technology,Small Box,6120,Telephones and Communication,164.97,WEST,851.73,2012,Qtr 3,September,7,Regular Air,8.8,California,65.99,1
Palm Springs,1662,James Brennan,Home Office,0.05,William,Low,2011,Qtr 3,July,17,1,Office Supplies,Small Box,"Eureka Sanitaire ® Multi-Pro Heavy-Duty Upright, Disposable Bags",Appliances,-145.1,WEST,58.26,2011,Qtr 3,July,19,Regular Air,5.15,California,4.37,1
Palm Springs,1662,James Brennan,Home Office,0.06,William,Low,2011,Qtr 3,July,17,1,Office Supplies,Wrap Bag,Prismacolor Color Pencil Set,Pens & Art Supplies,106.83959999999999,WEST,154.84,2011,Qtr 3,July,19,Regular Air,4.1,California,19.84,1
Palm Springs,1662,James Brennan,Home Office,0.02,William,Low,2013,Qtr 1,February,24,1,Furniture,Small Box,Eldon Expressions Mahogany Wood Desk Collection,Office Furnishings,-106.36,WEST,74.02,2013,Qtr 1,February,26,Regular Air,5.22,California,6.24,1
Palo Alto,1872,Jill Barefoot,Corporate,0.05,William,Low,2013,Qtr 2,May,12,1,Office Supplies,Small Box,"Wilson Jones Hanging View Binder, White, 1""",Binders and Binder Accessories,-97.06,WEST,83.66,2013,Qtr 2,May,14,Regular Air,6.05,California,7.1,1
Palo Alto,1872,Jill Barefoot,Corporate,0.02,William,Low,2013,Qtr 3,August,28,1,Office Supplies,Small Box,Staples Standard Envelopes,Envelopes,50.2803,WEST,72.87,2013,Qtr 3,August,30,Regular Air,1.39,California,5.68,1
Palo Alto,1872,Jill Barefoot,Corporate,0.04,William,Low,2013,Qtr 3,August,28,1,Technology,Small Pack,"Memorex 80 Minute CD-R, 30/Pack",Computer Peripherals,116.9392,WEST,183.55,2013,Qtr 3,August,30,Regular Air,1.99,California,22.98,1
Palo Alto,1912,Kerry Clapp,Corporate,0,William,Low,2011,Qtr 4,October,30,1,Furniture,Jumbo Box,Hon iLevel™ Computer Training Table,Tables,-1349.3412,WEST,565.68,2011,Qtr 4,October,30,Delivery Truck,45.51,California,31.76,1
Panama City,2302,Beth Dolan,Corporate,0.07,Sam,Low,2010,Qtr 1,February,11,1,Furniture,Jumbo Drum,Global Enterprise Series Seating High-Back Swivel/Tilt Chairs,Chairs & Chairmats,27.726,SOUTH,2439.37,2010,Qtr 1,February,13,Delivery Truck,50,Florida,270.98,1
Panama City,2302,Beth Dolan,Corporate,0.1,Sam,Low,2010,Qtr 3,July,3,1,Furniture,Jumbo Box,Bevis Round Conference Table Top & Single Column Base,Tables,-473.578,SOUTH,283.55,2010,Qtr 3,July,4,Delivery Truck,43.75,Florida,146.34,1
Panama City,2302,Beth Dolan,Corporate,0.1,Sam,Low,2010,Qtr 3,July,3,1,Office Supplies,Small Box,Round Specialty Laser Printer Labels,Labels,244.464,SOUTH,92.02,2010,Qtr 3,July,4,Regular Air,0.49,Florida,12.53,1
Panama City,2368,Ellen Blair,Consumer,0.06,Sam,Low,2011,Qtr 3,September,18,1,Office Supplies,Wrap Bag,Avery Hi-Liter Pen Style Six-Color Fluorescent Set,Pens & Art Supplies,-222.502,SOUTH,19.71,2011,Qtr 3,September,22,Regular Air,0.7,Florida,3.85,1
Panama City,2368,Ellen Blair,Consumer,0.08,Sam,Low,2012,Qtr 3,September,12,1,Office Supplies,Small Pack,Acme Galleria® Hot Forged Steel Scissors with Colored Handles,"Scissors, Rulers and Trimmers",202.782,SOUTH,175.64,2012,Qtr 3,September,14,Regular Air,7.42,Florida,15.73,1
Paradise,1913,Susan Barr,Corporate,0.09,William,Low,2011,Qtr 3,July,26,1,Office Supplies,Small Box,Ibico Presentation Index for Binding Systems,Binders and Binder Accessories,-122.6705,WEST,37.81,2011,Qtr 3,August,2,Regular Air,5.26,California,3.98,1
Paradise,1913,Susan Barr,Corporate,0.1,William,Low,2011,Qtr 3,July,26,1,Office Supplies,Wrap Bag,Avery Hi-Liter® Smear-Safe Highlighters,Pens & Art Supplies,27.089399999999998,WEST,39.26,2011,Qtr 3,August,2,Regular Air,0.83,California,5.84,1
Paradise,1913,Susan Barr,Corporate,0.09,William,Low,2011,Qtr 4,October,30,1,Office Supplies,Small Box,Newell® 3-Hole Punched Plastic Slotted Magazine Holders for Binders,Binders and Binder Accessories,-123.91434000000001,WEST,72.34,2011,Qtr 4,October,31,Regular Air,5.42,California,4.57,1
Paradise,1913,Susan Barr,Corporate,0.01,William,Low,2012,Qtr 2,May,21,1,Technology,Small Pack,"Imation Neon 80 Minute CD-R Spindle, 50/Pack",Computer Peripherals,196.83629999999997,WEST,285.27,2012,Qtr 2,May,21,Regular Air,1.99,California,33.98,1
Paradise,1913,Susan Barr,Corporate,0,William,Low,2013,Qtr 1,January,27,1,Technology,Small Pack,"Imation Neon 80 Minute CD-R Spindle, 50/Pack",Computer Peripherals,78.47760000000001,WEST,142.72,2013,Qtr 1,January,28,Regular Air,1.99,California,33.98,1
Paradise,1913,Susan Barr,Corporate,0.1,William,Low,2013,Qtr 2,June,8,1,Office Supplies,Wrap Bag,Sanford Pocket Accent® Highlighters,Pens & Art Supplies,-14.224,WEST,23.82,2013,Qtr 2,June,9,Regular Air,1.29,California,1.6,1
Paradise,1913,Susan Barr,Corporate,0.07,William,Low,2013,Qtr 4,December,19,1,Office Supplies,Small Box,Avery Hole Reinforcements,Binders and Binder Accessories,-30.668568,WEST,84.97,2013,Qtr 4,December,20,Regular Air,6.97,California,6.23,1
Paramus,905,Julian Richards,Consumer,0.09,Erin,Low,2013,Qtr 1,March,9,1,Office Supplies,Wrap Bag,"Avery Hi-Liter Comfort Grip Fluorescent Highlighter, Yellow Ink",Pens & Art Supplies,-17.13,EAST,11.71,2013,Qtr 1,March,11,Regular Air,1.63,New Jersey,1.95,1
Paramus,2180,Jessica Quinn,Small Business,0.01,Erin,Low,2011,Qtr 2,April,15,1,Technology,Small Box,6160,Telephones and Communication,356.9438999999999,EAST,517.31,2011,Qtr 2,April,17,Regular Air,2.5,New Jersey,115.99,1
Parsippany,588,Sean Garner,Corporate,0.04,Erin,Low,2011,Qtr 1,March,13,1,Office Supplies,Small Box,Universal Premium White Copier/Laser Paper (20Lb. and 87 Bright),Paper,-86.73,EAST,36.31,2011,Qtr 1,March,15,Regular Air,7.15,New Jersey,5.98,1
Parsippany,2327,Gene Hardin,Small Business,0.05,Erin,Low,2013,Qtr 3,August,21,1,Office Supplies,Small Box,Wilson Jones “Snap” Scratch Pad Binder Tool for Ring Binders,Binders and Binder Accessories,-27.505516,EAST,63.54,2013,Qtr 3,August,23,Regular Air,5.59,New Jersey,5.8,1
Pasadena,1921,Eugene Hess,Small Business,0.01,William,Low,2011,Qtr 2,June,21,1,Technology,Small Pack,Verbatim 4.7GB DVD-R,Computer Peripherals,433.8858,WEST,628.82,2011,Qtr 2,June,22,Regular Air,1.99,California,33.29,1
Pasadena,2153,Anna Glenn,Home Office,0.05,William,Low,2011,Qtr 4,December,26,1,Technology,Medium Box,Bell Sonecor JB700 Caller ID,Telephones and Communication,-23.452,WEST,15.56,2012,Qtr 1,January,19,Regular Air,5.03,California,7.99,1
Pasadena,2153,Anna Glenn,Home Office,0.05,William,Low,2011,Qtr 4,December,26,1,Technology,Small Box,SC7868i,Telephones and Communication,1559.8139999999999,WEST,2260.6,2011,Qtr 4,December,30,Regular Air,8.99,California,125.99,1
Pasadena,2153,Anna Glenn,Home Office,0.09,William,Low,2012,Qtr 4,November,17,1,Office Supplies,Small Box,Wilson Jones 14 Line Acrylic Coated Pressboard Data Binders,Binders and Binder Accessories,1.8887000000000003,WEST,170.46,2012,Qtr 4,November,21,Regular Air,2.99,California,5.34,1
Pasadena,2164,Harry Sellers,Small Business,0.01,William,Low,2010,Qtr 1,January,9,1,Office Supplies,Small Box,"Acco PRESSTEX® Data Binder with Storage Hooks, Dark Blue, 9 1/2"" X 11""",Binders and Binder Accessories,-66.77958,WEST,18.68,2010,Qtr 1,January,10,Regular Air,7.57,California,5.38,1
Pasadena,2164,Harry Sellers,Small Business,0.05,William,Low,2010,Qtr 1,January,9,1,Office Supplies,Wrap Bag,Newell 337,Pens & Art Supplies,-144.9188,WEST,36.3,2010,Qtr 1,January,9,Regular Air,3.97,California,3.28,1
Pasadena,2164,Harry Sellers,Small Business,0.06,William,Low,2011,Qtr 1,March,28,1,Office Supplies,Wrap Bag,"Sanford Prismacolor® Professional Thick Lead Art Pencils, 36-Color Set",Pens & Art Supplies,-38.28,WEST,39.79,2011,Qtr 1,March,30,Regular Air,4.27,California,37.44,1
Passaic,1883,Kyle Sullivan,Home Office,0.08,Erin,Low,2012,Qtr 4,November,30,1,Office Supplies,Wrap Bag,Newell 31,Pens & Art Supplies,1.040000000000001,EAST,20.17,2012,Qtr 4,December,2,Regular Air,1.17,New Jersey,4.13,1
Passaic,2606,Juan Butler,Corporate,0.05,Erin,Low,2012,Qtr 4,November,1,1,Technology,Small Box,Gyration Ultra Professional Cordless Optical Suite,Computer Peripherals,22.936000000000035,EAST,2014.57,2012,Qtr 4,November,3,Express Air,7.18,New Jersey,300.97,1
Paterson,931,Norma Hull,Small Business,0.07,Erin,Low,2013,Qtr 3,July,19,1,Office Supplies,Small Box,Xerox 1893,Paper,21.575039999999998,EAST,162.88,2013,Qtr 3,July,20,Regular Air,17.48,New Jersey,40.99,1
Paterson,1846,Scott Taylor,Home Office,0.03,Erin,Low,2013,Qtr 2,May,19,1,Office Supplies,Small Box,"Fellowes Personal Hanging Folder Files, Navy",Storage & Organization,-20.57,EAST,16.3,2013,Qtr 2,May,26,Regular Air,5.5,New Jersey,13.43,1
Paterson,3051,Josephine Herbert,Corporate,0.06,Erin,Low,2013,Qtr 2,April,23,1,Office Supplies,Wrap Bag,"Quartet Omega® Colored Chalk, 12/Pack",Pens & Art Supplies,32.609399999999994,EAST,47.26,2013,Qtr 2,April,24,Regular Air,1,New Jersey,5.84,1
Pembroke Pines,2369,Mike G Hartman,Consumer,0.07,Sam,Low,2010,Qtr 1,January,13,1,Office Supplies,Small Box,Xerox 1903,Paper,-41.9727,SOUTH,77.42,2010,Qtr 1,January,15,Regular Air,5.79,Florida,5.98,1
Pembroke Pines,2369,Mike G Hartman,Consumer,0.03,Sam,Low,2011,Qtr 2,May,26,1,Office Supplies,Wrap Bag,Array® Memo Cubes,Paper,-43.007999999999996,SOUTH,83.56,2011,Qtr 2,May,28,Regular Air,2.04,Florida,5.18,1
Pembroke Pines,2369,Mike G Hartman,Consumer,0.02,Sam,Low,2011,Qtr 3,August,28,1,Technology,Small Pack,Verbatim 4.7GB DVD-R,Computer Peripherals,371.01599999999996,SOUTH,97.88,2011,Qtr 3,August,28,Regular Air,1.99,Florida,33.29,1
Pembroke Pines,2369,Mike G Hartman,Consumer,0.04,Sam,Low,2011,Qtr 3,September,18,1,Furniture,Small Box,"C-Line Cubicle Keepers Polyproplyene Holder w/Velcro® Back, 8-1/2x11, 25/Bx",Office Furnishings,-92.9131,SOUTH,542.75,2011,Qtr 3,September,25,Regular Air,14.83,Florida,54.74,1
Pembroke Pines,2369,Mike G Hartman,Consumer,0.01,Sam,Low,2011,Qtr 3,September,18,1,Technology,Small Pack,"Verbatim DVD-R, 3.95GB, SR, Mitsubishi Branded, Jewel",Computer Peripherals,17.808,SOUTH,366.37,2011,Qtr 3,September,22,Regular Air,1.99,Florida,22.24,1
Pembroke Pines,2369,Mike G Hartman,Consumer,0,Sam,Low,2012,Qtr 2,April,15,1,Furniture,Jumbo Box,Bevis Rectangular Conference Tables,Tables,-318.15,SOUTH,1987.71,2012,Qtr 2,April,15,Delivery Truck,51.92,Florida,145.98,1
Pembroke Pines,2369,Mike G Hartman,Consumer,0,Sam,Low,2012,Qtr 2,April,15,1,Office Supplies,Wrap Bag,SANFORD Major Accent™ Highlighters,Pens & Art Supplies,-99.946,SOUTH,107.72,2012,Qtr 2,April,19,Regular Air,2.35,Florida,7.08,1
Pennsauken,10,Meredith Norris Thomas,Home Office,0.06,Erin,Low,2011,Qtr 4,October,4,1,Office Supplies,Small Box,Park Ridge™ Embossed Executive Business Envelopes,Envelopes,142.79549999999998,EAST,206.95,2011,Qtr 4,October,5,Regular Air,1.39,New Jersey,15.57,1
Pennsauken,1158,Todd Pennington,Consumer,0.04,Erin,Low,2012,Qtr 2,April,28,1,Furniture,Small Box,"Stacking Tray, Side-Loading, Legal, Smoke",Office Furnishings,-37.32,EAST,15.13,2012,Qtr 2,April,28,Regular Air,7.24,New Jersey,4.48,1
Pensacola,2704,Juan Gold,Consumer,0.06,Sam,Low,2010,Qtr 4,October,30,1,Office Supplies,Wrap Bag,"Telephone Message Books with Fax/Mobile Section, 4 1/4"" x 6""",Paper,2755.6422000000002,SOUTH,15.19,2010,Qtr 4,November,2,Regular Air,2.2,Florida,3.6,1
Pensacola,2704,Juan Gold,Consumer,0.03,Sam,Low,2010,Qtr 4,October,31,1,Office Supplies,Small Box,"Tenex Personal Project File with Scoop Front Design, Black",Storage & Organization,-256.01800000000003,SOUTH,59.49,2010,Qtr 4,November,4,Express Air,4.51,Florida,13.48,1
Pensacola,2704,Juan Gold,Consumer,0.03,Sam,Low,2011,Qtr 3,July,31,1,Office Supplies,Small Box,Jet-Pak Recycled Peel 'N' Seal Padded Mailers,Envelopes,114.5988,SOUTH,434.6,2011,Qtr 3,July,31,Regular Air,14.72,Florida,35.89,1
Pensacola,2704,Juan Gold,Consumer,0.08,Sam,Low,2012,Qtr 2,June,1,1,Office Supplies,Small Box,Xerox 1936,Paper,6.990570000000001,SOUTH,188.04,2012,Qtr 2,June,3,Regular Air,5.97,Florida,19.98,1
Pensacola,2704,Juan Gold,Consumer,0,Sam,Low,2013,Qtr 3,September,9,1,Office Supplies,Small Box,Xerox 210,Paper,50.717999999999996,SOUTH,43.35,2013,Qtr 3,September,10,Regular Air,7.37,Florida,6.48,1
Peoria,745,Mary Page,Consumer,0.05,William,Low,2010,Qtr 3,July,17,1,Technology,Small Pack,"Verbatim DVD-R, 4.7GB, Spindle, WE, Blank, Ink Jet/Thermal, 20/Spindle",Computer Peripherals,67.59999999999992,WEST,353.1,2010,Qtr 3,July,19,Regular Air,1.99,Arizona,115.79,1
Peoria,745,Mary Page,Consumer,0.1,William,Low,2012,Qtr 3,July,7,1,Office Supplies,Small Box,Trimflex™ Flexible Post Binders,Binders and Binder Accessories,97.3452,WEST,141.08,2012,Qtr 3,July,8,Regular Air,2.99,Arizona,21.38,1
Peoria,745,Mary Page,Consumer,0.05,William,Medium,2013,Qtr 4,October,29,1,Furniture,Jumbo Box,"Chromcraft 48"" x 96"" Racetrack Double Pedestal Table",Tables,1881.76,WEST,6724.2,2013,Qtr 4,October,29,Delivery Truck,43.57,Arizona,320.64,1
Peoria,745,Mary Page,Corporate,0.09,William,Low,2012,Qtr 3,August,8,1,Office Supplies,Small Box,"GBC Prepunched Paper, 19-Hole, for Binding Systems, 24-lb",Binders and Binder Accessories,-8.898240000000001,WEST,221.38,2012,Qtr 3,August,15,Regular Air,8.4,Arizona,15.01,1
Peoria,745,Mary Page,Corporate,0.03,William,Low,2012,Qtr 3,August,8,1,Office Supplies,Small Box,GBC VeloBinder Electric Binding Machine,Binders and Binder Accessories,926.3181,WEST,1342.49,2012,Qtr 3,August,17,Regular Air,9.07,Arizona,120.98,1
Peoria,745,Mary Page,Corporate,0.1,William,Low,2013,Qtr 1,March,15,1,Office Supplies,Small Box,Avery 511,Labels,10.88,WEST,17.22,2013,Qtr 1,March,17,Regular Air,0.99,Arizona,3.08,1
Peoria,745,Mary Page,Corporate,0,William,Low,2013,Qtr 1,March,15,1,Office Supplies,Wrap Bag,Bagged Rubber Bands,Rubber Bands,-5.92,WEST,4.24,2013,Qtr 1,March,16,Regular Air,0.7,Arizona,1.26,1
Perth Amboy,111,Claire Quinn,Consumer,0.03,Erin,Low,2013,Qtr 1,February,14,1,Technology,Small Box,5125,Telephones and Communication,1029.1005,EAST,1491.45,2013,Qtr 1,February,15,Regular Air,8.08,New Jersey,200.99,1
Petaluma,136,Dale Gillespie,Small Business,0.04,William,Low,2010,Qtr 4,November,16,1,Office Supplies,Small Box,Xerox 1939,Paper,3.0400000000000027,WEST,101.74,2010,Qtr 4,November,17,Regular Air,9.54,California,18.97,1
Petaluma,136,Dale Gillespie,Small Business,0.09,William,Low,2010,Qtr 4,November,16,1,Office Supplies,Small Pack,Fiskars® Softgrip Scissors,"Scissors, Rulers and Trimmers",2.7060000000000013,WEST,84.52,2010,Qtr 4,November,17,Regular Air,3.37,California,10.98,1
Petaluma,136,Dale Gillespie,Small Business,0.06,William,Low,2013,Qtr 2,May,2,1,Office Supplies,Small Box,Xerox 1977,Paper,-38.57,WEST,52.97,2013,Qtr 2,May,2,Regular Air,5.2,California,6.68,1
Petaluma,136,Dale Gillespie,Small Business,0.02,William,Low,2013,Qtr 4,November,16,1,Office Supplies,Wrap Bag,Newell 340,Pens & Art Supplies,76.31008,WEST,134.75,2013,Qtr 4,November,19,Regular Air,0.7,California,2.88,1
Petaluma,207,Toni Olsen,Consumer,0.01,William,Low,2012,Qtr 1,January,21,1,Technology,Small Box,Logitech Access Keyboard,Computer Peripherals,83.2692,WEST,120.68,2012,Qtr 1,January,21,Regular Air,4,California,15.98,1
Phillipsburg,2663,Stacy Reynolds,Small Business,0.04,Erin,Low,2013,Qtr 3,September,15,1,Office Supplies,Small Box,Avery Self-Adhesive Photo Pockets for Polaroid Photos,Binders and Binder Accessories,-32.71336,EAST,63.35,2013,Qtr 3,September,17,Regular Air,5.48,New Jersey,6.81,1
Phoenix,746,Lindsay York,Consumer,0,William,Low,2013,Qtr 4,November,19,1,Office Supplies,Small Box,Avery Binding System Hidden Tab™ Executive Style Index Sets,Binders and Binder Accessories,24.369512000000014,WEST,234.72,2013,Qtr 4,November,21,Regular Air,4.97,Arizona,5.77,1
Phoenix,746,Lindsay York,Corporate,0.01,William,Low,2011,Qtr 3,August,19,1,Office Supplies,Small Pack,Kleencut® Forged Office Shears by Acme United Corporation,"Scissors, Rulers and Trimmers",-31.2364,WEST,34.41,2011,Qtr 3,August,24,Regular Air,2.56,Arizona,2.08,1
Phoenix,746,Lindsay York,Corporate,0.09,William,Low,2013,Qtr 2,May,17,1,Office Supplies,Wrap Bag,Wirebound Voice Message Log Book,Paper,-0.4499999999999993,WEST,9.1,2013,Qtr 2,May,19,Regular Air,0.88,Arizona,4.76,1
Phoenix,746,Lindsay York,Corporate,0.1,William,Low,2013,Qtr 2,June,10,1,Office Supplies,Small Pack,Panasonic KP-350BK Electric Pencil Sharpener with Auto Stop,Pens & Art Supplies,-33.327999999999996,WEST,67.71,2013,Qtr 2,June,11,Regular Air,8.99,Arizona,34.58,1
Phoenix,746,Lindsay York,Corporate,0.03,William,Low,2013,Qtr 4,November,1,1,Office Supplies,Wrap Bag,Bagged Rubber Bands,Rubber Bands,9.191840000000003,WEST,41.36,2013,Qtr 4,November,3,Regular Air,0.7,Arizona,1.26,1
Phoenix,746,Lindsay York,Corporate,0.1,William,Low,2013,Qtr 4,December,25,1,Office Supplies,Wrap Bag,SANFORD Major Accent™ Highlighters,Pens & Art Supplies,48.139520000000005,WEST,152.13,2013,Qtr 4,December,27,Regular Air,2.35,Arizona,7.08,1
Pico Rivera,208,Tammy Brandon,Consumer,0,William,Low,2013,Qtr 1,March,1,1,Furniture,Small Box,Eldon Wave Desk Accessories,Office Furnishings,-8.06,WEST,11.7,2013,Qtr 1,March,3,Regular Air,5.57,California,5.89,1
Pico Rivera,223,Joe Nicholson,Small Business,0.01,William,Low,2012,Qtr 1,January,11,1,Furniture,Jumbo Box,"O'Sullivan Elevations Bookcase, Cherry Finish",Bookcases,-1021.9459999999999,WEST,1734.25,2012,Qtr 1,January,13,Delivery Truck,54.74,California,130.98,1
Pico Rivera,223,Joe Nicholson,Small Business,0.02,William,Low,2012,Qtr 1,January,11,1,Technology,Small Box,Microsoft Multimedia Keyboard,Computer Peripherals,-19.902,WEST,197.72,2012,Qtr 1,January,11,Regular Air,4,California,30.97,1
Pine Hills,2705,Herbert Currie,Consumer,0.1,Sam,Low,2012,Qtr 2,June,1,1,Office Supplies,Wrap Bag,Newell 343,Pens & Art Supplies,-3040.996,SOUTH,21.57,2012,Qtr 2,June,3,Regular Air,0.96,Florida,2.94,1
Pine Hills,2705,Herbert Currie,Consumer,0.08,Sam,Low,2012,Qtr 2,June,1,1,Technology,Jumbo Drum,Epson LQ-570e Dot Matrix Printer,Office Machines,132.594,SOUTH,4543.88,2012,Qtr 2,June,3,Delivery Truck,28.06,Florida,270.97,1
Pine Hills,2705,Herbert Currie,Home Office,0.03,Sam,Low,2012,Qtr 2,April,9,1,Office Supplies,Small Box,Avery White Multi-Purpose Labels,Labels,-740.1143750000001,SOUTH,52.84,2012,Qtr 2,April,11,Express Air,0.49,Florida,4.98,1
Pine Hills,2705,Herbert Currie,Home Office,0.07,Sam,Low,2012,Qtr 2,April,9,1,Office Supplies,Small Box,"Fellowes Strictly Business® Drawer File, Letter/Legal Size",Storage & Organization,-5972.5239,SOUTH,1445.24,2012,Qtr 2,April,10,Express Air,19.99,Florida,140.85,1
Plainfield,3391,Frederick Godwin,Corporate,0.07,Erin,Low,2013,Qtr 1,January,9,1,Office Supplies,Wrap Bag,Acco® Hot Clips™ Clips to Go,Rubber Bands,8.603200000000001,EAST,34.37,2013,Qtr 1,January,11,Regular Air,1.35,New Jersey,3.29,1
Plainview,2562,Norma Higgins,Consumer,0.01,Erin,Low,2011,Qtr 2,June,19,1,Office Supplies,Wrap Bag,"Quartet Omega® Colored Chalk, 12/Pack",Pens & Art Supplies,44.594699999999996,EAST,64.63,2011,Qtr 2,June,20,Regular Air,1,New York,5.84,1
Plainview,2685,Kathryn Wolfe,Small Business,0,Erin,Low,2010,Qtr 2,April,4,1,Office Supplies,Small Box,GBC Plastic Binding Combs,Binders and Binder Accessories,-66.17099999999999,EAST,17.64,2010,Qtr 2,April,5,Regular Air,11.51,New York,7.38,1
Plainview,2685,Kathryn Wolfe,Small Business,0.08,Erin,Low,2011,Qtr 1,March,28,1,Furniture,Large Box,Hon 2111 Invitation™ Series Corner Table,Tables,-505.98447900000014,EAST,2444.63,2011,Qtr 2,April,2,Regular Air,69,New York,209.37,1
Plainview,2685,Kathryn Wolfe,Small Business,0.06,Erin,Low,2011,Qtr 1,March,28,1,Technology,Jumbo Drum,Lexmark Z25 Color Inkjet Printer,Office Machines,-219.7794,EAST,87.31,2011,Qtr 2,April,4,Delivery Truck,33.6,New York,80.97,1
Plainview,2685,Kathryn Wolfe,Small Business,0.01,Erin,Low,2011,Qtr 4,December,20,1,Office Supplies,Small Box,Avery 487,Labels,1.065,EAST,7.85,2011,Qtr 4,December,21,Regular Air,0.5,New York,3.69,1
Plainview,2685,Kathryn Wolfe,Small Business,0.08,Erin,Low,2013,Qtr 1,March,31,1,Office Supplies,Small Box,"Hot File® 7-Pocket, Floor Stand",Storage & Organization,-112.44,EAST,184.18,2013,Qtr 2,April,2,Regular Air,19.99,New York,178.47,1
Plainview,2685,Kathryn Wolfe,Small Business,0.01,Erin,Low,2013,Qtr 3,August,23,1,Office Supplies,Small Box,Staples Colored Interoffice Envelopes,Envelopes,5.07472,EAST,616.06,2013,Qtr 3,August,24,Regular Air,19.51,New York,30.98,1
Plant City,2706,Renee Jernigan,Consumer,0.02,Sam,Low,2013,Qtr 2,May,17,1,Office Supplies,Small Box,Avery 484,Labels,311.08799999999997,SOUTH,42.44,2013,Qtr 2,May,26,Regular Air,0.5,Florida,2.88,1
Plant City,2753,Jane Freeman,Consumer,0,Sam,Low,2011,Qtr 4,November,13,1,Office Supplies,Small Box,Wilson Jones DublLock® D-Ring Binders,Binders and Binder Accessories,47.07,SOUTH,165.56,2011,Qtr 4,November,15,Regular Air,2.99,Florida,6.75,1
Plant City,2753,Jane Freeman,Consumer,0.07,Sam,Low,2012,Qtr 4,November,18,1,Technology,Small Box,Microsoft Internet Keyboard,Computer Peripherals,299.5638,SOUTH,566.79,2012,Qtr 4,November,20,Regular Air,4,Florida,20.97,1
Plant City,2753,Jane Freeman,Consumer,0.05,Sam,Low,2013,Qtr 3,September,23,1,Office Supplies,Small Box,Portable Personal File Box,Storage & Organization,-20.09,SOUTH,282.7,2013,Qtr 3,September,24,Regular Air,4.81,Florida,12.21,1
Plant City,2753,Jane Freeman,Consumer,0.06,Sam,Low,2013,Qtr 3,September,23,1,Technology,Small Box,LX 788,Telephones and Communication,-495.19399999999996,SOUTH,3178.22,2013,Qtr 3,September,25,Regular Air,8.99,Florida,155.99,1
Plant City,2753,Jane Freeman,Consumer,0.06,Sam,Medium,2012,Qtr 4,November,18,1,Furniture,Jumbo Box,Bretford CR4500 Series Slim Rectangular Table,Tables,-14.312900000000003,SOUTH,8127.55,2012,Qtr 4,November,20,Delivery Truck,84.84,Florida,348.21,1
Plantation,2754,Dwight Hendricks,Consumer,0,Sam,Low,2012,Qtr 3,September,24,1,Technology,Small Box,Zoom V.92 V.44 PCI Internal Controllerless FaxModem,Computer Peripherals,122.748,SOUTH,604.18,2012,Qtr 3,September,26,Regular Air,10.25,Florida,39.99,1
Plantation,2754,Dwight Hendricks,Consumer,0,Sam,Low,2013,Qtr 3,August,1,1,Office Supplies,Small Box,"Wilson Jones 1"" Hanging DublLock® Ring Binders",Binders and Binder Accessories,-197.568,SOUTH,72.88,2013,Qtr 3,August,1,Regular Air,2.99,Florida,5.28,1
Plantation,2754,Dwight Hendricks,Consumer,0.1,Sam,Low,2013,Qtr 3,September,23,1,Technology,Medium Box,Canon P1-DHIII Palm Printing Calculator,Office Machines,-12.25,SOUTH,376.64,2013,Qtr 3,September,25,Regular Air,8.51,Florida,17.98,1
Pleasantville,740,Sean Pratt,Consumer,0.05,Erin,Low,2011,Qtr 4,October,16,1,Furniture,Jumbo Drum,Global Enterprise™ Series Seating Low-Back Swivel/Tilt Chairs,Chairs & Chairmats,-367.71840000000003,EAST,285.49,2011,Qtr 4,October,18,Delivery Truck,54.31,New Jersey,258.98,1
Poinciana,2755,Patrick Womble,Consumer,0.02,Sam,Low,2012,Qtr 2,April,1,1,Technology,Small Pack,"Imation Printable White 80 Minute CD-R Spindle, 50/Pack",Computer Peripherals,-49.28,SOUTH,472.69,2012,Qtr 2,April,1,Regular Air,1.99,Florida,40.98,1
Poinciana,2876,Lisa Roberson,Consumer,0.01,Sam,Low,2013,Qtr 2,April,9,1,Technology,Wrap Bag,Accessory25,Telephones and Communication,40.788,SOUTH,72.77,2013,Qtr 2,April,12,Regular Air,0.99,Florida,20.99,1
Poinciana,2876,Lisa Roberson,Consumer,0.03,Sam,Low,2013,Qtr 2,May,13,1,Office Supplies,Small Box,"ACCOHIDE® 3-Ring Binder, Blue, 1""",Binders and Binder Accessories,-6.09,SOUTH,22.11,2013,Qtr 2,May,15,Regular Air,5.04,Florida,4.13,1
Poinciana,2876,Lisa Roberson,Consumer,0.08,Sam,Low,2013,Qtr 2,May,31,1,Office Supplies,Small Box,Xerox 1894,Paper,-10.85,SOUTH,43.21,2013,Qtr 2,May,31,Express Air,6.22,Florida,6.48,1
Poinciana,2876,Lisa Roberson,Consumer,0.07,Sam,Low,2013,Qtr 3,July,23,1,Furniture,Jumbo Drum,"Westinghouse Floor Lamp with Metal Mesh Shade, Black",Office Furnishings,-115.68199999999999,SOUTH,163.23,2013,Qtr 3,July,24,Delivery Truck,15.68,Florida,23.99,1
Poinciana,3165,Paul Wood,Corporate,0.03,Sam,Low,2013,Qtr 1,February,17,1,Office Supplies,Small Pack,Rogers Handheld Barrel Pencil Sharpener,Pens & Art Supplies,648.972,SOUTH,14.96,2013,Qtr 1,February,20,Regular Air,3.5,Florida,2.74,1
Poinciana,3165,Paul Wood,Small Business,0.1,Sam,Low,2013,Qtr 1,January,23,1,Technology,Small Pack,Accessory8,Telephones and Communication,767.6219999999998,SOUTH,603.88,2013,Qtr 1,January,24,Regular Air,1.25,Florida,85.99,1
Pomona,576,Gordon Lyon,Corporate,0.06,William,Low,2010,Qtr 3,July,13,1,Office Supplies,Large Box,Hoover Portapower™ Portable Vacuum,Appliances,-566,WEST,32.6,2010,Qtr 3,July,17,Regular Air,49,California,4.48,1
Pomona,576,Gordon Lyon,Corporate,0.1,William,Low,2011,Qtr 1,March,13,1,Furniture,Jumbo Drum,Global Deluxe High-Back Office Chair in Storm,Chairs & Chairmats,-357.65,WEST,506.51,2011,Qtr 1,March,15,Delivery Truck,28.63,California,135.99,1
Pomona,576,Gordon Lyon,Corporate,0.1,William,Low,2011,Qtr 2,June,16,1,Technology,Small Box,TimeportP7382,Telephones and Communication,-207.988,WEST,787.91,2011,Qtr 2,June,18,Regular Air,8.99,California,205.99,1
Pomona,576,Gordon Lyon,Corporate,0.05,William,Low,2012,Qtr 2,April,10,1,Office Supplies,Small Box,Avery Durable Binders,Binders and Binder Accessories,1.071,WEST,11.86,2012,Qtr 2,April,11,Regular Air,1.49,California,2.88,1
Pomona,576,Gordon Lyon,Corporate,0.02,William,Low,2012,Qtr 2,April,10,1,Office Supplies,Small Box,Kensington 6 Outlet SmartSocket Surge Protector,Appliances,67.98,WEST,173.29,2012,Qtr 2,April,12,Express Air,7.2,California,40.98,1
Pomona,576,Gordon Lyon,Corporate,0.09,William,Low,2013,Qtr 1,March,23,1,Office Supplies,Wrap Bag,Newell 31,Pens & Art Supplies,5.98,WEST,35.49,2013,Qtr 1,March,25,Regular Air,1.17,California,4.13,1
Pomona,576,Gordon Lyon,Corporate,0.01,William,Low,2013,Qtr 1,March,23,1,Technology,Small Box,Belkin ErgoBoard™ Keyboard,Computer Peripherals,-84.12,WEST,96.68,2013,Qtr 1,March,24,Express Air,6.5,California,30.98,1
Pompano Beach,3166,Marc Browning,Small Business,0.09,Sam,Low,2013,Qtr 1,January,23,1,Technology,Small Box,Microsoft Internet Keyboard,Computer Peripherals,92.78999999999999,SOUTH,41.55,2013,Qtr 1,January,24,Regular Air,6.5,Florida,20.97,1
Pompano Beach,3166,Marc Browning,Small Business,0.01,Sam,Low,2013,Qtr 1,January,23,1,Technology,Small Box,T39m,Telephones and Communication,-41.286,SOUTH,425.3,2013,Qtr 1,January,25,Regular Air,3.9,Florida,155.99,1
Ponte Vedra Beach,3167,Ray Silverman,Corporate,0.07,Sam,Low,2010,Qtr 2,June,19,1,Furniture,Jumbo Drum,Hon 2090 “Pillow Soft” Series Mid Back Swivel/Tilt Chairs,Chairs & Chairmats,-283.9914,SOUTH,3936.61,2010,Qtr 2,June,20,Delivery Truck,57,Florida,280.98,1
Ponte Vedra Beach,3167,Ray Silverman,Corporate,0,Sam,Low,2010,Qtr 2,June,19,1,Office Supplies,Small Box,Xerox 1922,Paper,-195.342,SOUTH,78.31,2010,Qtr 2,June,21,Regular Air,7.44,Florida,4.98,1
Ponte Vedra Beach,3167,Ray Silverman,Corporate,0.1,Sam,Low,2010,Qtr 2,June,19,1,Office Supplies,Wrap Bag,Fluorescent Highlighters by Dixon,Pens & Art Supplies,-89.70920000000001,SOUTH,42.46,2010,Qtr 2,June,21,Regular Air,0.83,Florida,3.98,1
Ponte Vedra Beach,3167,Ray Silverman,Corporate,0.08,Sam,Low,2012,Qtr 1,March,11,1,Technology,Small Box,Belkin 105-Key Black Keyboard,Computer Peripherals,-245.65800000000002,SOUTH,42.5,2012,Qtr 1,March,11,Express Air,4,Florida,19.98,1
Ponte Vedra Beach,3167,Ray Silverman,Small Business,0,Sam,Low,2011,Qtr 1,February,11,1,Technology,Medium Box,Canon F603 Scientific Calculator,Office Machines,-87.066,SOUTH,83.98,2011,Qtr 1,February,12,Regular Air,6.24,Florida,9.99,1
Ponte Vedra Beach,3167,Ray Silverman,Small Business,0.01,Sam,Low,2011,Qtr 2,April,19,1,Furniture,Jumbo Box,"O'Sullivan Elevations Bookcase, Cherry Finish",Bookcases,-272.78999999999996,SOUTH,985.97,2011,Qtr 2,April,21,Delivery Truck,54.74,Florida,130.98,1
Ponte Vedra Beach,3167,Ray Silverman,Small Business,0.04,Sam,Low,2011,Qtr 2,April,19,1,Office Supplies,Small Box,Eldon® Gobal File Keepers,Storage & Organization,96.288,SOUTH,78.42,2011,Qtr 2,April,21,Express Air,4.53,Florida,15.14,1
Port Charlotte,2684,Edna Michael,Small Business,0.09,Sam,Low,2010,Qtr 1,February,15,1,Office Supplies,Small Box,"#10- 4 1/8"" x 9 1/2"" Recycled Envelopes",Envelopes,23.616,SOUTH,11.78,2010,Qtr 1,February,20,Express Air,1.39,Florida,8.74,1
Port Charlotte,2684,Edna Michael,Small Business,0.09,Sam,Low,2010,Qtr 1,February,15,1,Office Supplies,Small Box,Computer Printout Paper with Letter-Trim Perforations,Paper,-1748.012,SOUTH,20.96,2010,Qtr 1,February,20,Regular Air,9.03,Florida,18.97,1
Port Charlotte,2684,Edna Michael,Small Business,0.07,Sam,Low,2010,Qtr 4,October,10,1,Furniture,Medium Box,"DAX Value U-Channel Document Frames, Easel Back",Office Furnishings,-180.15200000000002,SOUTH,26.66,2010,Qtr 4,October,15,Regular Air,5.71,Florida,4.97,1
Port Charlotte,2684,Edna Michael,Small Business,0.09,Sam,Low,2010,Qtr 4,October,10,1,Office Supplies,Wrap Bag,Staples Metal Binder Clips,Rubber Bands,8.388,SOUTH,29.55,2010,Qtr 4,October,12,Regular Air,0.8,Florida,2.62,1
Port Charlotte,2684,Edna Michael,Small Business,0.03,Sam,Low,2010,Qtr 4,October,10,1,Technology,Small Box,6120,Telephones and Communication,9.939899999999998,SOUTH,1237.4,2010,Qtr 4,October,10,Regular Air,8.8,Florida,65.99,1
Port Charlotte,2684,Edna Michael,Small Business,0.05,Sam,Low,2013,Qtr 1,March,11,1,Office Supplies,Small Box,"1/4 Fold Party Design Invitations & White Envelopes, 24 8-1/2"" X 11"" Cards, 25 Env./Pack",Paper,21.738,SOUTH,38.23,2013,Qtr 1,March,13,Regular Air,5.96,Florida,7.35,1
Port Charlotte,2684,Edna Michael,Small Business,0.02,Sam,Low,2013,Qtr 1,March,11,1,Office Supplies,Small Box,Satellite Sectional Post Binders,Binders and Binder Accessories,-1346.1049,SOUTH,491.36,2013,Qtr 1,March,13,Regular Air,2.99,Florida,43.41,1
Port Charlotte,3168,Nicholas Donnelly,Corporate,0,Sam,Low,2013,Qtr 2,April,13,1,Office Supplies,Small Box,Belkin 6 Outlet Metallic Surge Strip,Appliances,704.6297999999999,SOUTH,15.72,2013,Qtr 2,April,15,Regular Air,4.5,Florida,10.89,1
Port Charlotte,3168,Nicholas Donnelly,Corporate,0.08,Sam,Low,2013,Qtr 2,April,13,1,Office Supplies,Small Box,"Cardinal Slant-D® Ring Binder, Heavy Gauge Vinyl",Binders and Binder Accessories,-90.31400000000001,SOUTH,78.46,2013,Qtr 2,April,15,Regular Air,2.99,Florida,8.69,1
Port Charlotte,3168,Nicholas Donnelly,Corporate,0.04,Sam,Low,2013,Qtr 2,April,13,1,Technology,Wrap Bag,Accessory21,Telephones and Communication,149.346,SOUTH,54.98,2013,Qtr 2,April,15,Regular Air,0.99,Florida,20.99,1
Port Charlotte,3168,Nicholas Donnelly,Small Business,0.1,Sam,Low,2011,Qtr 1,February,11,1,Technology,Small Box,"Fellowes Internet Keyboard, Platinum",Computer Peripherals,427.044,SOUTH,174.44,2011,Qtr 1,February,13,Express Air,8.65,Florida,30.42,1
Port Charlotte,3168,Nicholas Donnelly,Small Business,0.01,Sam,Low,2012,Qtr 2,April,21,1,Furniture,Small Box,12-1/2 Diameter Round Wall Clock,Office Furnishings,362.67600000000004,SOUTH,65.52,2012,Qtr 2,April,22,Regular Air,10.49,Florida,19.98,1
Port Charlotte,3168,Nicholas Donnelly,Small Business,0.1,Sam,Low,2012,Qtr 2,April,21,1,Office Supplies,Small Box,Park Ridge™ Embossed Executive Business Envelopes,Envelopes,61.895999999999994,SOUTH,185.81,2012,Qtr 2,April,23,Regular Air,1.39,Florida,15.57,1
Port Chester,1063,Catherine Woodard,Small Business,0.1,Erin,Low,2013,Qtr 1,January,8,1,Office Supplies,Small Box,"Angle-D Binders with Locking Rings, Label Holders",Binders and Binder Accessories,-201.12304,EAST,69.82,2013,Qtr 1,January,9,Regular Air,7.72,New York,7.3,1
Port Chester,1063,Catherine Woodard,Small Business,0.01,Erin,Low,2013,Qtr 1,January,8,1,Office Supplies,Small Box,Staples 6 Outlet Surge,Appliances,-6.3984000000000005,EAST,15.68,2013,Qtr 1,January,10,Express Air,4.98,New York,11.97,1
Port Chester,1063,Catherine Woodard,Small Business,0.03,Erin,Low,2013,Qtr 1,February,17,1,Office Supplies,Small Box,Brown Kraft Recycled Envelopes,Envelopes,-63.98,EAST,138.92,2013,Qtr 1,February,17,Regular Air,12.39,New York,16.98,1
Port Chester,1063,Catherine Woodard,Small Business,0.04,Erin,Low,2013,Qtr 3,August,9,1,Furniture,Jumbo Drum,Hon Deluxe Fabric Upholstered Stacking Chairs,Chairs & Chairmats,903.9147999999999,EAST,3780.02,2013,Qtr 3,August,11,Delivery Truck,62.94,New York,243.98,1
Port Chester,3188,Jane Clayton,Consumer,0.09,Erin,Low,2011,Qtr 2,May,23,1,Office Supplies,Small Box,Avery 510,Labels,30.36,EAST,44,2011,Qtr 2,May,25,Regular Air,0.5,New York,3.75,1
Port Chester,3188,Jane Clayton,Consumer,0.02,Erin,Low,2011,Qtr 2,May,23,1,Technology,Small Box,T193,Telephones and Communication,239.24699999999999,EAST,549.7,2011,Qtr 2,May,25,Regular Air,4.99,New York,65.99,1
Port Chester,3188,Jane Clayton,Consumer,0.08,Erin,Low,2011,Qtr 3,August,9,1,Furniture,Small Pack,Magna Visual Magnetic Picture Hangers,Office Furnishings,5.602799999999999,EAST,8.12,2011,Qtr 3,August,11,Express Air,5.72,New York,4.82,1
Port Chester,3188,Jane Clayton,Home Office,0.02,Erin,Low,2013,Qtr 3,July,16,1,Furniture,Large Box,Hon 2111 Invitation™ Series Corner Table,Tables,-785.5086096,EAST,1341.62,2013,Qtr 3,July,18,Regular Air,69,New York,209.37,1
Port Chester,3188,Jane Clayton,Small Business,0.01,Erin,Low,2012,Qtr 3,September,19,1,Office Supplies,Small Box,Xerox 1936,Paper,80.73,EAST,165.29,2012,Qtr 3,September,21,Express Air,5.97,New York,19.98,1
Port Chester,3188,Jane Clayton,Small Business,0.03,Erin,Low,2012,Qtr 3,September,22,1,Office Supplies,Small Box,Avery 510,Labels,26.5305,EAST,38.45,2012,Qtr 3,September,26,Regular Air,0.5,New York,3.75,1
Port Chester,3188,Jane Clayton,Small Business,0.05,Erin,Low,2013,Qtr 1,March,1,1,Furniture,Small Pack,"Eldon® 400 Class™ Desk Accessories, Black Carbon",Office Furnishings,-138.39,EAST,106.96,2013,Qtr 1,March,3,Regular Air,8.54,New York,8.75,1
Port Chester,3188,Jane Clayton,Small Business,0.06,Erin,Low,2013,Qtr 3,August,21,1,Office Supplies,Small Box,Avery 491,Labels,48.6243,EAST,70.47,2013,Qtr 3,August,22,Regular Air,0.99,New York,4.13,1
Port Chester,3188,Jane Clayton,Small Business,0.09,Erin,Low,2013,Qtr 3,August,22,1,Technology,Small Pack,Accessory13,Telephones and Communication,394.1556,EAST,571.24,2013,Qtr 3,August,23,Regular Air,1.25,New York,35.99,1
Port Orange,3169,Janice Boswell,Small Business,0.08,Sam,Low,2010,Qtr 2,April,13,1,Office Supplies,Small Box,"Array® Parchment Paper, Assorted Colors",Paper,-44.415000000000006,SOUTH,14.66,2010,Qtr 2,April,14,Express Air,11.15,Florida,7.28,1
Port Orange,3169,Janice Boswell,Small Business,0.1,Sam,Low,2012,Qtr 1,March,11,1,Office Supplies,Large Box,Tennsco Industrial Shelving,Storage & Organization,-140.21,SOUTH,368.85,2012,Qtr 1,March,13,Regular Air,35,Florida,48.91,1
Port Orange,3169,Janice Boswell,Small Business,0.04,Sam,Low,2013,Qtr 1,February,10,1,Furniture,Small Pack,Aluminum Document Frame,Office Furnishings,-48.342,SOUTH,12.77,2013,Qtr 1,February,17,Regular Air,2.85,Florida,12.22,1
Port Saint Lucie,3170,Lawrence Haas,Corporate,0.1,Sam,Low,2010,Qtr 1,February,13,1,Office Supplies,Small Box,Southworth Structures Collection™,Paper,167.334,SOUTH,83.14,2010,Qtr 1,February,13,Regular Air,5.47,Florida,7.28,1
Port Saint Lucie,3186,Dawn Langley Conrad,Consumer,0.02,Sam,Low,2011,Qtr 2,May,23,1,Office Supplies,Small Box,Recycled Eldon Regeneration Jumbo File,Storage & Organization,-583.38,SOUTH,156.75,2011,Qtr 2,May,23,Regular Air,6.13,Florida,12.28,1
Port Saint Lucie,3186,Dawn Langley Conrad,Consumer,0.04,Sam,Low,2011,Qtr 2,May,23,1,Office Supplies,Wrap Bag,Stockwell Push Pins,Rubber Bands,-421.1969762,SOUTH,13.1,2011,Qtr 2,May,23,Regular Air,0.78,Florida,2.18,1
Port Saint Lucie,3186,Dawn Langley Conrad,Consumer,0.06,Sam,Low,2011,Qtr 2,May,23,1,Technology,Small Pack,Hewlett-Packard 4.7GB DVD+R Discs,Computer Peripherals,-71.344,SOUTH,92.11,2011,Qtr 2,May,23,Regular Air,1.99,Florida,8.5,1
Port Saint Lucie,3186,Dawn Langley Conrad,Consumer,0.02,Sam,Low,2012,Qtr 2,May,3,1,Office Supplies,Small Box,GBC DocuBind 300 Electric Binding Machine,Binders and Binder Accessories,697.656,SOUTH,1103.09,2012,Qtr 2,May,5,Regular Air,19.99,Florida,525.98,1
Port Saint Lucie,3186,Dawn Langley Conrad,Consumer,0.1,Sam,Low,2012,Qtr 2,May,3,1,Office Supplies,Small Box,JM Magazine Binder,Binders and Binder Accessories,6.6147,SOUTH,248.45,2012,Qtr 2,May,5,Regular Air,2.99,Florida,16.51,1
Port Saint Lucie,3186,Dawn Langley Conrad,Consumer,0.09,Sam,Low,2012,Qtr 2,May,3,1,Technology,Small Pack,"Imation 3.5"" IBM-Formatted Diskettes, 10/Pack",Computer Peripherals,-391.90200000000004,SOUTH,68.1,2012,Qtr 2,May,5,Regular Air,3.85,Florida,5.98,1
Prescott,753,Elisabeth Massey,Corporate,0.06,William,Low,2010,Qtr 3,September,11,1,Office Supplies,Small Box,Avery 479,Labels,10.85,WEST,17.59,2010,Qtr 3,September,11,Express Air,0.5,Arizona,2.61,1
Prescott,753,Elisabeth Massey,Corporate,0.01,William,Low,2010,Qtr 3,September,11,1,Office Supplies,Wrap Bag,"Telephone Message Books with Fax/Mobile Section, 5 1/2"" x 3 3/16""",Paper,97.66259999999998,WEST,141.54,2010,Qtr 3,September,13,Regular Air,1.02,Arizona,6.35,1
Prescott,753,Elisabeth Massey,Corporate,0.03,William,Low,2012,Qtr 2,June,23,1,Office Supplies,Small Pack,Boston 16701 Slimline Battery Pencil Sharpener,Pens & Art Supplies,4.128,WEST,156.89,2012,Qtr 2,June,25,Regular Air,5.45,Arizona,15.94,1
Prescott,753,Elisabeth Massey,Corporate,0.05,William,Low,2012,Qtr 3,July,25,1,Technology,Small Box,Gyration Ultra Professional Cordless Optical Suite,Computer Peripherals,1450.0487999999998,WEST,2101.52,2012,Qtr 3,July,27,Regular Air,7.18,Arizona,300.97,1
Prescott,753,Elisabeth Massey,Corporate,0.09,William,Low,2013,Qtr 3,August,30,1,Office Supplies,Small Box,Xerox 1940,Paper,511.1381999999999,WEST,740.78,2013,Qtr 3,August,31,Regular Air,10.75,Arizona,54.96,1
Prescott Valley,754,Helen Lyons,Consumer,0.06,William,Low,2010,Qtr 4,October,12,1,Technology,Jumbo Drum,Epson C82 Color Inkjet Printer,Office Machines,-207.679788,WEST,243.86,2010,Qtr 4,October,19,Delivery Truck,14,Arizona,119.99,1
Prescott Valley,754,Helen Lyons,Consumer,0.02,William,Low,2011,Qtr 4,November,29,1,Furniture,Wrap Bag,"Eldon Delta Triangular Chair Mat, 52"" x 58"", Clear",Office Furnishings,215.644,WEST,372.76,2011,Qtr 4,December,1,Regular Air,13.99,Arizona,37.93,1
Prescott Valley,754,Helen Lyons,Corporate,0.06,William,Low,2010,Qtr 2,June,4,1,Furniture,Jumbo Box,BoxOffice By Design Rectangular and Half-Moon Meeting Room Tables,Tables,-453.2,WEST,905.4,2010,Qtr 2,June,5,Delivery Truck,69.64,Arizona,218.75,1
Prescott Valley,754,Helen Lyons,Corporate,0.09,William,Low,2012,Qtr 3,July,25,1,Office Supplies,Small Box,"Hot File® 7-Pocket, Floor Stand",Storage & Organization,-114.22,WEST,182.4,2012,Qtr 3,July,28,Regular Air,19.99,Arizona,178.47,1
Prescott Valley,754,Helen Lyons,Corporate,0.05,William,Low,2013,Qtr 1,March,31,1,Office Supplies,Small Box,"24 Capacity Maxi Data Binder Racks, Pearl",Storage & Organization,-150.29,WEST,204.02,2013,Qtr 2,April,2,Regular Air,9.99,Arizona,210.55,1
Prescott Valley,810,Jesse Atkinson,Consumer,0.03,William,Low,2011,Qtr 1,January,28,1,Office Supplies,Small Box,Avery 498,Labels,14.0415,WEST,20.35,2011,Qtr 1,January,29,Regular Air,0.5,Arizona,2.89,1
Rahway,3020,Shannon Beasley,Corporate,0.01,Erin,Low,2012,Qtr 4,October,10,1,Office Supplies,Wrap Bag,"Super Bands, 12/Pack",Rubber Bands,-100.63440000000001,EAST,40.7,2012,Qtr 4,October,14,Regular Air,2.58,New Jersey,1.86,1
Rancho Cucamonga,653,Ann Katz,Consumer,0,William,Low,2010,Qtr 2,April,16,1,Office Supplies,Small Box,Wilson Jones Suede Grain Vinyl Binders,Binders and Binder Accessories,20.6448,WEST,29.92,2010,Qtr 2,April,17,Express Air,1.49,California,2.78,1
Rancho Cucamonga,653,Ann Katz,Consumer,0.1,William,Low,2013,Qtr 2,April,16,1,Technology,Jumbo Drum,Epson DFX-8500 Dot Matrix Printer,Office Machines,-3798.0110999999997,WEST,4911.57,2013,Qtr 2,April,18,Delivery Truck,29.7,California,2550.14,1
Rancho Cucamonga,918,Kerry Jernigan,Consumer,0.05,William,Low,2010,Qtr 2,April,12,1,Office Supplies,Small Box,Steel Personal Filing/Posting Tote,Storage & Organization,6.11,WEST,73.1,2010,Qtr 2,April,14,Regular Air,6.31,California,35.51,1
Rancho Cucamonga,918,Kerry Jernigan,Consumer,0.07,William,Low,2012,Qtr 3,July,2,1,Office Supplies,Small Box,Xerox 1984,Paper,-105.15,WEST,45.24,2012,Qtr 3,July,3,Regular Air,8.74,California,6.48,1
Rancho Cucamonga,918,Kerry Jernigan,Consumer,0.08,William,Low,2013,Qtr 4,October,25,1,Office Supplies,Small Box,Xerox 4200 Series MultiUse Premium Copy Paper (20Lb. and 84 Bright),Paper,-107.2,WEST,105.88,2013,Qtr 4,October,26,Regular Air,5.66,California,5.28,1
Rancho Cucamonga,918,Kerry Jernigan,Corporate,0.09,William,Low,2010,Qtr 4,November,20,1,Furniture,Jumbo Box,O'Sullivan 3-Shelf Heavy-Duty Bookcases,Bookcases,187.41200000000026,WEST,2115.06,2010,Qtr 4,November,21,Delivery Truck,36.61,California,58.14,1
Rancho Cucamonga,918,Kerry Jernigan,Corporate,0.1,William,Low,2011,Qtr 3,September,24,1,Office Supplies,Small Box,Jet-Pak Recycled Peel 'N' Seal Padded Mailers,Envelopes,91.56,WEST,685.17,2011,Qtr 3,September,25,Express Air,14.72,California,35.89,1
Rancho Cucamonga,918,Kerry Jernigan,Corporate,0.08,William,Low,2012,Qtr 1,February,20,1,Furniture,Jumbo Box,"Bush Westfield Collection Bookcases, Dark Cherry Finish, Fully Assembled",Bookcases,-1341.11,WEST,894.58,2012,Qtr 1,February,21,Delivery Truck,57.38,California,100.98,1
Rancho Cucamonga,922,Dolores Abrams,Small Business,0.01,William,Low,2010,Qtr 2,May,20,1,Technology,Small Box,5180,Telephones and Communication,396.972,WEST,782,2010,Qtr 2,May,21,Express Air,8.99,California,65.99,1
Rancho Cucamonga,922,Dolores Abrams,Small Business,0.1,William,Low,2011,Qtr 1,January,13,1,Office Supplies,Small Box,Ibico EB-19 Dual Function Manual Binding System,Binders and Binder Accessories,1442.031,WEST,2089.9,2011,Qtr 1,January,15,Regular Air,19.99,California,172.99,1
Rancho Cucamonga,922,Dolores Abrams,Small Business,0.05,William,Low,2012,Qtr 3,September,12,1,Office Supplies,Wrap Bag,Rediform S.O.S. Phone Message Books,Paper,46.1127,WEST,66.83,2012,Qtr 3,September,14,Regular Air,0.8,California,4.98,1
Rancho Cucamonga,922,Dolores Abrams,Small Business,0.08,William,Low,2012,Qtr 3,September,12,1,Technology,Small Box,8860,Telephones and Communication,-147.015,WEST,262.84,2012,Qtr 3,September,14,Regular Air,5.26,California,65.99,1
Redding,919,Tracy Livingston,Consumer,0.1,William,Low,2010,Qtr 2,April,12,1,Office Supplies,Small Pack,Acme® Elite Stainless Steel Scissors,"Scissors, Rulers and Trimmers",-6.34,WEST,47.95,2010,Qtr 2,April,12,Regular Air,2.64,California,8.34,1
Redding,919,Tracy Livingston,Consumer,0.01,William,Low,2012,Qtr 3,July,2,1,Technology,Jumbo Drum,Lexmark 4227 Plus Dot Matrix Printer,Office Machines,-3669.051,WEST,2116.92,2012,Qtr 3,July,4,Delivery Truck,14.7,California,2036.48,1
Redding,919,Tracy Livingston,Consumer,0.09,William,Low,2012,Qtr 4,October,30,1,Technology,Small Box,2190,Telephones and Communication,274.34952,WEST,851.68,2012,Qtr 4,November,1,Regular Air,5.63,California,65.99,1
Redding,919,Tracy Livingston,Corporate,0.04,William,Low,2012,Qtr 1,February,20,1,Office Supplies,Small Box,Kensington 6 Outlet SmartSocket Surge Protector,Appliances,275.5,WEST,483.59,2012,Qtr 1,February,21,Regular Air,7.2,California,40.98,1
Redding,923,Dana Heller,Small Business,0.02,William,Low,2011,Qtr 2,May,28,1,Technology,Small Box,AT&T 1430 2.4GHz Analog Phone w/Caller ID,Office Machines,395.85,WEST,727.04,2011,Qtr 2,May,28,Regular Air,8.97,California,40.99,1
Redding,923,Dana Heller,Small Business,0.04,William,Low,2013,Qtr 3,July,4,1,Office Supplies,Small Box,Economy Rollaway Files,Storage & Organization,1497.3345,WEST,2170.05,2013,Qtr 3,July,6,Express Air,19.99,California,165.2,1
Redlands,920,Jessie Kelly,Consumer,0.03,William,Low,2010,Qtr 2,April,12,1,Office Supplies,Small Box,"Fellowes Twister Kit, Gray/Clear, 3/pkg",Binders and Binder Accessories,-160.2755,WEST,76.77,2010,Qtr 2,April,14,Regular Air,8.94,California,8.04,1
Redlands,920,Jessie Kelly,Consumer,0.08,William,Low,2013,Qtr 2,April,12,1,Technology,Jumbo Drum,Epson DFX-8500 Dot Matrix Printer,Office Machines,-7373.1282,WEST,2346.13,2013,Qtr 2,April,14,Delivery Truck,29.7,California,2550.14,1
Redlands,920,Jessie Kelly,Corporate,0.1,William,Low,2010,Qtr 1,March,27,1,Technology,Small Box,Logitech Access Keyboard,Computer Peripherals,92.72219999999999,WEST,134.38,2010,Qtr 2,April,1,Regular Air,4,California,15.98,1
Redlands,920,Jessie Kelly,Corporate,0.03,William,Low,2011,Qtr 3,September,24,1,Office Supplies,Small Box,Round Ring Binders,Binders and Binder Accessories,-9.361,WEST,43.84,2011,Qtr 3,September,26,Regular Air,1.49,California,2.08,1
Redlands,924,Sue Stevenson,Small Business,0.09,William,Low,2013,Qtr 2,May,28,1,Technology,Small Pack,"Memorex 'Cool' 80 Minute CD-R Spindle, 25/Pack",Computer Peripherals,142.70579999999998,WEST,206.82,2013,Qtr 2,May,29,Regular Air,1.99,California,17.48,1
Redlands,936,Robyn Garner,Corporate,0.05,William,Low,2010,Qtr 1,February,17,1,Office Supplies,Wrap Bag,"Adams Telephone Message Books, 5 1/4” x 11”",Paper,-4.14,WEST,8.41,2010,Qtr 1,February,19,Express Air,2.14,California,6.04,1
Redlands,936,Robyn Garner,Corporate,0.05,William,Low,2010,Qtr 4,December,27,1,Office Supplies,Small Box,Xerox 1983,Paper,-31.885,WEST,104.95,2010,Qtr 4,December,27,Regular Air,5.46,California,5.98,1
Redlands,936,Robyn Garner,Corporate,0.02,William,Low,2011,Qtr 3,July,26,1,Office Supplies,Wrap Bag,"Wirebound Message Books, Four 2 3/4"" x 5"" Forms per Page, 600 Sets per Book",Paper,12.97,WEST,50.07,2011,Qtr 3,July,27,Regular Air,4.39,California,9.27,1
Redondo Beach,937,Kelly Shaw,Corporate,0.01,William,Low,2010,Qtr 4,December,27,1,Technology,Small Box,StarTAC 7760,Telephones and Communication,-95.21050000000001,WEST,166.59,2010,Qtr 4,December,28,Regular Air,3.99,California,65.99,1
Redondo Beach,937,Kelly Shaw,Corporate,0.04,William,Low,2012,Qtr 4,October,6,1,Technology,Small Box,T65,Telephones and Communication,-513.71496,WEST,490.04,2012,Qtr 4,October,7,Express Air,4.2,California,195.99,1
Redondo Beach,937,Kelly Shaw,Corporate,0.08,William,Low,2012,Qtr 4,November,29,1,Furniture,Small Pack,"Executive Impressions 13-1/2"" Indoor/Outdoor Wall Clock",Office Furnishings,115.126,WEST,208.2,2012,Qtr 4,December,1,Regular Air,8.99,California,18.7,1
Redondo Beach,937,Kelly Shaw,Corporate,0.05,William,Low,2012,Qtr 4,November,29,1,Office Supplies,Wrap Bag,Newell 323,Pens & Art Supplies,5.104000000000003,WEST,35.17,2012,Qtr 4,December,1,Regular Air,1.57,California,1.68,1
Redondo Beach,960,Phillip Chappell,Home Office,0.03,William,Low,2010,Qtr 1,February,4,1,Office Supplies,Wrap Bag,Newell 343,Pens & Art Supplies,-4.2,WEST,3.51,2010,Qtr 1,February,8,Regular Air,0.96,California,2.94,1
Redondo Beach,960,Phillip Chappell,Home Office,0.07,William,Low,2013,Qtr 1,January,8,1,Furniture,Jumbo Box,Bretford Rectangular Conference Table Tops,Tables,-430.4784,WEST,296.97,2013,Qtr 1,January,10,Delivery Truck,85.63,California,376.13,1
Redwood City,961,Benjamin Chan,Home Office,0.05,William,Low,2010,Qtr 3,August,24,1,Furniture,Jumbo Box,Bevis 36 x 72 Conference Tables,Tables,-44.1636,WEST,120.12,2010,Qtr 3,August,24,Delivery Truck,51.94,California,124.49,1
Redwood City,961,Benjamin Chan,Home Office,0.01,William,Low,2011,Qtr 1,January,18,1,Furniture,Jumbo Drum,"Global Leather Highback Executive Chair with Pneumatic Height Adjustment, Black",Chairs & Chairmats,-99.15039999999999,WEST,220.83,2011,Qtr 1,January,20,Delivery Truck,23.76,California,200.98,1
Redwood City,961,Benjamin Chan,Home Office,0.09,William,Low,2012,Qtr 3,July,1,1,Furniture,Jumbo Box,Bretford CR8500 Series Meeting Room Furniture,Tables,541.01,WEST,2096.17,2012,Qtr 3,July,3,Delivery Truck,42.52,California,400.98,1
Redwood City,961,Benjamin Chan,Home Office,0.01,William,Low,2012,Qtr 3,July,1,1,Furniture,Jumbo Drum,Office Star - Ergonomic Mid Back Chair with 2-Way Adjustable Arms,Chairs & Chairmats,-45.02,WEST,734.76,2012,Qtr 3,July,2,Delivery Truck,30,California,180.98,1
Redwood City,961,Benjamin Chan,Home Office,0,William,Low,2012,Qtr 3,July,1,1,Office Supplies,Small Box,Xerox 1937,Paper,352.6935,WEST,511.15,2012,Qtr 3,July,3,Regular Air,5.79,California,48.04,1
Redwood City,964,Virginia Rivera,Home Office,0.02,William,Low,2011,Qtr 4,December,30,1,Office Supplies,Wrap Bag,"Quartet Alpha® White Chalk, 12/Pack",Pens & Art Supplies,5.82,WEST,22.35,2012,Qtr 1,March,31,Regular Air,1,California,2.21,1
Ridgewood,999,Rita Barton,Small Business,0.08,Erin,Low,2010,Qtr 3,September,14,1,Technology,Small Pack,"Verbatim DVD-RAM, 9.4GB, Rewritable, Type 1, DS, DataLife Plus",Computer Peripherals,-71.83,EAST,127.22,2010,Qtr 3,September,15,Regular Air,1.99,New Jersey,45.19,1
Riverside,972,Gregory Holden,Corporate,0.03,William,Low,2010,Qtr 3,August,29,1,Furniture,Jumbo Drum,Global Commerce™ Series High-Back Swivel/Tilt Chairs,Chairs & Chairmats,-116.584,WEST,619.38,2010,Qtr 3,September,5,Delivery Truck,69.55,California,284.98,1
Riverside,972,Gregory Holden,Corporate,0,William,Low,2010,Qtr 3,August,29,1,Furniture,Large Box,"Tensor ""Hersey Kiss"" Styled Floor Lamp",Office Furnishings,12.8961,WEST,18.69,2010,Qtr 3,August,29,Regular Air,14.37,California,12.99,1
Riverside,972,Gregory Holden,Corporate,0.07,William,Low,2013,Qtr 1,February,11,1,Technology,Medium Box,1726 Digital Answering Machine,Telephones and Communication,-102.432,WEST,19.47,2013,Qtr 1,February,12,Regular Air,4.81,California,20.99,1
Riverside,972,Gregory Holden,Corporate,0.09,William,Low,2013,Qtr 2,May,21,1,Office Supplies,Small Box,#10 Self-Seal White Envelopes,Envelopes,16.92,WEST,86.45,2013,Qtr 2,May,30,Regular Air,5.25,California,11.09,1
Riverside,972,Gregory Holden,Corporate,0.08,William,Low,2013,Qtr 2,May,21,1,Technology,Medium Box,Canon BP1200DH 12-Digit Bubble Jet Printing Calculator,Office Machines,619.62,WEST,898,2013,Qtr 2,May,21,Express Air,7.11,California,120.97,1
Riverside,972,Gregory Holden,Corporate,0.05,William,Low,2013,Qtr 3,August,5,1,Office Supplies,Small Box,#10 Self-Seal White Envelopes,Envelopes,82.37752,WEST,241.42,2013,Qtr 3,August,5,Regular Air,5.25,California,11.09,1
Riverview,3187,Sidney Gilliam,Consumer,0.07,Sam,Low,2011,Qtr 1,March,3,1,Office Supplies,Small Box,Staples 1 Part Blank Computer Paper,Paper,-117.768,SOUTH,119.84,2011,Qtr 1,March,5,Express Air,11.25,Florida,11.34,1
Riverview,3187,Sidney Gilliam,Consumer,0.05,Sam,Low,2013,Qtr 1,March,3,1,Office Supplies,Small Pack,Boston 16765 Mini Stand Up Battery Pencil Sharpener,Pens & Art Supplies,3.588,SOUTH,74.12,2013,Qtr 1,March,6,Regular Air,8.99,Florida,11.66,1
Riverview,3187,Sidney Gilliam,Consumer,0.1,Sam,Low,2013,Qtr 4,December,30,1,Office Supplies,Wrap Bag,Binder Clips by OIC,Rubber Bands,-415.828,SOUTH,7.08,2013,Qtr 4,December,30,Regular Air,0.7,Florida,1.48,1
Riverview,3187,Sidney Gilliam,Small Business,0.08,Sam,Low,2010,Qtr 1,March,2,1,Furniture,Jumbo Box,"Rush Hierlooms Collection 1"" Thick Stackable Bookcases",Bookcases,-119.812,SOUTH,199.48,2010,Qtr 1,March,4,Delivery Truck,35.89,Florida,170.98,1
Riverview,3187,Sidney Gilliam,Small Business,0.07,Sam,Low,2012,Qtr 3,July,2,1,Office Supplies,Small Box,Fellowes Recycled Storage Drawers,Storage & Organization,-2.548,SOUTH,328.5,2012,Qtr 3,July,2,Regular Air,8.64,Florida,111.03,1
Riviera Beach,3299,Stuart McLean,Consumer,0.01,Sam,Low,2011,Qtr 2,April,11,1,Office Supplies,Small Box,Xerox 21,Paper,-413.5978,SOUTH,22.71,2011,Qtr 2,April,12,Express Air,6.6,Florida,6.48,1
Riviera Beach,3299,Stuart McLean,Consumer,0.07,Sam,Low,2011,Qtr 2,June,2,1,Office Supplies,Small Box,Smead Adjustable Mobile File Trolley with Lockable Top,Storage & Organization,-15.078,SOUTH,3719.14,2011,Qtr 2,June,2,Regular Air,19.99,Florida,419.19,1
Riviera Beach,3299,Stuart McLean,Consumer,0.04,Sam,Low,2011,Qtr 2,June,2,1,Technology,Medium Box,Canon P1-DHIII Palm Printing Calculator,Office Machines,233.802,SOUTH,224.82,2011,Qtr 2,June,3,Regular Air,8.51,Florida,17.98,1
Riviera Beach,3299,Stuart McLean,Consumer,0.08,Sam,Low,2011,Qtr 3,July,20,1,Furniture,Jumbo Box,Bevis Boat-Shaped Conference Table,Tables,22.397999999999996,SOUTH,792.89,2011,Qtr 3,July,27,Delivery Truck,62.74,Florida,262.11,1
Riviera Beach,3299,Stuart McLean,Consumer,0.02,Sam,Low,2011,Qtr 3,July,20,1,Office Supplies,Small Box,GBC VeloBinder Strips,Binders and Binder Accessories,284.93399999999997,SOUTH,49.63,2011,Qtr 3,July,27,Regular Air,6.16,Florida,7.68,1
Riviera Beach,3299,Stuart McLean,Consumer,0.08,Sam,Low,2011,Qtr 3,July,20,1,Office Supplies,Small Box,Ibico Ibimaster 300 Manual Binding System,Binders and Binder Accessories,-14.350000000000001,SOUTH,724.5,2011,Qtr 3,July,22,Regular Air,19.99,Florida,367.99,1
Rochester,3012,Annie Livingston,Corporate,0.03,Erin,Low,2010,Qtr 4,October,28,1,Office Supplies,Large Box,Honeywell Enviracaire Portable HEPA Air Cleaner for 17' x 22' Room,Appliances,1474.8703999999998,EAST,2426.36,2010,Qtr 4,October,30,Regular Air,24.49,New York,300.65,1
Rochester,3012,Annie Livingston,Corporate,0.1,Erin,Low,2010,Qtr 4,October,28,1,Office Supplies,Small Box,Xerox 1941,Paper,929.7956999999999,EAST,1347.53,2010,Qtr 4,October,29,Regular Air,4.65,New York,104.85,1
Rochester,3012,Annie Livingston,Corporate,0.06,Erin,Low,2010,Qtr 4,October,28,1,Technology,Small Box,US Robotics 56K V.92 Internal PCI Faxmodem,Computer Peripherals,19.78,EAST,824,2010,Qtr 4,October,30,Regular Air,19.99,New York,49.99,1
Rochester,3012,Annie Livingston,Corporate,0.05,Erin,Low,2011,Qtr 2,May,6,1,Office Supplies,Small Pack,Panasonic KP-350BK Electric Pencil Sharpener with Auto Stop,Pens & Art Supplies,195.48,EAST,549.91,2011,Qtr 2,May,7,Regular Air,8.99,New York,34.58,1
Rochester,3012,Annie Livingston,Corporate,0.1,Erin,Low,2011,Qtr 2,May,6,1,Office Supplies,Wrap Bag,*Staples* Highlighting Markers,Pens & Art Supplies,8.66,EAST,22.69,2011,Qtr 2,May,9,Regular Air,0.71,New York,4.84,1
Rochester,3012,Annie Livingston,Corporate,0,Erin,Low,2012,Qtr 1,March,5,1,Furniture,Jumbo Box,"Iceberg OfficeWorks 42"" Round Tables",Tables,-375.3321000000001,EAST,2145.85,2012,Qtr 1,March,7,Delivery Truck,39.25,New York,150.98,1
Rochester,3012,Annie Livingston,Corporate,0.03,Erin,Low,2013,Qtr 3,September,25,1,Office Supplies,Small Box,Avery 48,Labels,79.695,EAST,115.5,2013,Qtr 3,September,26,Regular Air,0.5,New York,6.3,1
Rochester,3012,Annie Livingston,Corporate,0.01,Erin,Low,2013,Qtr 3,September,25,1,Office Supplies,Small Box,Avery 501,Labels,50.4666,EAST,73.14,2013,Qtr 3,September,27,Regular Air,0.5,New York,3.69,1
Rocklin,973,Victor Godfrey,Corporate,0.04,William,Low,2012,Qtr 1,March,14,1,Furniture,Small Box,Staples Plastic Wall Frames,Office Furnishings,22.38,WEST,75.74,2012,Qtr 1,March,15,Express Air,4.95,California,7.96,1
Rocklin,973,Victor Godfrey,Corporate,0.06,William,Low,2013,Qtr 3,August,5,1,Furniture,Small Box,9-3/4 Diameter Round Wall Clock,Office Furnishings,-2.7560000000000002,WEST,276.72,2013,Qtr 3,August,7,Regular Air,8.78,California,13.79,1
Rocklin,973,Victor Godfrey,Corporate,0.06,William,Low,2013,Qtr 4,November,9,1,Office Supplies,Small Box,"Conquest™ 14 Commercial Heavy-Duty Upright Vacuum, Collection System, Accessory Kit",Appliances,270.84288000000004,WEST,1243.64,2013,Qtr 4,November,11,Regular Air,13.22,California,56.96,1
Rocklin,973,Victor Godfrey,Corporate,0.07,William,Low,2013,Qtr 4,November,9,1,Technology,Small Box,Keytronic French Keyboard,Computer Peripherals,55.805280000000025,WEST,1412.3,2013,Qtr 4,November,10,Express Air,4,California,73.98,1
Rome,3013,Ronnie Pace,Corporate,0.03,Erin,Low,2013,Qtr 2,May,28,1,Office Supplies,Small Box,Xerox 1947,Paper,-23.5,EAST,26.77,2013,Qtr 2,May,29,Regular Air,5.35,New York,5.98,1
Rome,3013,Ronnie Pace,Corporate,0.05,Erin,Low,2013,Qtr 3,September,25,1,Office Supplies,Small Box,Wilson Jones Standard D-Ring Binders,Binders and Binder Accessories,-6.7712,EAST,51.08,2013,Qtr 3,September,28,Regular Air,2.99,New York,5.06,1
Rome,3015,Julian Stallings,Corporate,0.02,Erin,Low,2013,Qtr 1,February,11,1,Office Supplies,Small Box,GBC Linen Binding Covers,Binders and Binder Accessories,-24.426,EAST,36.67,2013,Qtr 1,February,18,Regular Air,11.63,New York,30.98,1
Rome,3015,Julian Stallings,Corporate,0.02,Erin,Low,2013,Qtr 1,February,11,1,Office Supplies,Small Box,Xerox 1961,Paper,-153.2,EAST,48.06,2013,Qtr 1,February,18,Regular Air,7.54,New York,4.98,1
Rome,3015,Julian Stallings,Corporate,0.06,Erin,Low,2013,Qtr 3,September,17,1,Office Supplies,Small Box,2300 Heavy-Duty Transfer File Systems by Perma,Storage & Organization,-34.2884,EAST,638.67,2013,Qtr 3,September,18,Regular Air,8.79,New York,24.98,1
Rome,3015,Julian Stallings,Corporate,0.04,Erin,Low,2013,Qtr 3,September,17,1,Office Supplies,Wrap Bag,White GlueTop Scratch Pads,Paper,135.3987,EAST,196.23,2013,Qtr 3,September,17,Regular Air,1.97,New York,15.04,1
Rome,3015,Julian Stallings,Corporate,0.06,Erin,Medium,2013,Qtr 3,September,17,1,Technology,Jumbo Box,Panasonic KX-P3626 Dot Matrix Printer,Office Machines,2019.4488,EAST,6012.29,2013,Qtr 3,September,19,Delivery Truck,16.63,New York,517.48,1
Roosevelt,874,Andrew Beard,Small Business,0.05,Erin,Low,2011,Qtr 1,March,30,1,Furniture,Jumbo Drum,"Global Deluxe Stacking Chair, Gray",Chairs & Chairmats,196.21,EAST,461.32,2011,Qtr 2,April,8,Delivery Truck,14.19,New York,50.98,1
Roosevelt,874,Andrew Beard,Small Business,0.05,Erin,Low,2013,Qtr 1,January,30,1,Furniture,Small Box,"Howard Miller 13"" Diameter Goldtone Round Wall Clock",Office Furnishings,315.14369999999997,EAST,456.73,2013,Qtr 1,February,1,Regular Air,6.77,New York,46.94,1
Roosevelt,874,Andrew Beard,Small Business,0.07,Erin,Low,2013,Qtr 3,July,26,1,Office Supplies,Small Box,Eldon Jumbo ProFile™ Portable File Boxes Graphite/Black,Storage & Organization,-108.3,EAST,161.3,2013,Qtr 3,August,2,Regular Air,8.78,New York,15.31,1
Roselle,11,Marcus Dunlap,Home Office,0.06,Erin,Low,2010,Qtr 3,August,15,1,Furniture,Small Pack,"DAX Two-Tone Rosewood/Black Document Frame, Desktop, 5 x 7",Office Furnishings,-53.8096,EAST,211.15,2010,Qtr 3,August,17,Regular Air,7.29,New Jersey,9.48,1
Roselle,1884,Heidi Cobb,Home Office,0.09,Erin,Low,2013,Qtr 2,June,2,1,Technology,Small Box,Microsoft Office Keyboard,Computer Peripherals,-7.439999999999975,EAST,416.69,2013,Qtr 2,June,4,Regular Air,6.5,New Jersey,40.98,1
Roselle,2518,Leigh Wyatt,Home Office,0.09,Erin,Low,2011,Qtr 4,October,16,1,Office Supplies,Small Box,"Acco Pressboard Covers with Storage Hooks, 14 7/8"" x 11"", Light Blue",Binders and Binder Accessories,-159.68394,EAST,103.34,2011,Qtr 4,October,18,Express Air,5.68,New Jersey,4.91,1
Roseville,1123,Peggy Lanier,Small Business,0.03,William,Low,2010,Qtr 3,September,15,1,Office Supplies,Small Box,"Angle-D Binders with Locking Rings, Label Holders",Binders and Binder Accessories,-127.052,WEST,103.61,2010,Qtr 3,September,18,Regular Air,7.72,California,7.3,1
Roseville,1123,Peggy Lanier,Small Business,0.09,William,Low,2010,Qtr 4,December,20,1,Technology,Small Box,5165,Telephones and Communication,2169.7464,WEST,3144.56,2010,Qtr 4,December,22,Regular Air,4.99,California,175.99,1
Roseville,1123,Peggy Lanier,Small Business,0.08,William,Low,2011,Qtr 4,December,12,1,Office Supplies,Small Box,Staples 4 Outlet Surge Protector,Appliances,-9.265,WEST,59.15,2011,Qtr 4,December,13,Regular Air,3.5,California,8.67,1
Roseville,1123,Peggy Lanier,Small Business,0.08,William,Low,2012,Qtr 2,June,26,1,Furniture,Jumbo Drum,Office Star Flex Back Scooter Chair with Aluminum Finish Frame,Chairs & Chairmats,-169.06400000000002,WEST,410.35,2012,Qtr 2,June,28,Delivery Truck,42,California,100.89,1
Roseville,1123,Peggy Lanier,Small Business,0.1,William,Low,2012,Qtr 3,September,5,1,Office Supplies,Small Box,"Peel & Seel® Recycled Catalog Envelopes, Brown",Envelopes,-12.99,WEST,13.16,2012,Qtr 3,September,6,Regular Air,5.72,California,11.58,1
Roseville,1161,Brooke Arnold,Corporate,0.1,William,Low,2012,Qtr 4,October,14,1,Office Supplies,Medium Box,3M Office Air Cleaner,Appliances,-7.1712,WEST,77.74,2012,Qtr 4,October,16,Regular Air,5.37,California,25.98,1
Roseville,1161,Brooke Arnold,Corporate,0.06,William,Low,2012,Qtr 4,October,14,1,Office Supplies,Wrap Bag,Prang Drawing Pencil Set,Pens & Art Supplies,-3.4560000000000004,WEST,27.03,2012,Qtr 4,October,15,Regular Air,1.34,California,2.78,1
Rotterdam,3252,Milton Harrell,Corporate,0.02,Erin,Low,2010,Qtr 4,December,11,1,Office Supplies,Small Box,Xerox 1928,Paper,-65.58,EAST,103.18,2010,Qtr 4,December,12,Regular Air,6.26,New York,5.28,1
Rotterdam,3252,Milton Harrell,Corporate,0.03,Erin,Low,2011,Qtr 4,December,26,1,Office Supplies,Small Pack,Staples SlimLine Pencil Sharpener,Pens & Art Supplies,-15.87,EAST,100.26,2012,Qtr 1,January,22,Regular Air,5.81,New York,11.97,1
Rotterdam,3252,Milton Harrell,Corporate,0.08,Erin,Low,2011,Qtr 4,December,26,1,Technology,Small Box,688,Telephones and Communication,-278.9765,EAST,482.78,2012,Qtr 1,January,26,Regular Air,4.2,New York,195.99,1
Rotterdam,3252,Milton Harrell,Small Business,0.01,Erin,Low,2010,Qtr 1,March,30,1,Office Supplies,Small Box,Xerox 188,Paper,-11.83,EAST,14.52,2010,Qtr 2,April,1,Regular Air,5.01,New York,11.34,1
Rotterdam,3252,Milton Harrell,Small Business,0.06,Erin,Low,2013,Qtr 2,May,7,1,Furniture,Jumbo Box,"Hon Metal Bookcases, Black",Bookcases,-127.94,EAST,212.19,2013,Qtr 2,May,9,Delivery Truck,26.74,New York,70.98,1
Rotterdam,3252,Milton Harrell,Small Business,0.02,Erin,Low,2013,Qtr 2,May,7,1,Office Supplies,Wrap Bag,Turquoise Lead Holder with Pocket Clip,Pens & Art Supplies,77.1972,EAST,111.88,2013,Qtr 2,May,8,Regular Air,1.56,New York,6.7,1
Royal Palm Beach,3300,Todd Werner,Consumer,0.05,Sam,Low,2013,Qtr 4,November,19,1,Furniture,Jumbo Drum,Hon Every-Day® Chair Series Swivel Task Chairs,Chairs & Chairmats,3.4259999999999997,SOUTH,2854.99,2013,Qtr 4,November,20,Delivery Truck,30,Florida,120.98,1
Royal Palm Beach,3300,Todd Werner,Consumer,0.03,Sam,Low,2013,Qtr 4,November,19,1,Office Supplies,Wrap Bag,Prang Drawing Pencil Set,Pens & Art Supplies,276.99,SOUTH,120.51,2013,Qtr 4,November,20,Regular Air,1.2,Florida,2.78,1
Royal Palm Beach,3347,Carrie McIntosh,Consumer,0.05,Sam,Low,2010,Qtr 1,January,6,1,Furniture,Small Pack,G.E. Longer-Life Indoor Recessed Floodlight Bulbs,Office Furnishings,-92.92920000000001,SOUTH,34.17,2010,Qtr 1,January,8,Express Air,4.95,Florida,6.64,1
Royal Palm Beach,3347,Carrie McIntosh,Consumer,0.07,Sam,Low,2010,Qtr 1,January,6,1,Office Supplies,Small Box,GBC VeloBinder Strips,Binders and Binder Accessories,125.9982,SOUTH,22.13,2010,Qtr 1,January,8,Express Air,6.16,Florida,7.68,1
Royal Palm Beach,3347,Carrie McIntosh,Consumer,0.02,Sam,Low,2010,Qtr 1,January,27,1,Technology,Small Box,T18,Telephones and Communication,-39.809,SOUTH,94.3,2010,Qtr 1,January,29,Regular Air,2.5,Florida,110.99,1
Royal Palm Beach,3347,Carrie McIntosh,Consumer,0.07,Sam,Low,2012,Qtr 3,July,27,1,Technology,Jumbo Drum,Canon S750 Color Inkjet Printer,Office Machines,169.26600000000002,SOUTH,1953.18,2012,Qtr 3,July,29,Delivery Truck,26.3,Florida,120.97,1
Royal Palm Beach,3347,Carrie McIntosh,Consumer,0.03,Sam,Low,2013,Qtr 2,June,24,1,Technology,Medium Box,Sharp EL500L Fraction Calculator,Office Machines,-1356.6677124000003,SOUTH,29.92,2013,Qtr 2,June,29,Regular Air,7.51,Florida,13.99,1
Rutherford,1168,Angela Wooten,Corporate,0.04,Erin,Low,2012,Qtr 1,February,25,1,Office Supplies,Wrap Bag,Acco® Hot Clips™ Clips to Go,Rubber Bands,-3.93,EAST,3.99,2012,Qtr 1,February,28,Regular Air,1.35,New Jersey,3.29,1
Rye,2542,Anne Kelley,Home Office,0,Erin,Low,2012,Qtr 4,October,3,1,Office Supplies,Wrap Bag,Newell 339,Pens & Art Supplies,5.0968,EAST,57.76,2012,Qtr 4,October,5,Regular Air,0.97,New York,2.78,1
Rye,2542,Anne Kelley,Home Office,0.05,Erin,Low,2013,Qtr 4,November,10,1,Office Supplies,Wrap Bag,White GlueTop Scratch Pads,Paper,398.33699999999993,EAST,577.3,2013,Qtr 4,November,11,Regular Air,1.97,New York,15.04,1
Rye,2542,Anne Kelley,Home Office,0.07,Erin,Low,2013,Qtr 4,November,10,1,Technology,Small Box,Adesso Programmable 142-Key Keyboard,Computer Peripherals,154.83216000000004,EAST,1622.26,2013,Qtr 4,November,12,Regular Air,4,New York,152.48,1
Rye,2542,Anne Kelley,Small Business,0,Erin,Low,2013,Qtr 2,April,3,1,Furniture,Medium Box,Deflect-o Glass Clear Studded Chair Mats,Office Furnishings,326.16299999999995,EAST,472.7,2013,Qtr 2,April,5,Regular Air,10.84,New York,62.18,1
Sacramento,1609,Jerry Ennis,Consumer,0.03,William,Low,2010,Qtr 2,May,11,1,Office Supplies,Small Box,Filing/Storage Totes and Swivel Casters,Storage & Organization,-36.9,WEST,23.56,2010,Qtr 2,May,11,Regular Air,9.45,California,9.71,1
Sacramento,1609,Jerry Ennis,Consumer,0.03,William,Low,2010,Qtr 2,May,11,1,Office Supplies,Small Box,Peel & Stick Add-On Corner Pockets,Binders and Binder Accessories,-90.5855,WEST,17.31,2010,Qtr 2,May,12,Regular Air,6.05,California,2.16,1
Sacramento,1609,Jerry Ennis,Consumer,0.02,William,Low,2013,Qtr 1,February,1,1,Office Supplies,Small Box,Xerox 210,Paper,-157.4,WEST,89.42,2013,Qtr 1,February,3,Regular Air,7.37,California,6.48,1
Sacramento,1609,Jerry Ennis,Consumer,0.08,William,Low,2013,Qtr 2,May,11,1,Office Supplies,Large Box,Hoover Portapower™ Portable Vacuum,Appliances,-1605.73,WEST,63.91,2013,Qtr 2,May,13,Regular Air,49,California,4.48,1
Sacramento,1609,Jerry Ennis,Consumer,0.09,William,Low,2013,Qtr 2,May,11,1,Technology,Small Pack,Accessory2,Telephones and Communication,10.979999999999945,WEST,185.36,2013,Qtr 2,May,13,Regular Air,1.25,California,55.99,1
Sacramento,1609,Jerry Ennis,Consumer,0,William,Low,2013,Qtr 2,May,29,1,Office Supplies,Wrap Bag,"Rediform Wirebound ""Phone Memo"" Message Book, 11 x 5-3/4",Paper,-41.75,WEST,103.15,2013,Qtr 2,June,1,Regular Air,5.83,California,7.64,1
Sacramento,1609,Jerry Ennis,Consumer,0.05,William,Low,2013,Qtr 4,October,16,1,Office Supplies,Small Box,"Wilson Jones 1"" Hanging DublLock® Ring Binders",Binders and Binder Accessories,-6.8195,WEST,17.15,2013,Qtr 4,October,18,Regular Air,2.99,California,5.28,1
Saint Cloud,3153,Martha Durham,Consumer,0.05,Sam,Low,2011,Qtr 1,January,25,1,Office Supplies,Small Box,Fellowes Bankers Box™ Stor/Drawer® Steel Plus™,Storage & Organization,-233.17630000000003,SOUTH,131.82,2011,Qtr 1,January,25,Regular Air,6.72,Florida,31.98,1
Saint Cloud,3153,Martha Durham,Corporate,0.09,Sam,Low,2013,Qtr 3,September,16,1,Office Supplies,Large Box,Hoover Portapower™ Portable Vacuum,Appliances,-29.483999999999998,SOUTH,116.48,2013,Qtr 3,September,18,Regular Air,49,Florida,4.48,1
Saint Cloud,3153,Martha Durham,Corporate,0.04,Sam,Low,2013,Qtr 3,September,16,1,Office Supplies,Small Box,Avery 479,Labels,63.42,SOUTH,40.7,2013,Qtr 3,September,18,Express Air,0.5,Florida,2.61,1
Saint Cloud,3348,Betty Melvin,Consumer,0.1,Sam,Low,2013,Qtr 1,March,6,1,Technology,Small Pack,Accessory36,Telephones and Communication,259.4268,SOUTH,47.53,2013,Qtr 1,March,7,Regular Air,5,Florida,55.99,1
Saint Petersburg,3154,Faye Manning,Consumer,0.03,Sam,Low,2010,Qtr 2,May,28,1,Office Supplies,Small Box,Portfile® Personal File Boxes,Storage & Organization,28.182599999999997,SOUTH,201.77,2010,Qtr 2,May,30,Regular Air,9.47,Florida,17.7,1
Saint Petersburg,3154,Faye Manning,Consumer,0.06,Sam,Low,2011,Qtr 4,November,9,1,Office Supplies,Small Box,Xerox 1897,Paper,395.328,SOUTH,44.35,2011,Qtr 4,November,11,Regular Air,6.07,Florida,4.98,1
Saint Petersburg,3154,Faye Manning,Consumer,0,Sam,Low,2011,Qtr 4,November,9,1,Technology,Wrap Bag,Accessory4,Telephones and Communication,821.454,SOUTH,1538.48,2011,Qtr 4,November,9,Express Air,0.99,Florida,85.99,1
Saint Petersburg,3154,Faye Manning,Corporate,0.08,Sam,Low,2010,Qtr 1,January,26,1,Technology,Medium Box,Canon MP41DH Printing Calculator,Office Machines,-3.9479999999999995,SOUTH,1183.82,2010,Qtr 1,January,27,Express Air,13.99,Florida,150.98,1
Saint Petersburg,3154,Faye Manning,Corporate,0.04,Sam,Low,2010,Qtr 3,September,30,1,Office Supplies,Small Pack,Boston 1730 StandUp Electric Pencil Sharpener,Pens & Art Supplies,-51.66,SOUTH,443.66,2010,Qtr 3,September,30,Regular Air,8.99,Florida,21.38,1
Saint Petersburg,3154,Faye Manning,Corporate,0.02,Sam,Low,2012,Qtr 2,June,2,1,Technology,Small Box,SC-3160,Telephones and Communication,-332.5616,SOUTH,297.03,2012,Qtr 2,June,6,Regular Air,8.99,Florida,65.99,1
Saint Petersburg,3154,Faye Manning,Corporate,0.04,Sam,Low,2012,Qtr 2,June,30,1,Office Supplies,Small Box,Avery Printable Repositionable Plastic Tabs,Binders and Binder Accessories,-60.1657,SOUTH,56.03,2012,Qtr 3,July,1,Express Air,6.19,Florida,8.6,1
Salinas,1610,Daniel S Glover,Consumer,0.09,William,High,2013,Qtr 4,October,16,1,Office Supplies,Medium Box,Martin Yale Chadless Opener Electric Letter Opener,"Scissors, Rulers and Trimmers",1094.74,WEST,12163.61,2013,Qtr 4,October,20,Regular Air,24.49,California,832.81,1
Salinas,1636,Sidney Greenberg,Home Office,0.08,William,Low,2010,Qtr 1,January,14,1,Office Supplies,Wrap Bag,Newell 336,Pens & Art Supplies,10.5792,WEST,29.18,2010,Qtr 1,January,17,Regular Air,0.94,California,4.28,1
Salinas,1636,Sidney Greenberg,Home Office,0.08,William,Low,2010,Qtr 1,January,14,1,Technology,Jumbo Drum,Hewlett-Packard Deskjet 5550 Color Inkjet Printer,Office Machines,-272.860884,WEST,562.93,2010,Qtr 1,January,16,Delivery Truck,56.14,California,115.99,1
Salinas,1636,Sidney Greenberg,Home Office,0.04,William,Low,2010,Qtr 3,July,12,1,Furniture,Large Box,"3M Polarizing Task Lamp with Clamp Arm, Light Gray",Office Furnishings,1127.5497,WEST,1634.13,2010,Qtr 3,July,14,Express Air,24.49,California,136.98,1
Salinas,1636,Sidney Greenberg,Home Office,0.08,William,Low,2011,Qtr 2,April,4,1,Office Supplies,Small Box,Acco 3-Hole Punch,Binders and Binder Accessories,-127.006,WEST,30.27,2011,Qtr 2,April,5,Regular Air,6.21,California,4.38,1
Salinas,1636,Sidney Greenberg,Home Office,0.08,William,Low,2011,Qtr 2,April,4,1,Office Supplies,Small Box,Fellowes Bankers Box™ Staxonsteel® Drawer File/Stacking System,Storage & Organization,379.11,WEST,776.45,2011,Qtr 2,April,5,Regular Air,6.88,California,64.98,1
Salinas,1636,Sidney Greenberg,Home Office,0.08,William,Low,2013,Qtr 2,April,4,1,Technology,Small Box,CF 688,Telephones and Communication,142.551,WEST,622.12,2013,Qtr 2,April,6,Regular Air,8.99,California,155.99,1
San Bernardino,1637,Rodney Christian Callahan,Home Office,0.02,William,Low,2011,Qtr 2,April,20,1,Furniture,Jumbo Drum,Office Star - Mid Back Dual function Ergonomic High Back Chair with 2-Way Adjustable Arms,Chairs & Chairmats,-90.41,WEST,200.38,2011,Qtr 2,April,22,Delivery Truck,30,California,160.98,1
San Bernardino,1637,Rodney Christian Callahan,Home Office,0.08,William,Low,2012,Qtr 4,December,17,1,Furniture,Small Pack,"DAX Metal Frame, Desktop, Stepped-Edge",Office Furnishings,-3.74,WEST,42.98,2012,Qtr 4,December,19,Express Air,8.99,California,20.24,1
San Bernardino,1637,Rodney Christian Callahan,Home Office,0.07,William,Low,2012,Qtr 4,December,17,1,Office Supplies,Medium Box,Eldon Simplefile® Box Office®,Storage & Organization,-35.215,WEST,243.86,2012,Qtr 4,December,19,Regular Air,6.27,California,12.44,1
San Bernardino,1637,Rodney Christian Callahan,Home Office,0,William,Low,2012,Qtr 4,December,17,1,Office Supplies,Small Box,GBC Plastic Binding Combs,Binders and Binder Accessories,-167.8425,WEST,173.1,2012,Qtr 4,December,18,Express Air,11.51,California,7.38,1
San Bernardino,1637,Rodney Christian Callahan,Home Office,0,William,Low,2013,Qtr 2,April,20,1,Furniture,Jumbo Box,Bretford CR4500 Series Slim Rectangular Table,Tables,1158.8205,WEST,1679.45,2013,Qtr 2,April,20,Delivery Truck,40.19,California,348.21,1
San Bernardino,1637,Rodney Christian Callahan,Home Office,0.1,William,Low,2013,Qtr 2,April,20,1,Office Supplies,Small Box,Fellowes Bankers Box™ Staxonsteel® Drawer File/Stacking System,Storage & Organization,-110.07,WEST,64.26,2013,Qtr 2,April,24,Regular Air,6.88,California,64.98,1
San Bernardino,1637,Rodney Christian Callahan,Home Office,0.05,William,Low,2013,Qtr 3,August,29,1,Technology,Small Box,Fellowes 17-key keypad for PS/2 interface,Computer Peripherals,-42.13712,WEST,189.42,2013,Qtr 3,September,7,Regular Air,4,California,30.73,1
San Carlos,1638,Amanda Shore,Home Office,0.01,William,Low,2011,Qtr 4,December,20,1,Furniture,Jumbo Box,"Bush Westfield Collection Bookcases, Fully Assembled",Bookcases,55.41,WEST,1287.55,2011,Qtr 4,December,21,Delivery Truck,35.84,California,100.98,1
San Carlos,1781,Jackie Capps,Corporate,0,William,Low,2010,Qtr 2,June,12,1,Office Supplies,Small Box,Xerox 194,Paper,454.4478,WEST,658.62,2010,Qtr 2,June,14,Regular Air,14.3,California,55.48,1
San Carlos,1781,Jackie Capps,Corporate,0.08,William,Low,2011,Qtr 3,September,29,1,Office Supplies,Small Box,Hoover Upright Vacuum With Dirt Cup,Appliances,2723.31,WEST,4573.53,2011,Qtr 3,September,30,Regular Air,19.99,California,289.53,1
San Carlos,1781,Jackie Capps,Corporate,0.08,William,Low,2011,Qtr 3,September,29,1,Office Supplies,Small Box,Xerox 207,Paper,-90.42,WEST,143.71,2011,Qtr 4,October,1,Regular Air,5.4,California,6.48,1
San Carlos,1781,Jackie Capps,Home Office,0.03,William,Low,2010,Qtr 3,July,7,1,Furniture,Wrap Bag,"Master Caster Door Stop, Brown",Office Furnishings,15.1524,WEST,21.96,2010,Qtr 3,July,12,Regular Air,2.03,California,5.08,1
San Carlos,1781,Jackie Capps,Home Office,0.02,William,Low,2012,Qtr 4,December,10,1,Furniture,Jumbo Box,Hon iLevel™ Computer Training Table,Tables,-730.385,WEST,619.94,2012,Qtr 4,December,15,Delivery Truck,45.51,California,31.76,1
San Clemente,1782,Lawrence Dennis,Home Office,0.03,William,Low,2010,Qtr 1,January,6,1,Office Supplies,Wrap Bag,Newell 342,Pens & Art Supplies,-90.7556,WEST,24.57,2010,Qtr 1,January,8,Regular Air,3.97,California,3.28,1
San Clemente,1782,Lawrence Dennis,Home Office,0.02,William,Low,2011,Qtr 4,December,21,1,Office Supplies,Medium Box,Honeywell Quietcare HEPA Air Cleaner,Appliances,730.2752999999999,WEST,1058.37,2011,Qtr 4,December,21,Regular Air,13.99,California,78.65,1
San Clemente,1782,Lawrence Dennis,Home Office,0.09,William,Low,2011,Qtr 4,December,21,1,Office Supplies,Small Box,Avery 496,Labels,59.008799999999994,WEST,85.52,2011,Qtr 4,December,26,Express Air,0.5,California,3.75,1
San Clemente,1782,Lawrence Dennis,Home Office,0.03,William,Low,2012,Qtr 2,June,5,1,Office Supplies,Small Box,"Dual Level, Single-Width Filing Carts",Storage & Organization,236.59199999999998,WEST,619.68,2012,Qtr 2,June,6,Regular Air,7.07,California,155.06,1
San Clemente,1782,Lawrence Dennis,Home Office,0.05,William,Low,2012,Qtr 2,June,5,1,Technology,Medium Box,VTech VT20-2481 2.4GHz Two-Line Phone System w/Answering Machine,Telephones and Communication,1937.0232,WEST,2807.28,2012,Qtr 2,June,6,Express Air,13.99,California,179.99,1
San Clemente,1782,Lawrence Dennis,Home Office,0.04,William,Medium,2013,Qtr 4,November,25,1,Technology,Small Box,Adesso Programmable 142-Key Keyboard,Computer Peripherals,606.144,WEST,6001.62,2013,Qtr 4,November,26,Regular Air,4,California,152.48,1
San Diego,1723,Constance Flowers,Corporate,0.1,William,Low,2010,Qtr 1,January,31,1,Technology,Small Box,US Robotics 56K V.92 Internal PCI Faxmodem,Computer Peripherals,13.508000000000003,WEST,2188.06,2010,Qtr 1,February,5,Express Air,19.99,California,49.99,1
San Diego,1723,Constance Flowers,Corporate,0.03,William,Low,2010,Qtr 1,February,7,1,Office Supplies,Small Box,Portfile® Personal File Boxes,Storage & Organization,-52.33,WEST,261.85,2010,Qtr 1,February,7,Regular Air,9.47,California,17.7,1
San Diego,1723,Constance Flowers,Corporate,0.05,William,Low,2010,Qtr 1,February,7,1,Office Supplies,Small Box,Xerox 1923,Paper,-66.48,WEST,320.93,2010,Qtr 1,February,9,Regular Air,5.66,California,6.68,1
San Diego,1723,Constance Flowers,Corporate,0.04,William,Low,2010,Qtr 4,November,16,1,Office Supplies,Medium Box,Eldon Simplefile® Box Office®,Storage & Organization,-59.06,WEST,1834.61,2010,Qtr 4,November,17,Regular Air,6.27,California,12.44,1
San Diego,1723,Constance Flowers,Corporate,0.01,William,Low,2011,Qtr 2,April,30,1,Furniture,Jumbo Box,Bevis 36 x 72 Conference Tables,Tables,-168.48,WEST,2557.51,2011,Qtr 2,May,2,Delivery Truck,51.94,California,124.49,1
San Diego,1723,Constance Flowers,Corporate,0.1,William,Low,2011,Qtr 2,April,30,1,Furniture,Small Pack,Eldon Pizzaz™ Desk Accessories,Office Furnishings,-150.53,WEST,103.8,2011,Qtr 2,May,2,Regular Air,4.57,California,2.23,1
San Diego,1723,Constance Flowers,Corporate,0.06,William,Low,2011,Qtr 2,April,30,1,Office Supplies,Small Box,Avery Poly Binder Pockets,Binders and Binder Accessories,-150.903,WEST,174.9,2011,Qtr 2,May,2,Express Air,5.47,California,3.58,1
San Diego,1723,Constance Flowers,Corporate,0.09,William,Low,2011,Qtr 3,July,17,1,Furniture,Small Pack,Aluminum Document Frame,Office Furnishings,96.95,WEST,507.36,2011,Qtr 3,July,19,Regular Air,2.85,California,12.22,1
San Diego,1723,Constance Flowers,Corporate,0.07,William,Low,2011,Qtr 3,August,26,1,Office Supplies,Small Box,Eldon® Gobal File Keepers,Storage & Organization,-104.43,WEST,740.3,2011,Qtr 3,August,27,Regular Air,4.53,California,15.14,1
San Diego,1723,Constance Flowers,Corporate,0.09,William,Low,2011,Qtr 3,August,26,1,Office Supplies,Small Box,Hoover Commercial Soft Guard Upright Vacuum And Disposable Filtration Bags,Appliances,-283.31,WEST,559.45,2011,Qtr 3,August,27,Regular Air,9.23,California,7.77,1
San Diego,1723,Constance Flowers,Corporate,0.1,William,Low,2011,Qtr 4,December,5,1,Office Supplies,Small Box,Staples 6 Outlet Surge,Appliances,-31.55,WEST,534.45,2011,Qtr 4,December,5,Regular Air,4.98,California,11.97,1
San Diego,1723,Constance Flowers,Corporate,0.03,William,Low,2011,Qtr 4,December,5,1,Technology,Small Box,"Micro Innovations Micro 3000 Keyboard, Black",Computer Peripherals,-25.23,WEST,2222.71,2011,Qtr 4,December,7,Regular Air,5.89,California,26.31,1
San Diego,1723,Constance Flowers,Corporate,0.03,William,Low,2011,Qtr 4,December,5,1,Technology,Small Box,T60,Telephones and Communication,307.251,WEST,3240.93,2011,Qtr 4,December,7,Regular Air,4.9,California,95.99,1
San Diego,1723,Constance Flowers,Corporate,0.07,William,Low,2012,Qtr 2,April,24,1,Furniture,Jumbo Drum,Hon Non-Folding Utility Tables,Tables,-193.97,WEST,1760.94,2012,Qtr 2,April,25,Delivery Truck,60,California,159.31,1
San Diego,1723,Constance Flowers,Corporate,0.06,William,Low,2013,Qtr 1,January,17,1,Technology,Small Pack,Maxell DVD-RAM Discs,Computer Peripherals,67.416,WEST,576.59,2013,Qtr 1,January,19,Regular Air,1.99,California,16.48,1
San Diego,1723,Constance Flowers,Corporate,0.04,William,Low,2013,Qtr 2,April,3,1,Office Supplies,Small Box,Self-Adhesive Ring Binder Labels,Binders and Binder Accessories,-218.5345,WEST,153.01,2013,Qtr 2,April,5,Regular Air,6.83,California,3.52,1
San Diego,1723,Constance Flowers,Corporate,0.01,William,Medium,2011,Qtr 3,July,17,1,Technology,Small Box,V2397,Telephones and Communication,2040.8670000000002,WEST,6755.63,2011,Qtr 3,July,19,Regular Air,2.5,California,125.99,1
San Diego,1723,Constance Flowers,Corporate,0.03,William,Medium,2011,Qtr 4,December,5,1,Furniture,Jumbo Box,Bush Mission Pointe Library,Bookcases,-533.44,WEST,8119.28,2011,Qtr 4,December,8,Delivery Truck,66.27,California,150.98,1
San Diego,1783,Erin Y Stewart,Corporate,0.09,William,Low,2012,Qtr 2,April,25,1,Furniture,Jumbo Drum,Office Star - Ergonomic Mid Back Chair with 2-Way Adjustable Arms,Chairs & Chairmats,209.54,WEST,1391.41,2012,Qtr 2,April,27,Delivery Truck,30,California,180.98,1
San Diego,1783,Erin Y Stewart,Corporate,0.1,William,Low,2013,Qtr 4,December,12,1,Office Supplies,Small Box,"Array® Parchment Paper, Assorted Colors",Paper,-55.913759999999996,WEST,86.56,2013,Qtr 4,December,13,Regular Air,11.15,California,7.28,1
San Diego,1783,Erin Y Stewart,Corporate,0,William,Low,2013,Qtr 4,December,12,1,Office Supplies,Small Box,Staples Brown Kraft Recycled Clasp Envelopes,Envelopes,-20.465759999999996,WEST,134.11,2013,Qtr 4,December,13,Express Air,5.3,California,5.58,1
San Diego,1783,Erin Y Stewart,Home Office,0,William,Low,2011,Qtr 4,October,14,1,Technology,Small Box,Belkin ErgoBoard™ Keyboard,Computer Peripherals,49.339600000000004,WEST,570.13,2011,Qtr 4,October,16,Express Air,6.5,California,30.98,1
San Diego,1783,Erin Y Stewart,Home Office,0.09,William,Low,2011,Qtr 4,October,14,1,Technology,Small Box,T28 WORLD,Telephones and Communication,-273.64392,WEST,803.47,2011,Qtr 4,October,16,Regular Air,8.99,California,195.99,1
San Diego,1783,Erin Y Stewart,Home Office,0.01,William,Low,2013,Qtr 4,October,14,1,Office Supplies,Small Box,"Avery Flip-Chart Easel Binder, Black",Binders and Binder Accessories,-48.208,WEST,119.44,2013,Qtr 4,October,14,Regular Air,15.1,California,22.38,1
San Diego,2498,Arlene Long,Corporate,0.09,William,High,2010,Qtr 1,February,18,1,Furniture,Jumbo Drum,Hon 4700 Series Mobuis™ Mid-Back Task Chairs with Adjustable Arms,Chairs & Chairmats,1240.25,WEST,10554.63,2010,Qtr 1,February,20,Delivery Truck,58.92,California,355.98,1
San Diego,2498,Arlene Long,Corporate,0.04,William,Low,2010,Qtr 1,February,18,1,Furniture,Jumbo Box,BoxOffice By Design Rectangular and Half-Moon Meeting Room Tables,Tables,-533.2320000000001,WEST,1749.64,2010,Qtr 1,February,18,Delivery Truck,69.64,California,218.75,1
San Diego,2498,Arlene Long,Small Business,0.09,William,Low,2010,Qtr 3,August,2,1,Furniture,Small Box,Eldon® 200 Class™ Desk Accessories,Office Furnishings,-61.59,WEST,355.4,2010,Qtr 3,August,4,Regular Air,5.41,California,6.28,1
San Diego,2498,Arlene Long,Small Business,0.08,William,Low,2010,Qtr 3,August,5,1,Office Supplies,Wrap Bag,Newell 323,Pens & Art Supplies,-46.25,WEST,148.36,2010,Qtr 3,August,6,Regular Air,1.57,California,1.68,1
San Diego,2498,Arlene Long,Small Business,0.01,William,Low,2011,Qtr 3,September,30,1,Office Supplies,Small Box,Xerox 1982,Paper,-42.38,WEST,289.61,2011,Qtr 4,October,1,Regular Air,16.87,California,22.84,1
San Diego,2498,Arlene Long,Small Business,0.09,William,Low,2011,Qtr 4,October,15,1,Office Supplies,Small Box,Acco Perma® 2700 Stacking Storage Drawers,Storage & Organization,-25.32,WEST,1743.79,2011,Qtr 4,October,18,Express Air,6.64,California,29.74,1
San Diego,2498,Arlene Long,Small Business,0.03,William,Low,2011,Qtr 4,October,15,1,Office Supplies,Small Box,Fellowes Stor/Drawer® Steel Plus™ Storage Drawers,Storage & Organization,-282.672,WEST,3830.88,2011,Qtr 4,October,16,Regular Air,19.99,California,95.43,1
San Diego,2498,Arlene Long,Small Business,0.04,William,Low,2011,Qtr 4,October,15,1,Office Supplies,Small Box,Staples 6 Outlet Surge,Appliances,-14.7,WEST,581.5,2011,Qtr 4,October,17,Regular Air,4.98,California,11.97,1
San Diego,2498,Arlene Long,Small Business,0.07,William,Low,2012,Qtr 3,September,29,1,Office Supplies,Small Box,Xerox 1936,Paper,70.39,WEST,716.71,2012,Qtr 4,October,1,Express Air,5.97,California,19.98,1
San Diego,2498,Arlene Long,Small Business,0.1,William,Low,2012,Qtr 3,September,29,1,Office Supplies,Small Box,Xerox 214,Paper,-86.62,WEST,298.84,2012,Qtr 3,September,30,Regular Air,7.03,California,6.48,1
San Diego,2498,Arlene Long,Small Business,0,William,Low,2013,Qtr 2,May,2,1,Office Supplies,Small Box,Computer Printout Paper with Letter-Trim Perforations,Paper,52.35,WEST,549.41,2013,Qtr 2,May,3,Regular Air,9.03,California,18.97,1
San Diego,2498,Arlene Long,Small Business,0,William,Low,2013,Qtr 2,May,4,1,Office Supplies,Large Box,Carina Double Wide Media Storage Towers in Natural & Black,Storage & Organization,-846.73,WEST,4340.67,2013,Qtr 2,May,8,Regular Air,35,California,80.98,1
San Francisco,181,Wesley Waller,Corporate,0.07,William,Low,2010,Qtr 4,November,22,1,Office Supplies,Wrap Bag,Newell 323,Pens & Art Supplies,-35.75,WEST,186.59,2010,Qtr 4,November,23,Regular Air,1.57,California,1.68,1
San Francisco,181,Wesley Waller,Corporate,0.07,William,Low,2013,Qtr 4,November,22,1,Office Supplies,Wrap Bag,Riverleaf Stik-Withit® Designer Note Cubes®,Paper,78.05,WEST,933.07,2013,Qtr 4,November,22,Regular Air,2.06,California,10.06,1
San Francisco,181,Wesley Waller,Corporate,0.01,William,Medium,2013,Qtr 4,December,23,1,Furniture,Jumbo Drum,Global Deluxe Office Fabric Chairs,Chairs & Chairmats,-768.14,WEST,9095.8,2013,Qtr 4,December,24,Delivery Truck,58.2,California,95.98,1
San Francisco,181,Wesley Waller,Small Business,0.02,William,Low,2010,Qtr 1,February,21,1,Technology,Small Box,Zoom V.92 USB External Faxmodem,Computer Peripherals,-76.89,WEST,901.81,2010,Qtr 1,February,21,Regular Air,19.99,California,49.99,1
San Francisco,181,Wesley Waller,Small Business,0.02,William,Low,2011,Qtr 1,March,19,1,Office Supplies,Wrap Bag,White GlueTop Scratch Pads,Paper,143.23,WEST,345.69,2011,Qtr 1,March,21,Regular Air,1.97,California,15.04,1
San Francisco,181,Wesley Waller,Small Business,0.09,William,Low,2011,Qtr 4,November,3,1,Technology,Jumbo Drum,"Hewlett-Packard Business Color Inkjet 3000 [N, DTN] Series Printers",Office Machines,-1748.3433,WEST,2383.74,2011,Qtr 4,November,4,Delivery Truck,55.3,California,808.49,1
San Francisco,181,Wesley Waller,Small Business,0.02,William,Low,2012,Qtr 1,January,16,1,Office Supplies,Small Box,Avery 487,Labels,6.168000000000001,WEST,49.43,2012,Qtr 1,January,16,Regular Air,0.5,California,3.69,1
San Francisco,181,Wesley Waller,Small Business,0.08,William,Low,2012,Qtr 1,March,21,1,Office Supplies,Small Box,Avery 494,Labels,35.92,WEST,125.43,2012,Qtr 1,March,23,Regular Air,0.5,California,2.61,1
San Francisco,1796,Carlos Johnson,Corporate,0.03,William,Low,2011,Qtr 2,April,10,1,Office Supplies,Wrap Bag,Staples Bulldog Clip,Rubber Bands,11.743799999999998,WEST,17.02,2011,Qtr 2,April,15,Express Air,0.71,California,3.78,1
San Francisco,1796,Carlos Johnson,Corporate,0.09,William,Low,2011,Qtr 2,April,10,1,Office Supplies,Wrap Bag,"Wirebound Service Call Books, 5 1/2"" x 4""",Paper,64.7772,WEST,93.88,2011,Qtr 2,April,12,Regular Air,2.03,California,9.68,1
San Francisco,1796,Carlos Johnson,Corporate,0.01,William,Low,2011,Qtr 3,September,26,1,Office Supplies,Small Box,"Manila Recycled Extra-Heavyweight Clasp Envelopes, 6"" x 9""",Envelopes,37.9,WEST,132.66,2011,Qtr 3,September,27,Regular Air,4.8,California,10.98,1
San Francisco,1796,Carlos Johnson,Corporate,0.03,William,Low,2011,Qtr 4,October,16,1,Office Supplies,Small Box,Ibico Hi-Tech Manual Binding System,Binders and Binder Accessories,3189.1247999999996,WEST,4621.92,2011,Qtr 4,October,20,Express Air,19.99,California,304.99,1
San Francisco,1796,Carlos Johnson,Corporate,0.05,William,Low,2013,Qtr 1,March,23,1,Furniture,Jumbo Box,"Sauder Forest Hills Library, Woodland Oak Finish",Bookcases,-427.99,WEST,1263.15,2013,Qtr 1,March,25,Delivery Truck,36.09,California,140.98,1
San Francisco,1796,Carlos Johnson,Corporate,0.01,William,Low,2013,Qtr 1,March,23,1,Office Supplies,Small Box,GBC DocuBind 200 Manual Binding Machine,Binders and Binder Accessories,2326.2452999999996,WEST,3371.37,2013,Qtr 1,March,25,Express Air,19.99,California,420.98,1
San Francisco,1796,Carlos Johnson,Corporate,0.05,William,Low,2013,Qtr 1,March,23,1,Technology,Jumbo Box,Okidata Pacemark 4410N Wide Format Dot Matrix Printer,Office Machines,-7961.430899999999,WEST,3360.3,2013,Qtr 1,March,24,Delivery Truck,8.73,California,3502.14,1
San Francisco,1796,Carlos Johnson,Corporate,0.07,William,Low,2013,Qtr 1,March,23,1,Technology,Wrap Bag,Accessory41,Telephones and Communication,-17.413,WEST,92,2013,Qtr 1,March,26,Regular Air,5.99,California,35.99,1
San Francisco,1796,Carlos Johnson,Corporate,0.08,William,Low,2013,Qtr 2,May,11,1,Technology,Large Box,Canon Image Class D660 Copier,Copiers and Fax,-1352.68,WEST,1126.06,2013,Qtr 2,May,12,Regular Air,24.49,California,599.99,1
San Francisco,1796,Carlos Johnson,Corporate,0.08,William,Low,2013,Qtr 2,May,11,1,Technology,Small Box,Talkabout T8367,Telephones and Communication,156.114,WEST,444.08,2013,Qtr 2,May,13,Regular Air,8.99,California,65.99,1
San Francisco,1796,Carlos Johnson,Corporate,0.03,William,Low,2013,Qtr 4,October,23,1,Office Supplies,Small Box,"#10 White Business Envelopes,4 1/8 x 9 1/2",Envelopes,12.5,WEST,48.34,2013,Qtr 4,October,24,Regular Air,1.39,California,15.67,1
San Francisco,1796,Carlos Johnson,Corporate,0.1,William,Low,2013,Qtr 4,December,17,1,Office Supplies,Small Box,Kensington 4 Outlet MasterPiece® Compact Power Control Center,Appliances,320.12032,WEST,522.56,2013,Qtr 4,December,19,Regular Air,0.99,California,81.32,1
San Francisco,1796,Carlos Johnson,Small Business,0.07,William,Low,2013,Qtr 3,August,2,1,Furniture,Jumbo Box,"Bush Westfield Collection Bookcases, Fully Assembled",Bookcases,-83.55344000000001,WEST,888.48,2013,Qtr 3,August,7,Delivery Truck,35.84,California,100.98,1
San Francisco,1796,Carlos Johnson,Small Business,0.01,William,Low,2013,Qtr 3,August,2,1,Furniture,Jumbo Box,"Hon Metal Bookcases, Black",Bookcases,162.50135999999998,WEST,1858.23,2013,Qtr 3,August,7,Delivery Truck,26.74,California,70.98,1
San Francisco,1796,Carlos Johnson,Small Business,0.05,William,Low,2013,Qtr 3,August,2,1,Furniture,Large Box,"Lesro Round Back Collection Coffee Table, End Table",Tables,-249.98192000000006,WEST,1491.25,2013,Qtr 3,August,4,Regular Air,69,California,182.55,1
San Francisco,1836,Dwight Albright Huffman,Corporate,0.01,William,Low,2010,Qtr 4,October,19,1,Technology,Small Box,CF 688,Telephones and Communication,-219.07908,WEST,675.83,2010,Qtr 4,October,20,Express Air,8.99,California,155.99,1
San Francisco,1836,Dwight Albright Huffman,Corporate,0.08,William,Low,2013,Qtr 1,February,26,1,Office Supplies,Small Box,Fellowes PB300 Plastic Comb Binding Machine,Binders and Binder Accessories,2844.7182,WEST,4122.78,2013,Qtr 1,March,1,Regular Air,19.99,California,387.99,1
San Francisco,1836,Dwight Albright Huffman,Corporate,0.06,William,Low,2013,Qtr 2,April,4,1,Technology,Small Pack,"80 Minute CD-R Spindle, 100/Pack - Staples",Computer Peripherals,-69.84,WEST,74.96,2013,Qtr 2,April,6,Regular Air,1.99,California,39.48,1
San Francisco,1836,Dwight Albright Huffman,Corporate,0.05,William,Medium,2011,Qtr 1,January,9,1,Technology,Large Box,Canon Image Class D660 Copier,Copiers and Fax,5049.8892,WEST,7318.68,2011,Qtr 1,January,13,Regular Air,24.49,California,599.99,1
San Francisco,1836,Dwight Albright Huffman,Home Office,0.03,William,Low,2011,Qtr 1,March,25,1,Office Supplies,Small Box,Xerox 1897,Paper,-102.36,WEST,40.5,2011,Qtr 1,March,28,Regular Air,6.07,California,4.98,1
San Francisco,1836,Dwight Albright Huffman,Home Office,0.06,William,Low,2012,Qtr 4,December,10,1,Furniture,Jumbo Drum,Office Star - Professional Matrix Back Chair with 2-to-1 Synchro Tilt and Mesh Fabric Seat,Chairs & Chairmats,2863.545,WEST,4291.43,2012,Qtr 4,December,11,Delivery Truck,30,California,350.98,1
San Francisco,1836,Dwight Albright Huffman,Home Office,0.08,William,Low,2013,Qtr 1,March,27,1,Furniture,Small Box,"Deflect-o SuperTray™ Unbreakable Stackable Tray, Letter, Black",Office Furnishings,61.0719,WEST,88.51,2013,Qtr 1,March,28,Regular Air,8.55,California,29.18,1
San Francisco,3196,Rick Foster Hawkins,Home Office,0.03,William,Low,2011,Qtr 4,October,7,1,Office Supplies,Small Box,Eureka Disposable Bags for Sanitaire® Vibra Groomer I® Upright Vac,Appliances,-308.53200000000004,WEST,358.93,2011,Qtr 4,October,8,Regular Air,6.89,California,4.06,1
San Francisco,3196,Rick Foster Hawkins,Home Office,0.01,William,Low,2011,Qtr 4,October,7,1,Office Supplies,Small Box,"Peel & Seel® Recycled Catalog Envelopes, Brown",Envelopes,1.528,WEST,585.62,2011,Qtr 4,October,9,Regular Air,6.97,California,11.58,1
San Francisco,3196,Rick Foster Hawkins,Home Office,0.03,William,Low,2011,Qtr 4,October,7,1,Technology,Small Box,AT&T 2230 Dual Handset Phone With Caller ID/Call Waiting,Office Machines,153.864,WEST,3356.48,2011,Qtr 4,October,8,Regular Air,19.99,California,99.99,1
San Francisco,3196,Rick Foster Hawkins,Home Office,0.01,William,Low,2012,Qtr 2,April,11,1,Furniture,Jumbo Box,O'Sullivan 2-Shelf Heavy-Duty Bookcases,Bookcases,-1414.41,WEST,2041.6,2012,Qtr 2,April,13,Delivery Truck,54.11,California,48.58,1
San Francisco,3196,Rick Foster Hawkins,Home Office,0.04,William,Low,2012,Qtr 2,April,11,1,Furniture,Medium Box,"Tenex 46"" x 60"" Computer Anti-Static Chairmat, Rectangular Shaped",Office Furnishings,950.68,WEST,4135.88,2012,Qtr 2,April,14,Express Air,13.99,California,105.98,1
San Francisco,3196,Rick Foster Hawkins,Home Office,0.09,William,Low,2012,Qtr 2,April,11,1,Office Supplies,Wrap Bag,"Wirebound Message Books, 2 7/8"" x 5"", 3 Forms per Page",Paper,-5.41,WEST,28.05,2012,Qtr 2,April,12,Regular Air,2.17,California,7.04,1
San Francisco,3196,Rick Foster Hawkins,Home Office,0.03,William,Medium,2010,Qtr 3,August,2,1,Technology,Jumbo Drum,Hewlett-Packard Deskjet 6122 Color Inkjet Printer,Office Machines,1951.3,WEST,8717.75,2010,Qtr 3,August,3,Delivery Truck,15.59,California,200.97,1
San Gabriel,5,Ronnie Proctor,Home Office,0.08,William,Low,2012,Qtr 2,May,12,1,Office Supplies,Small Box,Xerox 1930,Paper,-141.26,WEST,113.25,2012,Qtr 2,May,21,Regular Air,6.81,California,6.48,1
San Gabriel,5,Ronnie Proctor,Home Office,0.02,William,Medium,2010,Qtr 4,December,13,1,Furniture,Jumbo Drum,Global Troy™ Executive Leather Low-Back Tilter,Chairs & Chairmats,4390.3665,WEST,6362.85,2010,Qtr 4,December,15,Delivery Truck,26,California,500.98,1
San Gabriel,1837,Herbert Williamson,Corporate,0.01,William,Low,2010,Qtr 4,October,19,1,Office Supplies,Small Box,Xerox 1983,Paper,-18.8784,WEST,28,2010,Qtr 4,October,21,Regular Air,5.46,California,5.98,1
San Gabriel,1837,Herbert Williamson,Corporate,0.07,William,Low,2011,Qtr 3,July,3,1,Office Supplies,Wrap Bag,Standard Line™ “While You Were Out” Hardbound Telephone Message Book,Paper,-8.88,WEST,29.99,2011,Qtr 3,July,5,Regular Air,8.32,California,21.98,1
San Gabriel,1837,Herbert Williamson,Home Office,0.1,William,Low,2012,Qtr 3,July,10,1,Office Supplies,Small Box,"GBC White Gloss Covers, Plain Front",Binders and Binder Accessories,23.9615,WEST,114.75,2012,Qtr 3,July,14,Regular Air,6.46,California,14.48,1
San Gabriel,1837,Herbert Williamson,Home Office,0.09,William,Low,2012,Qtr 3,July,10,1,Office Supplies,Wrap Bag,"Quartet Omega® Colored Chalk, 12/Pack",Pens & Art Supplies,14.46,WEST,21.59,2012,Qtr 3,July,15,Regular Air,1,California,5.84,1
San Gabriel,1837,Herbert Williamson,Home Office,0.09,William,Low,2013,Qtr 2,June,9,1,Furniture,Small Box,12-1/2 Diameter Round Wall Clock,Office Furnishings,31.524,WEST,177.39,2013,Qtr 2,June,10,Regular Air,10.49,California,19.98,1
San Jose,6,Dwight Hwang,Home Office,0.01,William,Low,2011,Qtr 2,May,26,1,Office Supplies,Small Box,Kensington 6 Outlet MasterPiece® HOMEOFFICE Power Control Center,Appliances,1045.4673,WEST,1515.17,2011,Qtr 2,May,26,Regular Air,0.99,California,90.24,1
San Jose,6,Dwight Hwang,Home Office,0.07,William,Low,2012,Qtr 4,December,29,1,Office Supplies,Small Box,Xerox 21,Paper,-13.86,WEST,28.61,2012,Qtr 4,December,31,Regular Air,6.6,California,6.48,1
San Jose,6,Dwight Hwang,Home Office,0.01,William,Low,2012,Qtr 4,December,29,1,Office Supplies,Wrap Bag,*Staples* Highlighting Markers,Pens & Art Supplies,57.5805,WEST,83.45,2012,Qtr 4,December,31,Regular Air,0.71,California,4.84,1
San Jose,6,Dwight Hwang,Home Office,0.1,William,Low,2012,Qtr 4,December,29,1,Technology,Wrap Bag,Accessory34,Telephones and Communication,1176.5051999999998,WEST,1705.08,2012,Qtr 4,December,31,Regular Air,0.99,California,85.99,1
San Jose,274,Valerie Rice,Corporate,0.06,William,Low,2012,Qtr 1,February,13,1,Furniture,Jumbo Box,"Bush Westfield Collection Bookcases, Dark Cherry Finish, Fully Assembled",Bookcases,-1231.98,WEST,783.96,2012,Qtr 1,February,14,Delivery Truck,57.38,California,100.98,1
San Jose,274,Valerie Rice,Corporate,0.09,William,Low,2013,Qtr 2,May,24,1,Office Supplies,Wrap Bag,Staples Metal Binder Clips,Rubber Bands,6.46,WEST,12.77,2013,Qtr 2,May,26,Regular Air,0.8,California,2.62,1
San Luis Obispo,417,Mike Pollard,Small Business,0.1,William,Low,2012,Qtr 1,March,16,1,Office Supplies,Small Box,Hanging Personal Folder File,Storage & Organization,-156.76,WEST,108.13,2012,Qtr 1,March,16,Regular Air,11.25,California,15.7,1
San Luis Obispo,417,Mike Pollard,Small Business,0.07,William,Low,2012,Qtr 3,August,4,1,Office Supplies,Wrap Bag,Assorted Color Push Pins,Rubber Bands,-1.3624,WEST,5.58,2012,Qtr 3,August,5,Regular Air,0.75,California,1.81,1
San Luis Obispo,417,Mike Pollard,Small Business,0.02,William,Low,2012,Qtr 3,August,4,1,Office Supplies,Wrap Bag,Newell 343,Pens & Art Supplies,18.7812,WEST,62.36,2012,Qtr 3,August,6,Express Air,0.96,California,2.94,1
San Luis Obispo,417,Mike Pollard,Small Business,0.04,William,Low,2013,Qtr 3,July,20,1,Furniture,Large Box,Luxo Professional Fluorescent Magnifier Lamp with Clamp-Mount Base,Office Furnishings,600.231,WEST,869.9,2013,Qtr 3,July,29,Regular Air,21.21,California,209.84,1
San Luis Obispo,417,Mike Pollard,Small Business,0.01,William,Low,2013,Qtr 3,July,20,1,Office Supplies,Small Box,Avery 506,Labels,21.452099999999998,WEST,31.09,2013,Qtr 3,July,27,Regular Air,0.5,California,4.13,1
San Luis Obispo,417,Mike Pollard,Small Business,0.04,William,Low,2013,Qtr 3,August,14,1,Office Supplies,Small Box,Cardinal Poly Pocket Divider Pockets for Ring Binders,Binders and Binder Accessories,-10.839348000000001,WEST,13.54,2013,Qtr 3,August,16,Regular Air,6.27,California,3.36,1
San Mateo,418,Lester Cho,Small Business,0.04,William,Low,2011,Qtr 1,January,17,1,Office Supplies,Small Pack,"Acme Hot Forged Carbon Steel Scissors with Nickel-Plated Handles, 3 7/8"" Cut, 8""L","Scissors, Rulers and Trimmers",-101.122,WEST,140.63,2011,Qtr 1,January,18,Regular Air,7.59,California,13.9,1
San Mateo,418,Lester Cho,Small Business,0,William,Low,2011,Qtr 2,May,13,1,Office Supplies,Small Box,Xerox 197,Paper,65.01,WEST,489.69,2011,Qtr 2,May,17,Regular Air,17.08,California,30.98,1
San Mateo,418,Lester Cho,Small Business,0.04,William,Low,2011,Qtr 2,May,13,1,Technology,Jumbo Drum,Okidata ML184 Turbo Dot Matrix Printers,Office Machines,1494.01,WEST,2760.4,2011,Qtr 2,May,20,Delivery Truck,26.53,California,306.14,1
San Mateo,418,Lester Cho,Small Business,0.03,William,Low,2011,Qtr 4,October,10,1,Office Supplies,Small Box,Xerox 1920,Paper,-36.666000000000004,WEST,28.58,2011,Qtr 4,October,15,Regular Air,7.5,California,5.98,1
San Ramon,430,Harvey Barrett,Corporate,0.03,William,Low,2012,Qtr 3,September,3,1,Office Supplies,Large Box,Honeywell Enviracaire® Portable Air Cleaner for up to 8 x 10 Room,Appliances,541.92,WEST,1813.68,2012,Qtr 3,September,4,Regular Air,19.95,California,76.72,1
San Ramon,430,Harvey Barrett,Corporate,0.1,William,Low,2012,Qtr 3,September,3,1,Office Supplies,Small Box,Staples® General Use 3-Ring Binders,Binders and Binder Accessories,-15.1225,WEST,26.06,2012,Qtr 3,September,5,Regular Air,1.49,California,1.88,1
San Ramon,430,Harvey Barrett,Small Business,0,William,Low,2011,Qtr 4,November,5,1,Office Supplies,Small Box,Avery Self-Adhesive Photo Pockets for Polaroid Photos,Binders and Binder Accessories,7.440500000000007,WEST,192.28,2011,Qtr 4,November,6,Regular Air,5.48,California,6.81,1
San Ramon,430,Harvey Barrett,Small Business,0.02,William,Low,2013,Qtr 2,May,5,1,Furniture,Jumbo Drum,Office Star - Task Chair with Contemporary Loop Arms,Chairs & Chairmats,195.04,WEST,1493.63,2013,Qtr 2,May,5,Delivery Truck,30,California,90.98,1
San Ramon,430,Harvey Barrett,Small Business,0.09,William,Low,2013,Qtr 2,June,1,1,Office Supplies,Small Box,"Mead 1st Gear 2"" Zipper Binder, Asst. Colors",Binders and Binder Accessories,136.8132,WEST,198.28,2013,Qtr 2,June,8,Regular Air,1.49,California,12.97,1
San Ramon,430,Harvey Barrett,Small Business,0.06,William,Low,2013,Qtr 2,June,1,1,Technology,Small Pack,Fuji Slim Jewel Case CD-R,Computer Peripherals,-20.52,WEST,22.76,2013,Qtr 2,June,6,Express Air,1.99,California,2.12,1
Sanford,3155,Julian Keith Mayer,Consumer,0.05,Sam,Low,2010,Qtr 4,October,19,1,Technology,Small Box,Gyration RF Keyboard,Computer Peripherals,12.264000000000001,SOUTH,3600.65,2010,Qtr 4,October,21,Regular Air,5.5,Florida,159.99,1
Sanford,3155,Julian Keith Mayer,Consumer,0.02,Sam,Low,2012,Qtr 1,February,26,1,Office Supplies,Small Box,Ibico Laser Imprintable Binding System Covers,Binders and Binder Accessories,0.852,SOUTH,107.31,2012,Qtr 1,February,26,Regular Air,16.11,Florida,52.4,1
Sanford,3155,Julian Keith Mayer,Corporate,0.02,Sam,Low,2010,Qtr 1,January,20,1,Office Supplies,Small Box,"Fellowes Smart Surge Ten-Outlet Protector, Platinum",Appliances,-193.914,SOUTH,541.76,2010,Qtr 1,January,21,Regular Air,3.5,Florida,60.22,1
Sanford,3155,Julian Keith Mayer,Corporate,0.03,Sam,Low,2010,Qtr 1,January,26,1,Furniture,Jumbo Drum,"Global Stack Chair without Arms, Black",Chairs & Chairmats,57.546,SOUTH,107.66,2010,Qtr 1,January,27,Delivery Truck,14.36,Florida,25.98,1
Sanford,3155,Julian Keith Mayer,Corporate,0.1,Sam,Low,2010,Qtr 1,January,26,1,Office Supplies,Large Box,Fellowes Neat Ideas® Storage Cubes,Storage & Organization,-333.4254,SOUTH,318.83,2010,Qtr 1,January,27,Regular Air,35,Florida,32.48,1
Sanford,3155,Julian Keith Mayer,Corporate,0.07,Sam,Low,2013,Qtr 3,August,12,1,Office Supplies,Small Box,"White Dual Perf Computer Printout Paper, 2700 Sheets, 1 Part, Heavyweight, 20 lbs., 14 7/8 x 11",Paper,6.48,SOUTH,1020.2,2013,Qtr 3,August,14,Regular Air,19.99,Florida,40.99,1
Santa Ana,431,Claude Meyer,Corporate,0.03,William,Low,2012,Qtr 4,December,3,1,Technology,Small Box,252,Telephones and Communication,671.8598999999999,WEST,973.71,2012,Qtr 4,December,10,Regular Air,5.92,California,65.99,1
Santa Ana,431,Claude Meyer,Small Business,0.1,William,Low,2012,Qtr 4,November,21,1,Office Supplies,Small Box,Surelock™ Post Binders,Binders and Binder Accessories,62.34580000000001,WEST,147.15,2012,Qtr 4,November,22,Regular Air,2.99,California,30.56,1
Santa Ana,431,Claude Meyer,Small Business,0,William,Low,2012,Qtr 4,November,21,1,Technology,Small Box,Keytronic 105-Key Spanish Keyboard,Computer Peripherals,34.73200000000003,WEST,972.26,2012,Qtr 4,November,22,Regular Air,12.14,California,73.98,1
Santa Ana,542,Jim Shah,Home Office,0.03,William,Low,2011,Qtr 2,May,10,1,Furniture,Jumbo Box,Hon 61000 Series Interactive Training Tables,Tables,-1052.79,WEST,439.7,2011,Qtr 2,May,11,Delivery Truck,46.59,California,44.43,1
Santa Ana,542,Jim Shah,Home Office,0.05,William,Low,2012,Qtr 1,March,3,1,Technology,Wrap Bag,Accessory25,Telephones and Communication,150.16469999999998,WEST,217.63,2012,Qtr 1,March,5,Regular Air,0.99,California,20.99,1
Santa Ana,542,Jim Shah,Home Office,0.1,William,Low,2012,Qtr 3,July,14,1,Technology,Small Box,Logitech Access Keyboard,Computer Peripherals,-47.36,WEST,30.67,2012,Qtr 3,July,19,Regular Air,4,California,15.98,1
Santa Ana,542,Jim Shah,Home Office,0,William,Low,2012,Qtr 4,December,21,1,Office Supplies,Wrap Bag,Prang Drawing Pencil Set,Pens & Art Supplies,17.115000000000002,WEST,57.72,2012,Qtr 4,December,23,Regular Air,1.34,California,2.78,1
Santa Barbara,543,Theodore Goldstein,Home Office,0.03,William,Low,2012,Qtr 2,June,3,1,Office Supplies,Small Box,Brown Kraft Recycled Envelopes,Envelopes,-18.48,WEST,29.19,2012,Qtr 2,June,5,Regular Air,12.39,California,16.98,1
Santa Barbara,543,Theodore Goldstein,Home Office,0,William,Low,2013,Qtr 4,November,22,1,Technology,Small Box,TimeportP7382,Telephones and Communication,195.991488,WEST,2033.98,2013,Qtr 4,November,29,Express Air,8.99,California,205.99,1
Santa Clara,544,Doris Starr,Home Office,0.08,William,Low,2011,Qtr 3,July,27,1,Office Supplies,Wrap Bag,Newell 307,Pens & Art Supplies,-8.95,WEST,22.67,2011,Qtr 3,July,28,Regular Air,0.83,California,1.82,1
Santa Clara,544,Doris Starr,Home Office,0.03,William,Low,2012,Qtr 2,June,3,1,Office Supplies,Medium Box,Holmes Harmony HEPA Air Purifier for 17 x 20 Room,Appliances,615.5559,WEST,892.11,2012,Qtr 2,June,5,Express Air,11.79,California,225.04,1
Santa Clara,544,Doris Starr,Home Office,0.05,William,Low,2012,Qtr 2,June,3,1,Technology,Medium Box,"Sharp EL501VB Scientific Calculator, Battery Operated, 10-Digit Display, Hard Case",Office Machines,-35.44032,WEST,155.59,2012,Qtr 2,June,8,Regular Air,5.76,California,9.49,1
Santa Clara,544,Doris Starr,Home Office,0.03,William,Low,2013,Qtr 3,July,27,1,Office Supplies,Small Box,Avery 508,Labels,1.4144,WEST,5.05,2013,Qtr 3,July,29,Regular Air,0.5,California,4.91,1
Santa Clara,544,Doris Starr,Home Office,0,William,Low,2013,Qtr 4,October,9,1,Office Supplies,Wrap Bag,"Adams Write n' Stick Phone Message Book, 11"" X 5 1/4"", 200 Messages",Paper,74.83,WEST,122.43,2013,Qtr 4,October,9,Regular Air,1.46,California,5.68,1
Santa Clara,544,Doris Starr,Home Office,0.02,William,Low,2013,Qtr 4,October,9,1,Office Supplies,Wrap Bag,"Staples Wirebound Steno Books, 6"" x 9"", 12/Pack",Paper,83.16,WEST,133,2013,Qtr 4,October,11,Regular Air,2.27,California,10.14,1
Santa Clara,637,Christopher Bryant,Consumer,0.06,William,Low,2010,Qtr 1,March,20,1,Furniture,Jumbo Box,Rush Hierlooms Collection Rich Wood Bookcases,Bookcases,-229.68,WEST,1232.01,2010,Qtr 1,March,24,Delivery Truck,35.02,California,160.98,1
Santa Clara,637,Christopher Bryant,Consumer,0.01,William,Low,2011,Qtr 3,August,31,1,Office Supplies,Small Box,Avery 49,Labels,33.603,WEST,48.7,2011,Qtr 3,September,2,Regular Air,0.5,California,2.88,1
Santa Clara,637,Christopher Bryant,Consumer,0.01,William,Low,2011,Qtr 4,November,19,1,Office Supplies,Small Box,Acco Perma® 3000 Stacking Storage Drawers,Storage & Organization,246.88400000000001,WEST,901.89,2011,Qtr 4,November,21,Regular Air,5.42,California,20.98,1
Santa Clara,637,Christopher Bryant,Consumer,0.1,William,Low,2011,Qtr 4,November,19,1,Office Supplies,Wrap Bag,"Ampad® Evidence® Wirebond Steno Books, 6"" x 9""",Paper,16.216000000000008,WEST,32.67,2011,Qtr 4,November,21,Regular Air,7.09,California,2.18,1
Santa Clara,637,Christopher Bryant,Consumer,0.07,William,Low,2011,Qtr 4,December,30,1,Furniture,Jumbo Drum,"Office Star - Contemporary Task Swivel chair with 2-way adjustable arms, Plum",Chairs & Chairmats,-211.885,WEST,2699.94,2012,Qtr 1,January,16,Delivery Truck,30,California,130.98,1
Santa Clara,637,Christopher Bryant,Consumer,0.09,William,Low,2011,Qtr 4,December,30,1,Office Supplies,Small Box,Xerox 1908,Paper,355.01189999999997,WEST,514.51,2012,Qtr 1,January,10,Regular Air,4.86,California,55.98,1
Santa Clara,637,Christopher Bryant,Consumer,0.08,William,Low,2011,Qtr 4,December,30,1,Technology,Small Box,282,Telephones and Communication,1021.4001,WEST,1480.29,2012,Qtr 1,January,27,Regular Air,4.23,California,115.99,1
Santa Clara,637,Christopher Bryant,Consumer,0.01,William,Medium,2012,Qtr 4,November,7,1,Office Supplies,Small Box,Multimedia Mailers,Envelopes,4024.0523999999996,WEST,5831.96,2012,Qtr 4,November,8,Regular Air,19.99,California,162.93,1
Santa Cruz,638,Brooke Shepherd,Consumer,0.06,William,Low,2010,Qtr 2,April,30,1,Technology,Small Box,6120,Telephones and Communication,288.09,WEST,506.38,2010,Qtr 2,May,1,Express Air,8.8,California,65.99,1
Santa Cruz,638,Brooke Shepherd,Consumer,0,William,Low,2010,Qtr 2,April,30,1,Technology,Small Box,KH 688,Telephones and Communication,719.4767999999999,WEST,1042.72,2010,Qtr 2,May,2,Express Air,4.2,California,195.99,1
Santa Cruz,638,Brooke Shepherd,Consumer,0.04,William,Low,2012,Qtr 2,May,3,1,Office Supplies,Wrap Bag,Sanford Pocket Accent® Highlighters,Pens & Art Supplies,-8.44,WEST,15.69,2012,Qtr 2,May,5,Express Air,1.29,California,1.6,1
Santa Cruz,638,Brooke Shepherd,Consumer,0.04,William,Low,2012,Qtr 2,May,3,1,Technology,Small Box,V 3600 Series,Telephones and Communication,398.223,WEST,899.01,2012,Qtr 2,May,4,Regular Air,8.99,California,65.99,1
Santa Cruz,638,Brooke Shepherd,Consumer,0.05,William,Low,2012,Qtr 2,June,12,1,Furniture,Medium Box,DAX Solid Wood Frames,Office Furnishings,8.4,WEST,48.72,2012,Qtr 2,June,19,Regular Air,6.02,California,9.77,1
Santa Maria,639,Lois Rowland,Consumer,0,William,Low,2010,Qtr 1,February,14,1,Furniture,Jumbo Box,Chromcraft Rectangular Conference Tables,Tables,1192.04,WEST,1769.91,2010,Qtr 1,February,15,Delivery Truck,59.24,California,236.97,1
Santa Maria,639,Lois Rowland,Consumer,0.04,William,Low,2013,Qtr 1,February,18,1,Furniture,Jumbo Box,Bush Advantage Collection® Round Conference Table,Tables,-776.72,WEST,513.87,2013,Qtr 1,February,25,Delivery Truck,110.2,California,212.6,1
Santa Maria,639,Lois Rowland,Consumer,0.1,William,Low,2013,Qtr 1,February,18,1,Technology,Small Pack,Accessory36,Telephones and Communication,-300.388,WEST,46.67,2013,Qtr 1,February,18,Regular Air,5,California,55.99,1
Santa Maria,700,Joseph Grossman,Consumer,0.1,William,Low,2010,Qtr 4,November,20,1,Office Supplies,Wrap Bag,"Dixon Prang® Watercolor Pencils, 10-Color Set with Brush",Pens & Art Supplies,33.924,WEST,87.89,2010,Qtr 4,November,21,Regular Air,1.2,California,4.26,1
Santa Monica,701,Christine Gardner,Consumer,0.05,William,Low,2011,Qtr 3,July,9,1,Furniture,Large Box,"Lesro Sheffield Collection Coffee Table, End Table, Center Table, Corner Table",Tables,-1730.3,WEST,719.95,2011,Qtr 3,July,9,Regular Air,69,California,71.37,1
Santa Monica,701,Christine Gardner,Consumer,0.04,William,Low,2011,Qtr 3,July,9,1,Office Supplies,Wrap Bag,Standard Line™ “While You Were Out” Hardbound Telephone Message Book,Paper,40.11,WEST,107.81,2011,Qtr 3,July,10,Regular Air,8.32,California,21.98,1
Santa Monica,701,Christine Gardner,Consumer,0.04,William,Low,2012,Qtr 2,May,5,1,Office Supplies,Small Box,Vinyl Sectional Post Binders,Binders and Binder Accessories,56.890499999999996,WEST,82.45,2012,Qtr 2,May,7,Express Air,2.99,California,37.7,1
Santa Monica,701,Christine Gardner,Consumer,0.09,William,Low,2012,Qtr 4,December,6,1,Office Supplies,Large Box,Safco Industrial Wire Shelving,Storage & Organization,-252.845,WEST,866.55,2012,Qtr 4,December,8,Regular Air,35,California,95.99,1
Santa Monica,701,Christine Gardner,Consumer,0.02,William,Low,2012,Qtr 4,December,6,1,Technology,Small Box,SC7868i,Telephones and Communication,1228.1654999999998,WEST,1779.95,2012,Qtr 4,December,6,Regular Air,8.99,California,125.99,1
Santa Monica,701,Christine Gardner,Consumer,0.04,William,Low,2013,Qtr 4,December,13,1,Furniture,Jumbo Box,Hon iLevel™ Computer Training Table,Tables,-42.49391999999999,WEST,67.96,2013,Qtr 4,December,15,Delivery Truck,45.51,California,31.76,1
Santa Rosa,702,Kelly O'Connor,Consumer,0.03,William,Low,2010,Qtr 2,April,23,1,Office Supplies,Small Box,Xerox 1954,Paper,-16.67,WEST,6.5,2010,Qtr 2,April,24,Regular Air,5.61,California,5.28,1
Santa Rosa,702,Kelly O'Connor,Consumer,0.1,William,Low,2010,Qtr 2,June,30,1,Office Supplies,Small Box,Filing/Storage Totes and Swivel Casters,Storage & Organization,-95.816,WEST,67.91,2010,Qtr 3,July,3,Regular Air,9.45,California,9.71,1
Santa Rosa,702,Kelly O'Connor,Consumer,0.09,William,Low,2010,Qtr 2,June,30,1,Office Supplies,Wrap Bag,"*Staples* vLetter Openers, 2/Pack","Scissors, Rulers and Trimmers",-17.528,WEST,20.79,2010,Qtr 3,July,1,Regular Air,1.32,California,3.68,1
Santa Rosa,702,Kelly O'Connor,Consumer,0.01,William,Low,2010,Qtr 2,June,30,1,Office Supplies,Wrap Bag,"Staples Vinyl Coated Paper Clips, 800/Box",Rubber Bands,46.440000000000005,WEST,68.56,2010,Qtr 3,July,1,Regular Air,2.82,California,7.89,1
Santa Rosa,702,Kelly O'Connor,Consumer,0.07,William,Low,2012,Qtr 3,August,6,1,Technology,Small Pack,"DS/HD IBM Formatted Diskettes, 10/Pack - Staples",Computer Peripherals,-19.9888,WEST,16.72,2012,Qtr 3,August,8,Regular Air,4.32,California,4.98,1
Santa Rosa,702,Kelly O'Connor,Consumer,0.01,William,Low,2012,Qtr 4,December,25,1,Furniture,Jumbo Drum,Hon Valutask™ Swivel Chairs,Chairs & Chairmats,-296.9,WEST,2437.28,2012,Qtr 4,December,27,Delivery Truck,45,California,100.98,1
Santa Rosa,702,Kelly O'Connor,Consumer,0.08,William,Low,2012,Qtr 4,December,25,1,Office Supplies,Small Box,Avery 510,Labels,41.8623,WEST,60.67,2012,Qtr 4,December,27,Regular Air,0.5,California,3.75,1
Sarasota,3081,Constance Ivey,Home Office,0.05,Sam,Low,2011,Qtr 3,August,20,1,Technology,Medium Box,Bell Sonecor JB700 Caller ID,Telephones and Communication,-238.74620000000004,SOUTH,129.38,2011,Qtr 3,August,20,Regular Air,5.03,Florida,7.99,1
Sarasota,3081,Constance Ivey,Home Office,0.1,Sam,Low,2012,Qtr 4,October,21,1,Technology,Small Box,PC Concepts 116 Key Quantum 3000 Keyboard,Computer Peripherals,-628.0400000000001,SOUTH,614.13,2012,Qtr 4,October,23,Regular Air,5.5,Florida,32.98,1
Sarasota,3081,Constance Ivey,Home Office,0.01,Sam,Low,2013,Qtr 1,January,26,1,Office Supplies,Wrap Bag,Sanford Pocket Accent® Highlighters,Pens & Art Supplies,1025.3039999999999,SOUTH,20.7,2013,Qtr 1,January,30,Regular Air,1.29,Florida,1.6,1
Sarasota,3081,Constance Ivey,Home Office,0.08,Sam,Low,2013,Qtr 1,January,26,1,Technology,Jumbo Drum,Epson LQ-570e Dot Matrix Printer,Office Machines,-51.058,SOUTH,258.8,2013,Qtr 1,February,2,Delivery Truck,28.06,Florida,270.97,1
Sarasota,3081,Constance Ivey,Home Office,0.05,Sam,Low,2013,Qtr 2,May,18,1,Furniture,Jumbo Drum,"Global Stack Chair without Arms, Black",Chairs & Chairmats,4.644,SOUTH,377.85,2013,Qtr 2,May,19,Delivery Truck,14.36,Florida,25.98,1
Sarasota,3091,Norman Maxwell,Corporate,0.02,Sam,Low,2012,Qtr 2,May,28,1,Office Supplies,Small Box,Avery 52,Labels,-87.402,SOUTH,67.18,2012,Qtr 2,May,30,Express Air,0.5,Florida,3.69,1
Sarasota,3156,Norman Ward,Consumer,0.03,Sam,Low,2012,Qtr 1,January,19,1,Technology,Wrap Bag,Accessory21,Telephones and Communication,1652.4969,SOUTH,69.22,2012,Qtr 1,January,21,Regular Air,0.99,Florida,20.99,1
Sarasota,3156,Norman Ward,Consumer,0.07,Sam,Low,2012,Qtr 1,February,26,1,Office Supplies,Small Box,Xerox 198,Paper,348.198,SOUTH,21.86,2012,Qtr 1,February,27,Regular Air,8.33,Florida,4.98,1
Sarasota,3156,Norman Ward,Consumer,0.1,Sam,Low,2013,Qtr 4,December,12,1,Furniture,Jumbo Drum,Novimex Swivel Fabric Task Chair,Chairs & Chairmats,89.69879999999999,SOUTH,2983.03,2013,Qtr 4,December,14,Delivery Truck,30,Florida,150.98,1
Sarasota,3156,Norman Ward,Corporate,0.09,Sam,Low,2012,Qtr 3,July,18,1,Technology,Small Box,T39m,Telephones and Communication,-171.6638,SOUTH,1599.93,2012,Qtr 3,July,20,Regular Air,3.9,Florida,155.99,1
Saratoga,703,Victor Knox,Consumer,0.09,William,Low,2011,Qtr 4,December,15,1,Office Supplies,Wrap Bag,"""While you Were Out"" Message Book, One Form per Page",Paper,-0.53,WEST,22.1,2011,Qtr 4,December,17,Regular Air,1.93,California,3.71,1
Saratoga,945,Stephanie Sun Perry,Home Office,0.03,William,Low,2010,Qtr 3,September,6,1,Office Supplies,Small Box,GBC Wire Binding Strips,Binders and Binder Accessories,-4.300999999999994,WEST,98.7,2010,Qtr 3,September,6,Regular Air,12.62,California,31.74,1
Saratoga,945,Stephanie Sun Perry,Home Office,0.04,William,Low,2011,Qtr 4,November,20,1,Furniture,Large Box,Deflect-o DuraMat Antistatic Studded Beveled Mat for Medium Pile Carpeting,Office Furnishings,930.8168999999999,WEST,1349.01,2011,Qtr 4,November,20,Regular Air,24.49,California,105.34,1
Saratoga,945,Stephanie Sun Perry,Home Office,0.06,William,Low,2012,Qtr 4,November,14,1,Furniture,Small Box,Eldon Expressions Mahogany Wood Desk Collection,Office Furnishings,6.994000000000007,WEST,86.42,2012,Qtr 4,November,14,Regular Air,5.22,California,6.24,1
Saratoga,945,Stephanie Sun Perry,Home Office,0.02,William,Low,2013,Qtr 2,April,7,1,Office Supplies,Wrap Bag,Plymouth Boxed Rubber Bands by Plymouth,Rubber Bands,-7.97,WEST,5.2,2013,Qtr 2,April,8,Regular Air,0.7,California,4.71,1
Saratoga,945,Stephanie Sun Perry,Home Office,0.01,William,Low,2013,Qtr 2,April,10,1,Furniture,Jumbo Box,Bretford CR8500 Series Meeting Room Furniture,Tables,1112.4594,WEST,1612.26,2013,Qtr 2,April,12,Delivery Truck,42.52,California,400.98,1
Sayreville,2607,Jim Day Decker,Corporate,0.04,Erin,Low,2012,Qtr 4,October,5,1,Office Supplies,Small Box,"Tenex Personal Project File with Scoop Front Design, Black",Storage & Organization,-18.3492,EAST,54.28,2012,Qtr 4,October,7,Regular Air,4.51,New Jersey,13.48,1
Scarsdale,3022,Patsy Langley,Corporate,0.06,Erin,Low,2011,Qtr 3,September,17,1,Furniture,Jumbo Box,Bevis 36 x 72 Conference Tables,Tables,-300.854983,EAST,2505.22,2011,Qtr 3,September,19,Delivery Truck,51.94,New York,124.49,1
Scarsdale,3022,Patsy Langley,Corporate,0,Erin,Low,2011,Qtr 3,September,17,1,Office Supplies,Small Box,GBC Imprintable Covers,Binders and Binder Accessories,43.6815,EAST,152.26,2011,Qtr 3,September,19,Regular Air,5.14,New York,10.98,1
Scarsdale,3022,Patsy Langley,Corporate,0.09,Erin,Low,2013,Qtr 1,January,30,1,Technology,Small Pack,Accessory31,Telephones and Communication,-110.27940000000001,EAST,28.4,2013,Qtr 1,February,1,Regular Air,0.99,New York,35.99,1
Scarsdale,3022,Patsy Langley,Corporate,0.05,Erin,Low,2013,Qtr 4,December,29,1,Office Supplies,Small Box,"Avery® Durable Plastic 1"" Binders",Binders and Binder Accessories,-48.63230399999999,EAST,90.9,2013,Qtr 4,December,30,Regular Air,5.83,New York,4.54,1
Schenectady,3092,Eric Dennis,Corporate,0.09,Erin,Low,2011,Qtr 3,July,27,1,Furniture,Jumbo Drum,Hon Comfortask® Task/Swivel Chairs,Chairs & Chairmats,-227.51,EAST,217.44,2011,Qtr 3,July,29,Delivery Truck,30,New York,113.98,1
Schenectady,3092,Eric Dennis,Corporate,0.03,Erin,Low,2012,Qtr 3,September,19,1,Technology,Small Box,Timeport L7089,Telephones and Communication,-126.445,EAST,562.12,2012,Qtr 3,September,21,Express Air,7.69,New York,125.99,1
Schenectady,3092,Eric Dennis,Corporate,0.08,Erin,Low,2012,Qtr 4,October,4,1,Technology,Small Pack,Accessory28,Telephones and Communication,-305.88624000000004,EAST,47.99,2012,Qtr 4,October,6,Regular Air,2.5,New York,55.99,1
Schenectady,3092,Eric Dennis,Corporate,0.05,Erin,Low,2012,Qtr 4,October,4,1,Technology,Small Pack,TDK 4.7GB DVD+RW,Computer Peripherals,-47.9412,EAST,15.85,2012,Qtr 4,October,6,Regular Air,1.99,New York,14.48,1
Schenectady,3092,Eric Dennis,Corporate,0.08,Erin,Low,2013,Qtr 3,July,14,1,Office Supplies,Small Box,Storex DuraTech Recycled Plastic Frosted Binders,Binders and Binder Accessories,-9.418224,EAST,6.65,2013,Qtr 3,July,21,Regular Air,5.41,New York,4.24,1
Schenectady,3092,Eric Dennis,Corporate,0.05,Erin,Low,2013,Qtr 3,September,23,1,Furniture,Jumbo Drum,Office Star - Mid Back Dual function Ergonomic High Back Chair with 2-Way Adjustable Arms,Chairs & Chairmats,683.6184000000001,EAST,3227.3,2013,Qtr 3,September,25,Delivery Truck,30,New York,160.98,1
Scotch Plains,2664,Frank Hartman,Small Business,0.04,Erin,Low,2013,Qtr 3,September,15,1,Office Supplies,Small Box,Xerox 1881,Paper,4.2228,EAST,81.06,2013,Qtr 3,September,17,Express Air,6.47,New Jersey,12.28,1
Scottsdale,811,Brett Sparks,Corporate,0.1,William,Low,2012,Qtr 3,September,9,1,Technology,Small Box,TimeportP7382,Telephones and Communication,501.543,WEST,2048.57,2012,Qtr 3,September,10,Regular Air,8.99,Arizona,205.99,1
Scottsdale,880,Ellen Beck,Small Business,0.07,William,Low,2010,Qtr 1,March,25,1,Office Supplies,Small Box,Staples Standard Envelopes,Envelopes,18.6438,WEST,27.02,2010,Qtr 1,March,27,Regular Air,1.39,Arizona,5.68,1
Scottsdale,880,Ellen Beck,Small Business,0.06,William,Low,2010,Qtr 1,March,25,1,Office Supplies,Small Box,Xerox 1964,Paper,-31.24,WEST,27.67,2010,Qtr 1,March,27,Regular Air,11.54,Arizona,22.84,1
Scottsdale,880,Ellen Beck,Small Business,0.02,William,Low,2012,Qtr 2,May,25,1,Office Supplies,Wrap Bag,"Wirebound Message Books, 5-1/2 x 4 Forms, 2 or 4 Forms per Page",Paper,13.83,WEST,43.25,2012,Qtr 2,May,27,Regular Air,3.1,Arizona,6.69,1
Scottsdale,880,Ellen Beck,Small Business,0.08,William,Low,2013,Qtr 1,March,26,1,Technology,Small Box,Fellowes EZ Multi-Media Keyboard,Computer Peripherals,-138.84,WEST,34.39,2013,Qtr 1,March,29,Regular Air,7.53,Arizona,34.98,1
Scottsdale,880,Ellen Beck,Small Business,0.03,William,Medium,2012,Qtr 2,May,25,1,Technology,Large Box,Canon PC1080F Personal Copier,Copiers and Fax,4770.6945,WEST,6914.05,2012,Qtr 2,May,26,Regular Air,24.49,Arizona,599.99,1
Secaucus,3294,Nina Perkins,Corporate,0.09,Erin,Low,2013,Qtr 2,April,12,1,Office Supplies,Small Box,Kensington 7 Outlet MasterPiece Power Center with Fax/Phone Line Protection,Appliances,1172.4894,EAST,1699.26,2013,Qtr 2,April,12,Regular Air,0.99,New Jersey,207.48,1
Seminole,258,Allan Shields,Consumer,0.05,Sam,Low,2010,Qtr 3,July,2,1,Technology,Small Pack,"Maxell Pro 80 Minute CD-R, 10/Pack",Computer Peripherals,-127.00800000000001,SOUTH,52.47,2010,Qtr 3,July,4,Regular Air,1.99,Florida,17.48,1
Seminole,258,Allan Shields,Consumer,0.08,Sam,Low,2011,Qtr 3,August,18,1,Office Supplies,Small Pack,Boston 1730 StandUp Electric Pencil Sharpener,Pens & Art Supplies,-135.156,SOUTH,63.45,2011,Qtr 3,August,20,Regular Air,8.99,Florida,21.38,1
Seminole,258,Allan Shields,Consumer,0.01,Sam,Low,2011,Qtr 3,August,18,1,Technology,Small Pack,"Imation 3.5"", DISKETTE 44766 HGHLD3.52HD/FM, 10/Pack",Computer Peripherals,17.595,SOUTH,22.62,2011,Qtr 3,August,18,Regular Air,4.62,Florida,4.98,1
Seminole,258,Allan Shields,Consumer,0.01,Sam,Low,2011,Qtr 4,November,17,1,Office Supplies,Wrap Bag,Staples Metal Binder Clips,Rubber Bands,176.65800000000002,SOUTH,83.49,2011,Qtr 4,November,20,Regular Air,0.8,Florida,2.62,1
Seminole,258,Allan Shields,Consumer,0.09,Sam,Low,2013,Qtr 3,July,2,1,Furniture,Jumbo Drum,Novimex Fabric Task Chair,Chairs & Chairmats,25.704,SOUTH,240.63,2013,Qtr 3,July,3,Delivery Truck,30,Florida,60.98,1
Seminole,258,Allan Shields,Corporate,0.04,Sam,Low,2012,Qtr 1,March,10,1,Office Supplies,Small Box,Avery Durable Poly Binders,Binders and Binder Accessories,501.90299999999996,SOUTH,45.81,2012,Qtr 1,March,11,Regular Air,6.98,Florida,5.53,1
Seminole,258,Allan Shields,Corporate,0.1,Sam,Low,2012,Qtr 1,March,10,1,Office Supplies,Small Box,Xerox 1882,Paper,746.886,SOUTH,475.61,2012,Qtr 1,March,11,Regular Air,13.88,Florida,55.98,1
Shirley,3098,Lorraine Boykin,Consumer,0.05,Erin,Low,2010,Qtr 2,April,8,1,Office Supplies,Small Box,Xerox 1932,Paper,240.17519999999996,EAST,348.08,2010,Qtr 2,April,9,Regular Air,5.09,New York,35.44,1
Shirley,3098,Lorraine Boykin,Consumer,0,Erin,Low,2010,Qtr 2,June,17,1,Office Supplies,Medium Box,Harmony HEPA Quiet Air Purifiers,Appliances,-11.248000000000001,EAST,131.69,2010,Qtr 2,June,19,Express Air,6.96,New York,11.7,1
Shirley,3098,Lorraine Boykin,Consumer,0.06,Erin,Low,2010,Qtr 3,August,29,1,Office Supplies,Small Box,Avery 498,Labels,9.611699999999999,EAST,13.93,2010,Qtr 3,August,29,Regular Air,0.5,New York,2.89,1
Shirley,3098,Lorraine Boykin,Consumer,0.02,Erin,Low,2013,Qtr 1,March,17,1,Furniture,Wrap Bag,"Master Giant Foot® Doorstop, Safety Yellow",Office Furnishings,6.0927,EAST,8.83,2013,Qtr 1,March,20,Regular Air,4,New York,7.59,1
Shirley,3098,Lorraine Boykin,Consumer,0.06,Erin,Low,2013,Qtr 1,March,17,1,Office Supplies,Large Box,"Tennsco Snap-Together Open Shelving Units, Starter Sets and Add-On Units",Storage & Organization,406.37,EAST,2562.07,2013,Qtr 1,March,19,Regular Air,35,New York,279.48,1
Shirley,3098,Lorraine Boykin,Consumer,0.09,Erin,Low,2013,Qtr 1,March,17,1,Office Supplies,Wrap Bag,"Wirebound Message Book, 4 per Page",Paper,32.381699999999995,EAST,46.93,2013,Qtr 1,March,19,Regular Air,0.95,New York,5.43,1
Shirley,3098,Lorraine Boykin,Consumer,0.04,Erin,Low,2013,Qtr 4,December,13,1,Office Supplies,Large Box,Sensible Storage WireTech Storage Systems,Storage & Organization,-178.72511999999995,EAST,805.36,2013,Qtr 4,December,14,Regular Air,35,New York,70.98,1
Shirley,3159,Carl Branch,Corporate,0.1,Erin,Low,2011,Qtr 1,January,24,1,Technology,Small Box,2190,Telephones and Communication,363.36132000000003,EAST,589.88,2011,Qtr 1,January,24,Regular Air,5.63,New York,65.99,1
Sierra Vista,881,Jerry Barnes Nelson,Small Business,0.09,William,Low,2011,Qtr 2,May,24,1,Office Supplies,Small Box,Staples Brown Kraft Recycled Clasp Envelopes,Envelopes,-39.67,WEST,40.79,2011,Qtr 2,May,25,Express Air,5.3,Arizona,5.58,1
Sierra Vista,881,Jerry Barnes Nelson,Small Business,0.08,William,Low,2012,Qtr 2,May,7,1,Technology,Medium Box,TI 30X Scientific Calculator,Office Machines,34.63,WEST,207.86,2012,Qtr 2,May,8,Express Air,5.99,Arizona,11.99,1
Sierra Vista,881,Jerry Barnes Nelson,Small Business,0.1,William,Low,2013,Qtr 1,January,2,1,Office Supplies,Small Box,Sterilite Officeware Hinged File Box,Storage & Organization,-114.39,WEST,72.44,2013,Qtr 1,January,3,Regular Air,6.91,Arizona,10.48,1
Sierra Vista,1052,Dennis Barbee Reynolds,Corporate,0.04,William,Low,2012,Qtr 1,February,17,1,Technology,Small Box,Microsoft Natural Keyboard Elite,Computer Peripherals,-79.18,WEST,116.14,2012,Qtr 1,February,19,Regular Air,4,Arizona,39.98,1
Smithtown,15,Timothy Reese,Small Business,0,Erin,Low,2010,Qtr 2,April,8,1,Office Supplies,Small Box,Grip Seal Envelopes,Envelopes,-59.82,EAST,33.47,2010,Qtr 2,April,9,Regular Air,4.99,New York,4.42,1
Smithtown,15,Timothy Reese,Small Business,0.01,Erin,Low,2010,Qtr 2,May,28,1,Office Supplies,Small Box,"Tyvek ® Top-Opening Peel & Seel ® Envelopes, Gray",Envelopes,261.87569999999994,EAST,379.53,2010,Qtr 2,May,28,Regular Air,6.66,New York,35.94,1
Smithtown,15,Timothy Reese,Small Business,0.03,Erin,Low,2011,Qtr 4,December,4,1,Office Supplies,Wrap Bag,Newell 310,Pens & Art Supplies,-1.17,EAST,17.39,2011,Qtr 4,December,6,Regular Air,0.7,New York,1.76,1
Smithtown,15,Timothy Reese,Small Business,0.04,Erin,Low,2012,Qtr 2,April,29,1,Office Supplies,Small Box,Xerox 1992,Paper,-24.03,EAST,19.04,2012,Qtr 2,May,1,Regular Air,5.2,New York,5.98,1
Smithtown,15,Timothy Reese,Small Business,0,Erin,Low,2013,Qtr 1,January,19,1,Furniture,Wrap Bag,"Master Giant Foot® Doorstop, Safety Yellow",Office Furnishings,23.266799999999996,EAST,33.72,2013,Qtr 1,January,21,Regular Air,4,New York,7.59,1
Smithtown,15,Timothy Reese,Small Business,0.07,Erin,Low,2013,Qtr 1,January,21,1,Office Supplies,Small Box,"Avery 05222 Permanent Self-Adhesive File Folder Labels for Typewriters, on Rolls, White, 250/Roll",Labels,-174.2696,EAST,38.18,2013,Qtr 1,January,23,Regular Air,6.89,New York,4.13,1
Smithtown,3160,Nicole Lyons,Corporate,0.05,Erin,Low,2013,Qtr 1,January,24,1,Furniture,Medium Box,DAX Cubicle Frames - 8x10,Office Furnishings,-169.6816,EAST,77.17,2013,Qtr 1,January,25,Regular Air,5.92,New York,5.77,1
Somerset,3315,Justin Gillespie,Small Business,0,Erin,Low,2013,Qtr 3,August,20,1,Office Supplies,Wrap Bag,Newell 312,Pens & Art Supplies,29.56576,EAST,55.82,2013,Qtr 3,August,22,Regular Air,1.2,New Jersey,5.84,1
South Lake Tahoe,1450,Veronica Peck,Consumer,0.1,William,Low,2010,Qtr 2,May,24,1,Furniture,Large Box,"Lifetime Advantage™ Folding Chairs, 4/Carton",Chairs & Chairmats,1318.83,WEST,2366.51,2010,Qtr 2,May,25,Express Air,18.06,California,218.08,1
South Lake Tahoe,1450,Veronica Peck,Consumer,0.04,William,Low,2011,Qtr 1,March,15,1,Office Supplies,Wrap Bag,Newell 351,Pens & Art Supplies,-31.24,WEST,10.71,2011,Qtr 1,March,16,Regular Air,4.2,California,3.28,1
South Lake Tahoe,1450,Veronica Peck,Consumer,0.02,William,Low,2011,Qtr 1,March,15,1,Technology,Small Box,US Robotics 56K V.92 External Faxmodem,Computer Peripherals,-119.92,WEST,299.97,2011,Qtr 1,March,16,Regular Air,19.99,California,99.99,1
South Lake Tahoe,1450,Veronica Peck,Corporate,0.05,William,Low,2011,Qtr 3,September,1,1,Office Supplies,Small Box,Avery Reinforcements for Hole-Punch Pages,Binders and Binder Accessories,-148.7985,WEST,36.67,2011,Qtr 3,September,8,Regular Air,4.77,California,1.98,1
South Lake Tahoe,1450,Veronica Peck,Corporate,0.05,William,Low,2013,Qtr 1,March,11,1,Office Supplies,Small Box,Xerox 1973,Paper,-122.12,WEST,238.68,2013,Qtr 1,March,13,Regular Air,16.92,California,22.84,1
South Lake Tahoe,1450,Veronica Peck,Corporate,0.03,William,Low,2013,Qtr 3,September,16,1,Office Supplies,Small Box,"#10- 4 1/8"" x 9 1/2"" Security-Tint Envelopes",Envelopes,17.0964,WEST,32.12,2013,Qtr 3,September,17,Regular Air,1.39,California,7.64,1
South Orange,979,Francis Peterson,Corporate,0.05,Erin,Low,2012,Qtr 1,January,6,1,Furniture,Jumbo Box,Bretford Rectangular Conference Table Tops,Tables,-883.532364,EAST,1523.59,2012,Qtr 1,January,8,Delivery Truck,85.63,New Jersey,376.13,1
South Orange,979,Francis Peterson,Corporate,0.09,Erin,Low,2013,Qtr 1,February,19,1,Office Supplies,Wrap Bag,Newell 323,Pens & Art Supplies,-17.18,EAST,9.35,2013,Qtr 1,February,24,Express Air,1.57,New Jersey,1.68,1
South Orange,1202,Faye Wolf,Consumer,0.05,Erin,Low,2010,Qtr 3,August,25,1,Office Supplies,Wrap Bag,"Dixon Ticonderoga Core-Lock Colored Pencils, 48-Color Set",Pens & Art Supplies,344.544,EAST,746.03,2010,Qtr 3,August,26,Express Air,13.89,New Jersey,36.55,1
South Plainfield,1862,Lauren Bolton,Corporate,0.09,Erin,Low,2012,Qtr 1,January,2,1,Office Supplies,Wrap Bag,"Quartet Omega® Colored Chalk, 12/Pack",Pens & Art Supplies,27.9243,EAST,40.47,2012,Qtr 1,January,9,Regular Air,1,New Jersey,5.84,1
South Vineland,406,June Frank Hammond,Small Business,0.03,Erin,Low,2010,Qtr 2,May,21,1,Office Supplies,Wrap Bag,Rediform S.O.S. Phone Message Books,Paper,50.2044,EAST,72.76,2010,Qtr 2,May,22,Regular Air,0.8,New Jersey,4.98,1
Spring Hill,3194,Angela Rose,Consumer,0.1,Sam,Low,2010,Qtr 1,March,10,1,Office Supplies,Small Box,Xerox 1961,Paper,45.077999999999996,SOUTH,43.84,2010,Qtr 1,March,11,Regular Air,7.54,Florida,4.98,1
Spring Hill,3194,Angela Rose,Consumer,0,Sam,Low,2010,Qtr 1,March,10,1,Office Supplies,Small Box,Xerox 1991,Paper,-110.376,SOUTH,141.74,2010,Qtr 1,March,12,Regular Air,8.18,Florida,22.84,1
Spring Hill,3194,Angela Rose,Consumer,0.09,Sam,Low,2012,Qtr 2,June,18,1,Furniture,Jumbo Drum,"Westinghouse Floor Lamp with Metal Mesh Shade, Black",Office Furnishings,138.414,SOUTH,94.47,2012,Qtr 2,June,20,Delivery Truck,15.68,Florida,23.99,1
Spring Hill,3220,Teresa B Schroeder,Consumer,0.1,Sam,Low,2011,Qtr 1,March,12,1,Technology,Small Box,StarTAC ST7868,Telephones and Communication,-5.656000000000001,SOUTH,520.47,2011,Qtr 1,March,13,Regular Air,8.99,Florida,125.99,1
Stockton,1374,Earl Buck,Home Office,0.06,William,Low,2010,Qtr 2,June,7,1,Office Supplies,Small Box,Acco Smartsocket® Color-Coded Six-Outlet AC Adapter Model Surge Protectors,Appliances,-21.232,WEST,46.94,2010,Qtr 2,June,8,Regular Air,3.5,California,44.01,1
Stockton,1374,Earl Buck,Home Office,0.07,William,Low,2013,Qtr 2,June,7,1,Office Supplies,Small Box,Eureka Disposable Bags for Sanitaire® Vibra Groomer I® Upright Vac,Appliances,-92.16799999999999,WEST,32.71,2013,Qtr 2,June,9,Regular Air,6.89,California,4.06,1
Stockton,1374,Earl Buck,Home Office,0.1,William,Low,2013,Qtr 2,June,7,1,Office Supplies,Wrap Bag,Bagged Rubber Bands,Rubber Bands,-5.424,WEST,5.18,2013,Qtr 2,June,8,Regular Air,0.7,California,1.26,1
Stockton,1390,Hazel Jones,Corporate,0.1,William,Low,2010,Qtr 4,November,16,1,Office Supplies,Wrap Bag,"Wirebound Message Forms, Four 2 3/4 x 5 Forms per Page, Pink Paper",Paper,100.2984,WEST,145.36,2010,Qtr 4,November,16,Regular Air,1.69,California,8.17,1
Stockton,1390,Hazel Jones,Corporate,0.03,William,Low,2010,Qtr 4,November,16,1,Technology,Small Box,T18,Telephones and Communication,2495.3988,WEST,3616.52,2010,Qtr 4,November,18,Regular Air,2.5,California,110.99,1
Stockton,1390,Hazel Jones,Small Business,0.09,William,Low,2012,Qtr 3,September,15,1,Furniture,Jumbo Drum,Hon Non-Folding Utility Tables,Tables,27.74,WEST,1252.22,2012,Qtr 3,September,15,Delivery Truck,60,California,159.31,1
Summit,741,Stacey Hale,Consumer,0.04,Erin,Low,2010,Qtr 2,June,15,1,Technology,Small Box,Belkin MediaBoard 104- Keyboard,Computer Peripherals,-26.656,EAST,397.17,2010,Qtr 2,June,17,Regular Air,4,New Jersey,27.48,1
Sun City,1053,George Bowen,Corporate,0.08,William,Low,2011,Qtr 2,May,24,1,Technology,Jumbo Box,Hewlett-Packard Deskjet 1220Cse Color Inkjet Printer,Office Machines,2054.4129,WEST,2977.41,2011,Qtr 2,May,27,Delivery Truck,48.26,Arizona,400.97,1
Sun City,1053,George Bowen,Corporate,0.05,William,Low,2011,Qtr 3,September,26,1,Office Supplies,Wrap Bag,Newell 308,Pens & Art Supplies,-3.89,WEST,8.3,2011,Qtr 3,September,29,Regular Air,0.7,Arizona,1.68,1
Sun City,1053,George Bowen,Corporate,0.06,William,Low,2012,Qtr 4,December,6,1,Furniture,Small Pack,Electrix 20W Halogen Replacement Bulb for Zoom-In Desk Lamp,Office Furnishings,91.3146,WEST,132.34,2012,Qtr 4,December,8,Regular Air,4.95,Arizona,13.4,1
Sun City,1053,George Bowen,Corporate,0,William,Low,2013,Qtr 1,February,5,1,Office Supplies,Small Box,Ibico Covers for Plastic or Wire Binding Elements,Binders and Binder Accessories,-9.1885,WEST,145.4,2013,Qtr 1,February,7,Regular Air,7.19,Arizona,11.5,1
Sun City,1053,George Bowen,Corporate,0,William,Low,2013,Qtr 1,February,5,1,Office Supplies,Wrap Bag,"Wirebound Service Call Books, 5 1/2"" x 4""",Paper,88.06469999999999,WEST,127.63,2013,Qtr 1,February,9,Regular Air,2.03,Arizona,9.68,1
Sun City,1053,George Bowen,Corporate,0.1,William,Low,2013,Qtr 3,August,12,1,Technology,Small Pack,"Imation Primaris 3.5"" 2HD Unformatted Diskettes, 10/Pack",Computer Peripherals,-12.91928,WEST,22.79,2013,Qtr 3,August,13,Regular Air,2.39,Arizona,4.77,1
Sunnyvale,1391,Carolyn Greer,Consumer,0,William,Low,2010,Qtr 2,April,24,1,Office Supplies,Wrap Bag,Newell 340,Pens & Art Supplies,-0.10999999999999943,WEST,7.96,2010,Qtr 2,April,24,Express Air,0.7,California,2.88,1
Sunnyvale,1391,Carolyn Greer,Consumer,0.06,William,Low,2012,Qtr 1,February,20,1,Furniture,Jumbo Box,Bretford “Just In Time” Height-Adjustable Multi-Task Work Tables,Tables,-296.06,WEST,1321.81,2012,Qtr 1,February,21,Delivery Truck,75.23,California,417.4,1
Sunnyvale,1391,Carolyn Greer,Consumer,0.06,William,Low,2012,Qtr 1,February,20,1,Technology,Small Pack,TDK 4.7GB DVD+RW,Computer Peripherals,104.72819999999999,WEST,151.78,2012,Qtr 1,February,22,Regular Air,1.99,California,14.48,1
Sunnyvale,1391,Carolyn Greer,Corporate,0.06,William,Low,2011,Qtr 2,June,25,1,Office Supplies,Small Box,Xerox 1949,Paper,-33.28,WEST,66.29,2011,Qtr 2,June,26,Express Air,4.72,California,4.98,1
Sunnyvale,1391,Carolyn Greer,Small Business,0.07,William,Low,2010,Qtr 4,November,3,1,Office Supplies,Small Box,Recycled Eldon Regeneration Jumbo File,Storage & Organization,15.236000000000018,WEST,389.59,2010,Qtr 4,November,10,Regular Air,6.13,California,12.28,1
Sunnyvale,1391,Carolyn Greer,Small Business,0.03,William,Low,2011,Qtr 3,September,26,1,Office Supplies,Small Pack,Staples Battery-Operated Desktop Pencil Sharpener,Pens & Art Supplies,63.5,WEST,240.63,2011,Qtr 3,September,26,Regular Air,2.89,California,10.48,1
Sunnyvale,1391,Carolyn Greer,Small Business,0.07,William,Low,2013,Qtr 4,October,6,1,Office Supplies,Small Box,Xerox 1994,Paper,-13.01,WEST,16.24,2013,Qtr 4,October,8,Regular Air,5.74,California,6.48,1
Sunrise,3221,Sean Pugh,Consumer,0,Sam,Low,2011,Qtr 1,March,12,1,Technology,Small Box,M3682,Telephones and Communication,73.668,SOUTH,330.89,2011,Qtr 1,March,13,Express Air,8.08,Florida,125.99,1
Sunrise,3221,Sean Pugh,Corporate,0.03,Sam,Low,2010,Qtr 4,October,12,1,Office Supplies,Wrap Bag,Sanford Liquid Accent Highlighters,Pens & Art Supplies,-577.3040000000001,SOUTH,48.32,2010,Qtr 4,October,13,Regular Air,1.5,Florida,6.68,1
Sunrise,3221,Sean Pugh,Corporate,0,Sam,Low,2013,Qtr 1,February,15,1,Office Supplies,Wrap Bag,Staples Bulldog Clip,Rubber Bands,997.8497999999998,SOUTH,28.76,2013,Qtr 1,February,15,Regular Air,0.71,Florida,3.78,1
Surprise,1054,Keith R Atkinson,Corporate,0.03,William,Low,2010,Qtr 2,May,25,1,Office Supplies,Small Box,Wilson Jones Custom Binder Spines & Labels,Binders and Binder Accessories,-51.704,WEST,26.31,2010,Qtr 2,May,27,Express Air,7.46,Arizona,5.44,1
Surprise,1054,Keith R Atkinson,Corporate,0.08,William,Low,2010,Qtr 2,May,25,1,Office Supplies,Small Box,Xerox 1883,Paper,144.7482,WEST,209.78,2010,Qtr 2,May,26,Regular Air,5.58,Arizona,26.38,1
Surprise,1054,Keith R Atkinson,Corporate,0.06,William,Low,2010,Qtr 2,May,25,1,Technology,Wrap Bag,Accessory37,Telephones and Communication,-112.189,WEST,17.83,2010,Qtr 2,May,27,Regular Air,2.5,Arizona,20.99,1
Surprise,1054,Keith R Atkinson,Corporate,0,William,Low,2013,Qtr 1,March,18,1,Furniture,Jumbo Box,Anderson Hickey Conga Table Tops & Accessories,Tables,-409.79,WEST,88.78,2013,Qtr 1,March,19,Delivery Truck,27.75,Arizona,15.23,1
Surprise,1054,Keith R Atkinson,Corporate,0,William,Low,2013,Qtr 2,May,25,1,Technology,Small Box,V2397,Telephones and Communication,913.3185,WEST,1323.65,2013,Qtr 2,May,27,Regular Air,2.5,Arizona,125.99,1
Surprise,1115,Jill Foster,Consumer,0.07,William,Low,2012,Qtr 3,August,21,1,Office Supplies,Small Box,Xerox 1949,Paper,-26.0728,WEST,71.09,2012,Qtr 3,August,23,Regular Air,4.72,Arizona,4.98,1
Surprise,1115,Jill Foster,Consumer,0.08,William,Low,2013,Qtr 3,August,20,1,Office Supplies,Small Box,"SAFCO Mobile Desk Side File, Wire Frame",Storage & Organization,449.41216000000003,WEST,845.76,2013,Qtr 3,August,21,Regular Air,6.22,Arizona,42.76,1
Syracuse,16,Sarah Ramsey,Small Business,0.04,Erin,Low,2010,Qtr 1,February,12,1,Office Supplies,Wrap Bag,Staples Gold Paper Clips,Rubber Bands,2.63,EAST,18.8,2010,Qtr 1,February,15,Regular Air,1.58,New York,2.98,1
Syracuse,16,Sarah Ramsey,Small Business,0.05,Erin,Low,2010,Qtr 1,February,12,1,Technology,Small Box,StarTAC 7797,Telephones and Communication,652.7330999999999,EAST,945.99,2010,Qtr 1,February,14,Regular Air,2.5,New York,115.99,1
Syracuse,16,Sarah Ramsey,Small Business,0.08,Erin,Low,2013,Qtr 1,February,12,1,Office Supplies,Small Box,"GBC Laser Imprintable Binding System Covers, Desert Sand",Binders and Binder Accessories,3.4595000000000002,EAST,45.6,2013,Qtr 1,February,15,Express Air,7.27,New York,14.27,1
Syracuse,55,Marvin Hawley,Consumer,0.07,Erin,Low,2011,Qtr 4,October,20,1,Furniture,Jumbo Box,"O'Sullivan Elevations Bookcase, Cherry Finish",Bookcases,-414.18,EAST,814.6,2011,Qtr 4,October,25,Delivery Truck,54.74,New York,130.98,1
Syracuse,55,Marvin Hawley,Consumer,0.04,Erin,Low,2013,Qtr 2,April,10,1,Furniture,Large Box,"Lesro Sheffield Collection Coffee Table, End Table, Center Table, Corner Table",Tables,54.59805000000001,EAST,761.52,2013,Qtr 2,April,14,Express Air,69,New York,71.37,1
Syracuse,55,Marvin Hawley,Consumer,0.01,Erin,Low,2013,Qtr 2,April,10,1,Furniture,Small Pack,Artistic Insta-Plaque,Office Furnishings,23.563499999999998,EAST,34.15,2013,Qtr 2,April,10,Regular Air,3.73,New York,15.68,1
Syracuse,55,Marvin Hawley,Home Office,0.03,Erin,Low,2011,Qtr 4,October,6,1,Furniture,Jumbo Box,Hon 61000 Series Interactive Training Tables,Tables,-1513.2648960000004,EAST,666.63,2011,Qtr 4,October,7,Delivery Truck,46.59,New York,44.43,1
Tallahassee,3222,Diane Lu,Corporate,0.04,Sam,Low,2010,Qtr 3,September,19,1,Technology,Small Pack,"80 Minute CD-R Spindle, 100/Pack - Staples",Computer Peripherals,-1535.4864000000002,SOUTH,332.16,2010,Qtr 3,September,19,Express Air,1.99,Florida,39.48,1
Tallahassee,3222,Diane Lu,Corporate,0,Sam,Low,2010,Qtr 3,September,19,1,Technology,Small Pack,"Imation Neon Mac Format Diskettes, 10/Pack",Computer Peripherals,-159.32,SOUTH,147.62,2010,Qtr 3,September,20,Regular Air,2.83,Florida,8.12,1
Tallahassee,3222,Diane Lu,Corporate,0.05,Sam,Low,2013,Qtr 1,February,15,1,Office Supplies,Small Box,GBC Poly Designer Binding Covers,Binders and Binder Accessories,25.02,SOUTH,33.89,2013,Qtr 1,February,17,Regular Air,5.08,Florida,16.74,1
Tallahassee,3254,Ken Watson,Home Office,0.1,Sam,Low,2011,Qtr 3,August,4,1,Furniture,Jumbo Box,"Bush Westfield Collection Bookcases, Dark Cherry Finish, Fully Assembled",Bookcases,5273.286,SOUTH,602.6,2011,Qtr 3,August,6,Delivery Truck,57.38,Florida,100.98,1
Tallahassee,3254,Ken Watson,Home Office,0.09,Sam,Low,2011,Qtr 3,August,4,1,Office Supplies,Small Box,"Advantus 10-Drawer Portable Organizer, Chrome Metal Frame, Smoke Drawers",Storage & Organization,271.818,SOUTH,826.78,2011,Qtr 3,August,5,Regular Air,9.71,Florida,59.76,1
Tallahassee,3254,Ken Watson,Home Office,0.02,Sam,Low,2011,Qtr 3,August,4,1,Office Supplies,Small Box,GBC VeloBinder Electric Binding Machine,Binders and Binder Accessories,214.338,SOUTH,718.47,2011,Qtr 3,August,4,Regular Air,9.07,Florida,120.98,1
Tamarac,3255,Maureen Whitley,Home Office,0.06,Sam,Low,2010,Qtr 3,August,18,1,Technology,Small Pack,"DS/HD IBM Formatted Diskettes, 200/Pack - Staples",Computer Peripherals,596.808,SOUTH,97.96,2010,Qtr 3,August,20,Regular Air,3.61,Florida,47.98,1
Tamarac,3255,Maureen Whitley,Home Office,0.05,Sam,Low,2013,Qtr 4,November,25,1,Office Supplies,Small Box,Xerox 195,Paper,48.209999999999994,SOUTH,81.15,2013,Qtr 4,November,27,Regular Air,5.41,Florida,6.68,1
Tamarac,3337,Karl Goodwin,Consumer,0.02,Sam,Low,2012,Qtr 3,September,11,1,Technology,Small Box,i270,Telephones and Communication,400.4694,SOUTH,283.97,2012,Qtr 3,September,13,Express Air,8.99,Florida,65.99,1
Tampa,3338,Constance Robertson,Consumer,0.08,Sam,Low,2010,Qtr 2,May,7,1,Office Supplies,Small Box,Xerox 212,Paper,58.812,SOUTH,45,2010,Qtr 2,May,7,Regular Air,8.4,Florida,6.48,1
Tampa,3338,Constance Robertson,Consumer,0.04,Sam,Low,2011,Qtr 1,January,3,1,Office Supplies,Small Box,2300 Heavy-Duty Transfer File Systems by Perma,Storage & Organization,51.306000000000004,SOUTH,246.75,2011,Qtr 1,January,3,Regular Air,8.79,Florida,24.98,1
Tampa,3338,Constance Robertson,Consumer,0.02,Sam,Low,2011,Qtr 1,January,3,1,Office Supplies,Small Box,Xerox 200,Paper,-1.722,SOUTH,73.57,2011,Qtr 1,January,5,Regular Air,6.35,Florida,6.48,1
Tampa,3338,Constance Robertson,Consumer,0.06,Sam,Low,2011,Qtr 1,January,3,1,Office Supplies,Wrap Bag,"Quartet Omega® Colored Chalk, 12/Pack",Pens & Art Supplies,-160.8684,SOUTH,33.53,2011,Qtr 1,January,4,Regular Air,1,Florida,5.84,1
Tampa,3338,Constance Robertson,Consumer,0.04,Sam,Low,2013,Qtr 1,March,19,1,Office Supplies,Small Box,Colored Envelopes,Envelopes,-124.18,SOUTH,45.71,2013,Qtr 1,March,20,Regular Air,2.5,Florida,3.69,1
Tampa,3338,Constance Robertson,Consumer,0.06,Sam,Low,2013,Qtr 3,September,23,1,Office Supplies,Small Box,Vinyl Sectional Post Binders,Binders and Binder Accessories,1131.8481,SOUTH,413.21,2013,Qtr 4,October,2,Regular Air,2.99,Florida,37.7,1
Tampa,3338,Constance Robertson,Consumer,0.07,Sam,Low,2013,Qtr 3,September,23,1,Office Supplies,Wrap Bag,"Message Book, Standard Line ""While You Were Out"", 5 1/2"" X 4"", 200 Sets/Book",Paper,720.1229999999999,SOUTH,195.01,2013,Qtr 3,September,30,Regular Air,5.16,Florida,8.56,1
Teaneck,423,Alexander Baker,Small Business,0.04,Erin,Low,2011,Qtr 4,October,10,1,Office Supplies,Small Box,"Fellowes Smart Surge Ten-Outlet Protector, Platinum",Appliances,947.7770999999999,EAST,1373.59,2011,Qtr 4,October,14,Regular Air,3.5,New Jersey,60.22,1
Temecula,1121,Tonya Proctor,Consumer,0.04,William,Low,2010,Qtr 1,February,7,1,Office Supplies,Small Box,Southworth 25% Cotton Premium Laser Paper and Envelopes,Paper,108,WEST,168.04,2010,Qtr 1,February,14,Regular Air,8.68,California,19.98,1
Temecula,1121,Tonya Proctor,Consumer,0.08,William,Low,2010,Qtr 1,February,7,1,Technology,Small Box,Timeport L7089,Telephones and Communication,377.154,WEST,703.46,2010,Qtr 1,February,9,Regular Air,7.69,California,125.99,1
Temecula,1121,Tonya Proctor,Home Office,0.03,William,Low,2011,Qtr 4,October,26,1,Furniture,Jumbo Box,Anderson Hickey Conga Table Tops & Accessories,Tables,-173.22119999999998,WEST,77.11,2011,Qtr 4,October,28,Delivery Truck,27.75,California,15.23,1
Temecula,1121,Tonya Proctor,Home Office,0.07,William,Low,2011,Qtr 4,October,26,1,Office Supplies,Small Box,"Multi-Use Personal File Cart and Caster Set, Three Stacking Bins",Storage & Organization,-15.1416,WEST,139.89,2011,Qtr 4,October,27,Regular Air,8.22,California,34.76,1
Temecula,1121,Tonya Proctor,Home Office,0.08,William,Low,2013,Qtr 3,July,8,1,Technology,Jumbo Drum,Hewlett-Packard Deskjet 6122 Color Inkjet Printer,Office Machines,1067.6025,WEST,1547.25,2013,Qtr 3,July,10,Delivery Truck,15.59,California,200.97,1
Temecula,1121,Tonya Proctor,Home Office,0.07,William,Low,2013,Qtr 4,November,4,1,Technology,Jumbo Drum,Okidata ML591 Wide Format Dot Matrix Printer,Office Machines,901.6313904000006,WEST,2421.02,2013,Qtr 4,November,5,Delivery Truck,16.06,California,810.98,1
Temecula,1121,Tonya Proctor,Home Office,0.03,William,Low,2013,Qtr 4,December,7,1,Furniture,Jumbo Box,"Bevis Round Bullnose 29"" High Table Top",Tables,843.16544,WEST,3439.28,2013,Qtr 4,December,10,Delivery Truck,66.67,California,259.71,1
Temecula,1392,Leroy Boswell,Consumer,0.07,William,Low,2013,Qtr 1,January,12,1,Office Supplies,Wrap Bag,Newell 336,Pens & Art Supplies,0.44079999999999997,WEST,12.3,2013,Qtr 1,January,12,Regular Air,0.94,California,4.28,1
Temecula,1392,Leroy Boswell,Corporate,0.06,William,Low,2011,Qtr 2,June,25,1,Furniture,Jumbo Box,Bretford CR4500 Series Slim Rectangular Table,Tables,1699.4769000000001,WEST,2463.01,2011,Qtr 2,June,28,Delivery Truck,40.19,California,348.21,1
Temecula,1392,Leroy Boswell,Corporate,0.02,William,Low,2011,Qtr 2,June,25,1,Technology,Wrap Bag,Accessory41,Telephones and Communication,414.0207,WEST,600.03,2011,Qtr 2,June,26,Regular Air,5.99,California,35.99,1
Tempe,1116,Meredith Bland,Consumer,0,William,Low,2013,Qtr 3,August,20,1,Furniture,Small Pack,"DAX Two-Tone Rosewood/Black Document Frame, Desktop, 5 x 7",Office Furnishings,-7.343680000000001,WEST,23.93,2013,Qtr 3,August,21,Regular Air,7.29,Arizona,9.48,1
Tempe,1116,Meredith Bland,Consumer,0.04,William,Low,2013,Qtr 3,August,20,1,Office Supplies,Small Box,"Staples #10 Laser & Inkjet Envelopes, 4 1/8"" x 9 1/2"", 100/Box",Envelopes,-2.8959200000000003,WEST,61.47,2013,Qtr 3,August,23,Regular Air,5.76,Arizona,9.78,1
Tempe,1116,Meredith Bland,Consumer,0.05,William,Low,2013,Qtr 3,August,20,1,Technology,Small Box,LX 677,Telephones and Communication,1236.3625439999998,WEST,1850.18,2013,Qtr 3,August,22,Regular Air,8.99,Arizona,110.99,1
Tempe,1116,Meredith Bland,Home Office,0.09,William,Low,2013,Qtr 1,February,18,1,Office Supplies,Medium Box,Iris Project Case,Storage & Organization,-142.86,WEST,78.69,2013,Qtr 1,February,20,Regular Air,6.5,Arizona,7.98,1
Tempe,1116,Meredith Bland,Home Office,0.04,William,Low,2013,Qtr 3,July,8,1,Office Supplies,Jumbo Drum,Tennsco Double-Tier Lockers,Storage & Organization,603.3503999999999,WEST,2050.93,2013,Qtr 3,July,10,Delivery Truck,28.66,Arizona,225.02,1
Tempe,1116,Meredith Bland,Home Office,0.04,William,Low,2013,Qtr 3,July,8,1,Office Supplies,Large Box,Hoover Portapower™ Portable Vacuum,Appliances,-1637.71488,WEST,79.01,2013,Qtr 3,July,10,Regular Air,49,Arizona,4.48,1
Tempe,1116,Meredith Bland,Home Office,0,William,Low,2013,Qtr 3,July,8,1,Office Supplies,Small Box,Xerox 1964,Paper,187.81056,WEST,423.35,2013,Qtr 3,July,9,Regular Air,11.54,Arizona,22.84,1
Thousand Oaks,1393,Theodore Sanchez,Small Business,0.02,William,Low,2013,Qtr 2,June,11,1,Office Supplies,Small Box,Avery Printable Repositionable Plastic Tabs,Binders and Binder Accessories,-9.558800000000002,WEST,87.79,2013,Qtr 2,June,13,Express Air,6.19,California,8.6,1
Thousand Oaks,1653,Charles Cline,Corporate,0,William,Low,2010,Qtr 3,July,24,1,Office Supplies,Large Box,Tennsco Regal Shelving Units,Storage & Organization,-457.73,WEST,1104.32,2010,Qtr 3,July,25,Express Air,35,California,101.41,1
Thousand Oaks,1653,Charles Cline,Corporate,0.1,William,Low,2010,Qtr 3,July,24,1,Technology,Small Box,T60,Telephones and Communication,-268.664,WEST,149.8,2010,Qtr 3,July,25,Regular Air,4.9,California,95.99,1
Thousand Oaks,1653,Charles Cline,Corporate,0.06,William,Low,2011,Qtr 1,March,28,1,Office Supplies,Jumbo Drum,"Sanyo Counter Height Refrigerator with Crisper, 3.6 Cubic Foot, Stainless Steel/Black",Appliances,-431.45,WEST,334.3,2011,Qtr 1,March,30,Delivery Truck,91.05,California,328.14,1
Thousand Oaks,1653,Charles Cline,Corporate,0,William,Low,2011,Qtr 4,November,1,1,Office Supplies,Small Box,Xerox 1895,Paper,48.25600000000006,WEST,194.09,2011,Qtr 4,November,1,Regular Air,10.39,California,5.98,1
Thousand Oaks,1653,Charles Cline,Corporate,0.1,William,Low,2012,Qtr 1,January,10,1,Office Supplies,Small Box,Avery Durable Binders,Binders and Binder Accessories,-3.2370200000000002,WEST,16.11,2012,Qtr 1,January,12,Regular Air,1.49,California,2.88,1
Thousand Oaks,1653,Charles Cline,Corporate,0.08,William,Low,2012,Qtr 1,January,10,1,Technology,Wrap Bag,Accessory21,Telephones and Communication,171.24419999999998,WEST,248.18,2012,Qtr 1,January,12,Regular Air,0.99,California,20.99,1
Tinton Falls,3247,Pamela Albright,Small Business,0.08,Erin,Low,2011,Qtr 2,May,9,1,Office Supplies,Wrap Bag,Spiral Phone Message Books with Labels by Adams,Paper,6.79,EAST,17.63,2011,Qtr 2,May,12,Regular Air,1.22,New Jersey,4.48,1
Titusville,1772,Glenn Jain,Corporate,0.06,Sam,Low,2011,Qtr 3,July,16,1,Technology,Small Pack,"Maxell Pro 80 Minute CD-R, 10/Pack",Computer Peripherals,-0.896,SOUTH,52.42,2011,Qtr 3,July,17,Regular Air,1.99,Florida,17.48,1
Titusville,1772,Glenn Jain,Corporate,0.1,Sam,Low,2012,Qtr 2,June,13,1,Furniture,Large Box,SAFCO Arco Folding Chair,Chairs & Chairmats,-2.7853000000000003,SOUTH,1315.25,2012,Qtr 2,June,17,Regular Air,24.49,Florida,276.2,1
Titusville,1772,Glenn Jain,Corporate,0.05,Sam,Low,2012,Qtr 2,June,13,1,Office Supplies,Wrap Bag,"Telephone Message Books with Fax/Mobile Section, 5 1/2"" x 3 3/16""",Paper,-36.232,SOUTH,122.36,2012,Qtr 2,June,18,Express Air,1.02,Florida,6.35,1
Titusville,1772,Glenn Jain,Corporate,0.01,Sam,Low,2013,Qtr 4,December,24,1,Office Supplies,Small Pack,Barrel Sharpener,Pens & Art Supplies,1268.37,SOUTH,48.12,2013,Qtr 4,December,28,Regular Air,4.17,Florida,3.57,1
Titusville,1772,Glenn Jain,Corporate,0.04,Sam,Low,2013,Qtr 4,December,24,1,Technology,Small Box,5170,Telephones and Communication,40.182,SOUTH,523.4,2013,Qtr 4,December,29,Regular Air,4.2,Florida,65.99,1
Titusville,3339,Lester Copeland,Consumer,0.03,Sam,Low,2010,Qtr 4,December,14,1,Office Supplies,Small Box,Avery 494,Labels,4.0443,SOUTH,19.02,2010,Qtr 4,December,15,Regular Air,0.5,Florida,2.61,1
Titusville,3339,Lester Copeland,Consumer,0.01,Sam,Low,2010,Qtr 4,December,14,1,Office Supplies,Small Pack,"Hunt BOSTON® Vista® Battery-Operated Pencil Sharpener, Black",Pens & Art Supplies,-10.368400000000001,SOUTH,193.87,2010,Qtr 4,December,15,Regular Air,7.95,Florida,11.66,1
Toms River,513,Annette Sharpe,Consumer,0,Erin,Low,2012,Qtr 4,November,11,1,Furniture,Jumbo Box,KI Conference Tables,Tables,119.30787000000001,EAST,3053.38,2012,Qtr 4,November,13,Delivery Truck,89.3,New Jersey,70.89,1
Tonawanda,56,Randall Montgomery,Consumer,0.06,Erin,Low,2010,Qtr 4,October,20,1,Office Supplies,Small Box,Durable Pressboard Binders,Binders and Binder Accessories,19.6282,EAST,73.55,2010,Qtr 4,October,21,Regular Air,1.49,New York,3.8,1
Tonawanda,56,Randall Montgomery,Consumer,0.06,Erin,Low,2010,Qtr 4,October,20,1,Office Supplies,Wrap Bag,Newell 310,Pens & Art Supplies,-1.6524,EAST,29.57,2010,Qtr 4,October,21,Regular Air,0.7,New York,1.76,1
Tonawanda,56,Randall Montgomery,Consumer,0.04,Erin,Low,2011,Qtr 4,October,20,1,Office Supplies,Wrap Bag,"TOPS Voice Message Log Book, Flash Format",Paper,-7.9488,EAST,109.64,2011,Qtr 4,October,27,Regular Air,3.01,New York,4.76,1
Tonawanda,56,Randall Montgomery,Consumer,0.01,Erin,Low,2013,Qtr 1,January,11,1,Office Supplies,Wrap Bag,Newell 312,Pens & Art Supplies,47.0972,EAST,68.79,2013,Qtr 1,January,13,Express Air,1.2,New York,5.84,1
Tonawanda,56,Randall Montgomery,Consumer,0.1,Erin,Low,2013,Qtr 1,February,8,1,Office Supplies,Small Box,Storex Dura Pro™ Binders,Binders and Binder Accessories,-211.0595,EAST,40.94,2013,Qtr 1,February,9,Regular Air,9.92,New York,5.94,1
Tonawanda,56,Randall Montgomery,Consumer,0.1,Erin,Low,2013,Qtr 1,February,8,1,Technology,Small Box,6190,Telephones and Communication,186.417,EAST,311.98,2013,Qtr 1,February,9,Regular Air,2.5,New York,65.99,1
Tonawanda,56,Randall Montgomery,Consumer,0.1,Erin,Low,2013,Qtr 4,December,27,1,Technology,Small Box,5185,Telephones and Communication,1176.724224,EAST,1941.74,2013,Qtr 4,December,29,Regular Air,8.99,New York,115.99,1
Tonawanda,56,Randall Montgomery,Consumer,0.1,Erin,Medium,2013,Qtr 4,December,27,1,Office Supplies,Small Box,GBC DocuBind 300 Electric Binding Machine,Binders and Binder Accessories,5291.465099999999,EAST,7668.79,2013,Qtr 4,December,30,Regular Air,19.99,New York,525.98,1
Torrance,1654,Bob Jiang,Corporate,0.07,William,Low,2012,Qtr 4,October,20,1,Office Supplies,Wrap Bag,Unpadded Memo Slips,Paper,-11.491200000000001,WEST,20.6,2012,Qtr 4,October,23,Regular Air,2.97,California,3.98,1
Torrance,1654,Bob Jiang,Corporate,0.07,William,Low,2013,Qtr 3,August,12,1,Office Supplies,Small Box,Storex DuraTech Recycled Plastic Frosted Binders,Binders and Binder Accessories,-6.090124000000001,WEST,25.29,2013,Qtr 3,August,12,Express Air,5.41,California,4.24,1
Torrance,1654,Bob Jiang,Corporate,0.07,William,Low,2013,Qtr 4,October,31,1,Furniture,Small Pack,"Eldon Regeneration Recycled Desk Accessories, Smoke",Office Furnishings,-113.86,WEST,36.45,2013,Qtr 4,October,31,Regular Air,4.08,California,1.74,1
Torrance,1654,Bob Jiang,Corporate,0.04,William,Low,2013,Qtr 4,December,15,1,Office Supplies,Wrap Bag,Avery Hi-Liter Pen Style Six-Color Fluorescent Set,Pens & Art Supplies,24.570899999999998,WEST,35.61,2013,Qtr 4,December,17,Regular Air,0.7,California,3.85,1
Torrance,1754,Nelson Hong,Consumer,0.09,William,Low,2010,Qtr 3,August,27,1,Technology,Small Box,600 Series Flip,Telephones and Communication,7.032960000000001,WEST,627.28,2010,Qtr 3,September,3,Regular Air,8.99,California,95.99,1
Torrance,1754,Nelson Hong,Consumer,0.1,William,Low,2010,Qtr 3,August,27,1,Technology,Small Box,"AT&T Black Trimline Phone, Model 210",Office Machines,-36.214620000000004,WEST,79.47,2010,Qtr 3,August,27,Regular Air,9.4,California,15.99,1
Torrance,1754,Nelson Hong,Consumer,0.04,William,Low,2010,Qtr 3,August,27,1,Technology,Small Pack,Hewlett-Packard 4.7GB DVD+R Discs,Computer Peripherals,43.2752,WEST,118.57,2010,Qtr 3,August,31,Regular Air,1.99,California,8.5,1
Tracy,1755,Brett Boykin,Consumer,0.09,William,Low,2012,Qtr 2,June,7,1,Office Supplies,Small Box,Southworth 25% Cotton Linen-Finish Paper & Envelopes,Paper,-190.31199999999998,WEST,165.42,2012,Qtr 2,June,7,Regular Air,9.86,California,9.06,1
Tracy,1755,Brett Boykin,Consumer,0.05,William,Low,2012,Qtr 2,June,7,1,Office Supplies,Wrap Bag,"Premium Writing Pencils, Soft, #2 by Central Association for the Blind",Pens & Art Supplies,-3.4560000000000004,WEST,8.11,2012,Qtr 2,June,11,Express Air,2.03,California,2.98,1
Tracy,1755,Brett Boykin,Consumer,0.05,William,Low,2013,Qtr 1,March,5,1,Technology,Small Pack,Hewlett-Packard 4.7GB DVD+R Discs,Computer Peripherals,51.08,WEST,91.1,2013,Qtr 1,March,7,Regular Air,1.99,California,8.5,1
Tracy,1755,Brett Boykin,Consumer,0.1,William,Low,2013,Qtr 1,March,28,1,Furniture,Jumbo Drum,"SAFCO PlanMaster Heigh-Adjustable Drafting Table Base, 43w x 30d x 30-37h, Black",Tables,7.550000000000011,WEST,280.18,2013,Qtr 1,March,30,Delivery Truck,60,California,349.45,1
Trenton,470,Tony Doyle,Small Business,0.03,Erin,Low,2010,Qtr 1,January,11,1,Office Supplies,Small Box,Xerox 188,Paper,23.2028,EAST,60.24,2010,Qtr 1,January,11,Regular Air,5.01,New Jersey,11.34,1
Troy,57,Kimberly Epstein,Consumer,0.06,Erin,Low,2012,Qtr 1,January,21,1,Office Supplies,Small Pack,"Hunt BOSTON® Vista® Battery-Operated Pencil Sharpener, Black",Pens & Art Supplies,-143.8648,EAST,120.64,2012,Qtr 1,January,23,Regular Air,7.95,New York,11.66,1
Troy,210,Floyd Dale,Consumer,0.09,Erin,Low,2012,Qtr 4,October,20,1,Technology,Small Pack,"Imation 3.5"", DISKETTE 44766 HGHLD3.52HD/FM, 10/Pack",Computer Peripherals,-96.39,EAST,60.41,2012,Qtr 4,October,22,Regular Air,4.62,New York,4.98,1
Troy,210,Floyd Dale,Home Office,0.05,Erin,Low,2010,Qtr 3,July,17,1,Office Supplies,Wrap Bag,"Super Bands, 12/Pack",Rubber Bands,-66.62,EAST,17.61,2010,Qtr 3,July,21,Regular Air,2.58,New York,1.86,1
Troy,210,Floyd Dale,Home Office,0.02,Erin,Low,2010,Qtr 4,December,2,1,Furniture,Small Box,"Seth Thomas 8 1/2"" Cubicle Clock",Office Furnishings,44.677499999999995,EAST,64.75,2010,Qtr 4,December,2,Regular Air,6.68,New York,20.28,1
Troy,210,Floyd Dale,Home Office,0.09,Erin,Low,2010,Qtr 4,December,2,1,Office Supplies,Small Box,3M Organizer Strips,Binders and Binder Accessories,-21.48775,EAST,27.3,2010,Qtr 4,December,2,Express Air,7.78,New York,5.4,1
Troy,210,Floyd Dale,Home Office,0,Erin,Low,2010,Qtr 4,December,2,1,Office Supplies,Wrap Bag,Newell 309,Pens & Art Supplies,23.595,EAST,62.98,2010,Qtr 4,December,3,Regular Air,2.36,New York,11.55,1
Troy,210,Floyd Dale,Home Office,0.02,Erin,Low,2011,Qtr 3,July,16,1,Furniture,Jumbo Box,Bretford Rectangular Conference Table Tops,Tables,-592.5205000000002,EAST,2280.34,2011,Qtr 3,July,23,Delivery Truck,85.63,New York,376.13,1
Troy,210,Floyd Dale,Home Office,0.09,Erin,Low,2011,Qtr 4,December,30,1,Office Supplies,Small Box,"White Business Envelopes with Contemporary Seam, Recycled White Business Envelopes",Envelopes,8.535,EAST,21.46,2011,Qtr 4,December,30,Regular Air,1.39,New York,10.94,1
Tucson,1117,Samantha Koch,Home Office,0.06,William,Low,2010,Qtr 3,August,5,1,Office Supplies,Large Box,Space Solutions Commercial Steel Shelving,Storage & Organization,-139.2872,WEST,277.6,2010,Qtr 3,August,6,Regular Air,35,Arizona,64.65,1
Tucson,1117,Samantha Koch,Home Office,0.03,William,Low,2011,Qtr 2,June,8,1,Technology,Small Box,"Micro Innovations Micro Digital Wireless Keyboard and Mouse, Gray",Computer Peripherals,10.319999999999993,WEST,244.24,2011,Qtr 2,June,12,Regular Air,6.13,Arizona,83.1,1
Tucson,1117,Samantha Koch,Home Office,0.03,William,Low,2011,Qtr 3,September,4,1,Technology,Small Box,i270,Telephones and Communication,697.8240000000001,WEST,1317.49,2011,Qtr 3,September,5,Regular Air,8.99,Arizona,65.99,1
Tucson,1117,Samantha Koch,Home Office,0.07,William,Low,2011,Qtr 4,November,13,1,Technology,Small Box,M3682,Telephones and Communication,81.65080000000006,WEST,522.88,2011,Qtr 4,November,13,Regular Air,8.08,Arizona,125.99,1
Tucson,1117,Samantha Koch,Home Office,0.01,William,Low,2012,Qtr 4,December,31,1,Office Supplies,Wrap Bag,"Dixon Ticonderoga Core-Lock Colored Pencils, 48-Color Set",Pens & Art Supplies,-2.25,WEST,120.93,2013,Qtr 1,January,1,Regular Air,13.89,Arizona,36.55,1
Tucson,1117,Samantha Koch,Home Office,0.04,William,Low,2013,Qtr 2,June,8,1,Furniture,Jumbo Box,"O'Sullivan Elevations Bookcase, Cherry Finish",Bookcases,-659.272,WEST,2112.7,2013,Qtr 2,June,15,Delivery Truck,54.74,Arizona,130.98,1
Tucson,1117,Samantha Koch,Home Office,0.1,William,Low,2013,Qtr 2,June,8,1,Office Supplies,Jumbo Drum,"Tennsco Lockers, Gray",Storage & Organization,-1226.52,WEST,257.8,2013,Qtr 2,June,13,Delivery Truck,53.03,Arizona,20.98,1
Twentynine Palms,3151,Glenda Hunter,Corporate,0.01,William,Low,2010,Qtr 2,June,3,1,Furniture,Jumbo Box,Bevis Rectangular Conference Tables,Tables,-134.512,WEST,1370.79,2010,Qtr 2,June,3,Delivery Truck,46.2,California,145.98,1
Twentynine Palms,3151,Glenda Hunter,Corporate,0.06,William,Low,2010,Qtr 3,August,4,1,Office Supplies,Small Pack,Acme Galleria® Hot Forged Steel Scissors with Colored Handles,"Scissors, Rulers and Trimmers",-18.558799999999998,WEST,63.04,2010,Qtr 3,August,5,Regular Air,7.42,California,15.73,1
Twentynine Palms,3151,Glenda Hunter,Corporate,0.01,William,Low,2010,Qtr 3,August,4,1,Technology,Jumbo Box,Okidata Pacemark 4410N Wide Format Dot Matrix Printer,Office Machines,-4075.933992,WEST,3501.79,2010,Qtr 3,August,5,Delivery Truck,8.73,California,3502.14,1
Twentynine Palms,3151,Glenda Hunter,Corporate,0.05,William,Low,2010,Qtr 3,August,16,1,Office Supplies,Small Box,"BOSTON® Ranger® #55 Pencil Sharpener, Black",Pens & Art Supplies,220.35719999999998,WEST,451.35,2010,Qtr 3,August,18,Express Air,5.37,California,25.99,1
Twentynine Palms,3151,Glenda Hunter,Corporate,0.02,William,Low,2010,Qtr 3,September,11,1,Office Supplies,Small Box,Avery Hanging File Binders,Binders and Binder Accessories,28.526000000000003,WEST,59.9,2010,Qtr 3,September,12,Regular Air,1.49,California,5.98,1
Twentynine Palms,3151,Glenda Hunter,Corporate,0.01,William,Low,2010,Qtr 3,September,29,1,Furniture,Small Pack,"GE 48"" Fluorescent Tube, Cool White Energy Saver, 34 Watts, 30/Box",Office Furnishings,-87.46,WEST,99.22,2010,Qtr 4,October,2,Regular Air,8.99,California,99.23,1
Twentynine Palms,3151,Glenda Hunter,Corporate,0.06,William,Low,2012,Qtr 4,December,11,1,Furniture,Large Box,"Dana Fluorescent Magnifying Lamp, White, 36""",Office Furnishings,113.03999999999999,WEST,640.33,2012,Qtr 4,December,12,Regular Air,22.24,California,50.98,1
Twentynine Palms,3151,Glenda Hunter,Corporate,0.03,William,Low,2012,Qtr 4,December,11,1,Office Supplies,Small Box,Belkin 6 Outlet Metallic Surge Strip,Appliances,-13.165,WEST,139.66,2012,Qtr 4,December,11,Regular Air,4.5,California,10.89,1
Twentynine Palms,3151,Glenda Hunter,Corporate,0.08,William,Low,2013,Qtr 1,January,11,1,Office Supplies,Wrap Bag,"Black Print Carbonless Snap-Off® Rapid Letter, 8 1/2"" x 7""",Paper,31.332899999999995,WEST,45.41,2013,Qtr 1,January,12,Regular Air,2.15,California,9.11,1
Twentynine Palms,3151,Glenda Hunter,Corporate,0.05,William,Low,2013,Qtr 1,March,3,1,Furniture,Small Pack,"Executive Impressions 14"" Two-Color Numerals Wall Clock",Office Furnishings,21.96,WEST,113.66,2013,Qtr 1,March,4,Regular Air,8.99,California,22.72,1
Twentynine Palms,3151,Glenda Hunter,Corporate,0.07,William,Low,2013,Qtr 1,March,3,1,Technology,Small Box,5180,Telephones and Communication,451.4946,WEST,654.34,2013,Qtr 1,March,5,Express Air,8.99,California,65.99,1
Twentynine Palms,3151,Glenda Hunter,Corporate,0.07,William,Low,2013,Qtr 1,March,28,1,Furniture,Jumbo Drum,Office Star - Ergonomic Mid Back Chair with 2-Way Adjustable Arms,Chairs & Chairmats,241.06,WEST,1394.63,2013,Qtr 2,April,4,Delivery Truck,30,California,180.98,1
Twentynine Palms,3151,Glenda Hunter,Corporate,0.02,William,Low,2013,Qtr 1,March,28,1,Office Supplies,Wrap Bag,"Speediset Carbonless Redi-Letter® 7"" x 8 1/2""",Paper,74.20949999999999,WEST,107.55,2013,Qtr 2,April,4,Regular Air,1.79,California,10.31,1
Twentynine Palms,3151,Glenda Hunter,Home Office,0.04,William,Low,2010,Qtr 3,August,28,1,Office Supplies,Small Pack,"Fiskars 8"" Scissors, 2/Pack","Scissors, Rulers and Trimmers",47.73,WEST,119.6,2010,Qtr 3,August,31,Regular Air,3.26,California,17.24,1
Twentynine Palms,3151,Glenda Hunter,Home Office,0.07,William,Low,2013,Qtr 3,August,28,1,Furniture,Jumbo Box,BoxOffice By Design Rectangular and Half-Moon Meeting Room Tables,Tables,-293.11544000000004,WEST,1705.65,2013,Qtr 3,August,30,Delivery Truck,69.64,California,218.75,1
Twentynine Palms,3151,Glenda Hunter,Home Office,0.08,William,Low,2013,Qtr 3,August,28,1,Furniture,Large Box,Hon 2111 Invitation™ Series Corner Table,Tables,-687.4651200000001,WEST,4111.71,2013,Qtr 3,August,30,Regular Air,69,California,209.37,1
Twentynine Palms,3172,Gilbert Washington,Home Office,0.07,William,Low,2012,Qtr 2,May,20,1,Furniture,Medium Box,"Deflect-o EconoMat Nonstudded, No Bevel Mat",Office Furnishings,63.88,WEST,556.76,2012,Qtr 2,May,22,Regular Air,18.45,California,51.65,1
Twentynine Palms,3172,Gilbert Washington,Home Office,0.02,William,Low,2012,Qtr 2,May,20,1,Office Supplies,Small Box,"#10 White Business Envelopes,4 1/8 x 9 1/2",Envelopes,194.54549999999998,WEST,281.95,2012,Qtr 2,May,21,Regular Air,1.39,California,15.67,1
Twentynine Palms,3172,Gilbert Washington,Home Office,0.04,William,Low,2012,Qtr 2,May,20,1,Technology,Small Box,5170i,Telephones and Communication,-176.055,WEST,419.98,2012,Qtr 2,May,21,Express Air,8.99,California,125.99,1
Twentynine Palms,3172,Gilbert Washington,Home Office,0.09,William,Low,2013,Qtr 2,May,29,1,Office Supplies,Wrap Bag,Prang Dustless Chalk Sticks,Pens & Art Supplies,-4.56,WEST,25.02,2013,Qtr 2,May,30,Regular Air,1,California,1.68,1
Twentynine Palms,3172,Gilbert Washington,Home Office,0.04,William,Low,2013,Qtr 3,July,21,1,Furniture,Jumbo Drum,Global Enterprise Series Seating High-Back Swivel/Tilt Chairs,Chairs & Chairmats,-414.7776,WEST,280.45,2013,Qtr 3,July,22,Delivery Truck,50,California,270.98,1
Twentynine Palms,3172,Gilbert Washington,Home Office,0.02,William,Low,2013,Qtr 3,September,3,1,Office Supplies,Small Box,Tyvek® Side-Opening Peel & Seel® Expanding Envelopes,Envelopes,799.1028,WEST,1209.22,2013,Qtr 3,September,5,Regular Air,19.99,California,90.48,1
Union,2810,Caroline Gibson,Small Business,0.01,Erin,Low,2011,Qtr 4,October,30,1,Office Supplies,Small Box,Cardinal Holdit Business Card Pockets,Binders and Binder Accessories,-101.57075999999999,EAST,117.19,2011,Qtr 4,October,31,Regular Air,4.95,New Jersey,4.98,1
Union City,1159,Arlene Weeks,Consumer,0.04,Erin,Low,2010,Qtr 2,May,20,1,Furniture,Jumbo Box,"Bush Westfield Collection Bookcases, Fully Assembled",Bookcases,-152.76,EAST,110.75,2010,Qtr 2,May,21,Delivery Truck,35.84,New Jersey,100.98,1
Utica,211,Anna Wood,Consumer,0.01,Erin,Low,2010,Qtr 3,July,6,1,Office Supplies,Wrap Bag,Riverleaf Stik-Withit® Designer Note Cubes®,Paper,7.59,EAST,21.2,2010,Qtr 3,July,8,Regular Air,2.06,New York,10.06,1
Utica,211,Anna Wood,Consumer,0,Erin,Low,2010,Qtr 3,July,6,1,Technology,Small Box,252,Telephones and Communication,-107.987,EAST,173.32,2010,Qtr 3,July,8,Regular Air,5.92,New York,65.99,1
Utica,211,Anna Wood,Consumer,0.09,Erin,Low,2013,Qtr 1,February,21,1,Technology,Small Box,2160i,Telephones and Communication,-215.33599999999998,EAST,485.05,2013,Qtr 1,February,22,Regular Air,4.2,New York,200.99,1
Utica,211,Anna Wood,Consumer,0.04,Erin,Low,2013,Qtr 3,July,6,1,Technology,Small Box,CF 688,Telephones and Communication,1327.9670999999998,EAST,1924.59,2013,Qtr 3,July,7,Regular Air,8.99,New York,155.99,1
Utica,211,Anna Wood,Consumer,0.01,Erin,Low,2013,Qtr 4,November,12,1,Office Supplies,Large Box,Space Solutions Commercial Steel Shelving,Storage & Organization,151.48208000000005,EAST,603.03,2013,Qtr 4,November,14,Express Air,35,New York,64.65,1
Utica,211,Anna Wood,Corporate,0,Erin,Low,2013,Qtr 3,July,18,1,Furniture,Jumbo Box,Hon iLevel™ Computer Training Table,Tables,-1807.174512,EAST,497.42,2013,Qtr 3,July,20,Delivery Truck,45.51,New York,31.76,1
Utica,211,Anna Wood,Home Office,0.05,Erin,Low,2010,Qtr 4,December,2,1,Office Supplies,Small Pack,Kleencut® Forged Office Shears by Acme United Corporation,"Scissors, Rulers and Trimmers",-36.25,EAST,42.29,2010,Qtr 4,December,3,Regular Air,2.56,New York,2.08,1
Vacaville,87,Norman Shields,Corporate,0.05,William,Low,2010,Qtr 2,June,3,1,Office Supplies,Small Box,Fellowes Super Stor/Drawer® Files,Storage & Organization,1892.424,WEST,3127.69,2010,Qtr 2,June,8,Regular Air,19.99,California,161.55,1
Vacaville,87,Norman Shields,Corporate,0.01,William,Low,2010,Qtr 3,September,22,1,Furniture,Jumbo Box,Hon 94000 Series Round Tables,Tables,173.48,WEST,2875.72,2010,Qtr 3,September,25,Delivery Truck,54.12,California,296.18,1
Vacaville,87,Norman Shields,Corporate,0.09,William,Low,2010,Qtr 3,September,22,1,Office Supplies,Small Box,Avery 493,Labels,28.8558,WEST,41.82,2010,Qtr 3,September,23,Regular Air,0.5,California,4.91,1
Vacaville,87,Norman Shields,Corporate,0.05,William,Low,2013,Qtr 2,April,15,1,Furniture,Wrap Bag,Flat Face Poster Frame,Office Furnishings,170.8233,WEST,247.57,2013,Qtr 2,April,17,Regular Air,3.62,California,18.84,1
Vacaville,90,Katie Watson,Corporate,0.1,William,Low,2012,Qtr 1,February,7,1,Office Supplies,Large Box,Belkin OmniView SE Rackmount Kit,Storage & Organization,-1191.13,WEST,340.42,2012,Qtr 1,February,7,Express Air,35,California,35.48,1
Vallejo,91,Wallace Werner,Corporate,0.06,William,Low,2010,Qtr 3,September,4,1,Technology,Small Box,2180,Telephones and Communication,2031.507,WEST,3363.53,2010,Qtr 3,September,6,Regular Air,8.99,California,175.99,1
Vallejo,91,Wallace Werner,Corporate,0.08,William,Low,2012,Qtr 1,February,7,1,Office Supplies,Small Pack,"Boston School Pro Electric Pencil Sharpener, 1670",Pens & Art Supplies,19.57,WEST,373.01,2012,Qtr 1,February,9,Regular Air,8.99,California,30.98,1
Vallejo,91,Wallace Werner,Corporate,0.07,William,Low,2012,Qtr 1,February,7,1,Technology,Small Box,US Robotics 56K V.92 External Faxmodem,Computer Peripherals,-95.52,WEST,307.29,2012,Qtr 1,February,7,Regular Air,19.99,California,99.99,1
Vallejo,91,Wallace Werner,Corporate,0.05,William,Low,2012,Qtr 3,September,8,1,Furniture,Small Box,Eldon® Wave Desk Accessories,Office Furnishings,-5.87,WEST,13.66,2012,Qtr 3,September,10,Express Air,5.33,California,2.08,1
Vallejo,91,Wallace Werner,Corporate,0.08,William,Low,2012,Qtr 3,September,8,1,Office Supplies,Small Box,"Decoflex Hanging Personal Folder File, Blue",Storage & Organization,-231.34,WEST,314.17,2012,Qtr 3,September,13,Express Air,10.68,California,15.42,1
Vallejo,91,Wallace Werner,Home Office,0.07,William,Low,2010,Qtr 2,May,17,1,Office Supplies,Wrap Bag,Prismacolor Color Pencil Set,Pens & Art Supplies,117.852,WEST,170.8,2010,Qtr 2,May,18,Regular Air,4.1,California,19.84,1
Vallejo,91,Wallace Werner,Home Office,0.05,William,Low,2010,Qtr 3,August,18,1,Office Supplies,Wrap Bag,Array® Memo Cubes,Paper,34.010400000000004,WEST,53.54,2010,Qtr 3,August,20,Regular Air,2.04,California,5.18,1
Valley Stream,212,Milton Clarke,Consumer,0.08,Erin,Low,2011,Qtr 1,February,21,1,Office Supplies,Small Pack,Sanford 52201 APSCO Electric Pencil Sharpener,Pens & Art Supplies,176.13,EAST,429.3,2011,Qtr 1,February,22,Regular Air,8.99,New York,40.97,1
Valley Stream,212,Milton Clarke,Consumer,0.03,Erin,Low,2011,Qtr 3,September,20,1,Office Supplies,Wrap Bag,Newell 312,Pens & Art Supplies,10.96,EAST,36.92,2011,Qtr 3,September,22,Regular Air,1.2,New York,5.84,1
Valley Stream,212,Milton Clarke,Consumer,0.04,Erin,Low,2013,Qtr 3,September,20,1,Office Supplies,Small Box,"Tenex Personal Self-Stacking Standard File Box, Black/Gray",Storage & Organization,-22.871199999999998,EAST,68.71,2013,Qtr 3,September,21,Regular Air,6.25,New York,16.91,1
Valley Stream,212,Milton Clarke,Home Office,0.08,Erin,Low,2011,Qtr 3,July,27,1,Furniture,Small Pack,"Executive Impressions 14"" Two-Color Numerals Wall Clock",Office Furnishings,173.94,EAST,304.09,2011,Qtr 3,July,29,Regular Air,8.99,New York,22.72,1
Valley Stream,212,Milton Clarke,Home Office,0.01,Erin,Low,2012,Qtr 1,February,12,1,Furniture,Jumbo Box,Bevis Rectangular Conference Tables,Tables,-352.789866,EAST,1545.11,2012,Qtr 1,February,14,Delivery Truck,46.2,New York,145.98,1
Valley Stream,350,Holly Carey,Home Office,0.01,Erin,Low,2012,Qtr 2,April,13,1,Office Supplies,Small Box,Avery 49,Labels,21.735,EAST,31.5,2012,Qtr 2,April,14,Regular Air,0.5,New York,2.88,1
Vineland,1224,Larry Spencer,Small Business,0.09,Erin,Low,2013,Qtr 4,October,30,1,Office Supplies,Wrap Bag,OIC Thumb-Tacks,Rubber Bands,-2.81,EAST,16.71,2013,Qtr 4,November,3,Regular Air,0.7,New Jersey,1.14,1
Visalia,122,Miriam Proctor,Home Office,0.01,William,Low,2012,Qtr 2,April,11,1,Office Supplies,Small Box,"SAFCO Mobile Desk Side File, Wire Frame",Storage & Organization,217.9365,WEST,315.85,2012,Qtr 2,April,12,Regular Air,6.22,California,42.76,1
Visalia,122,Miriam Proctor,Home Office,0.02,William,Low,2012,Qtr 2,April,11,1,Technology,Small Pack,Imation DVD-RAM discs,Computer Peripherals,341.9226,WEST,495.54,2012,Qtr 2,April,13,Regular Air,1.99,California,35.41,1
Visalia,122,Miriam Proctor,Home Office,0.08,William,Low,2012,Qtr 2,April,30,1,Technology,Small Box,Belkin MediaBoard 104- Keyboard,Computer Peripherals,-103.23,WEST,26.28,2012,Qtr 2,May,1,Regular Air,4,California,27.48,1
Visalia,122,Miriam Proctor,Home Office,0.1,William,Low,2013,Qtr 3,August,30,1,Office Supplies,Small Box,"Wilson Jones Hanging View Binder, White, 1""",Binders and Binder Accessories,-48.41868000000001,WEST,160.29,2013,Qtr 3,August,31,Regular Air,6.05,California,7.1,1
Visalia,122,Miriam Proctor,Home Office,0.01,William,Low,2013,Qtr 3,August,30,1,Technology,Jumbo Box,Hewlett-Packard 2600DN Business Color Inkjet Printer,Office Machines,-41.735083200000005,WEST,1006.9,2013,Qtr 3,August,30,Delivery Truck,56.14,California,119.99,1
Visalia,141,Toni Daly,Corporate,0.07,William,Low,2011,Qtr 1,January,14,1,Office Supplies,Small Pack,Acme® Box Cutter Scissors,"Scissors, Rulers and Trimmers",-30.8512,WEST,20.45,2011,Qtr 1,January,15,Regular Air,4.68,California,10.23,1
Visalia,141,Toni Daly,Small Business,0.06,William,Low,2012,Qtr 1,January,24,1,Office Supplies,Small Box,"Peel & Seel® Recycled Catalog Envelopes, Brown",Envelopes,-15.710799999999999,WEST,135.14,2012,Qtr 1,January,26,Regular Air,6.97,California,11.58,1
Watertown,351,Juanita Coley Knox,Home Office,0.09,Erin,High,2012,Qtr 3,September,9,1,Furniture,Jumbo Box,"Chromcraft Bull-Nose Wood 48"" x 96"" Rectangular Conference Tables",Tables,-1331.553366,EAST,10034.23,2012,Qtr 3,September,11,Delivery Truck,64.59,New York,550.98,1
Watertown,351,Juanita Coley Knox,Home Office,0,Erin,Low,2010,Qtr 2,June,9,1,Office Supplies,Small Pack,Acme® Elite Stainless Steel Scissors,"Scissors, Rulers and Trimmers",10.5,EAST,55.54,2010,Qtr 2,June,11,Express Air,2.64,New York,8.34,1
Watertown,351,Juanita Coley Knox,Home Office,0.04,Erin,Low,2010,Qtr 3,July,2,1,Furniture,Small Pack,"GE 48"" Fluorescent Tube, Cool White Energy Saver, 34 Watts, 30/Box",Office Furnishings,993.8345999999999,EAST,1440.34,2010,Qtr 3,July,4,Regular Air,8.99,New York,99.23,1
Watertown,351,Juanita Coley Knox,Home Office,0.05,Erin,Low,2012,Qtr 2,April,5,1,Office Supplies,Small Box,"Peel & Seel® Recycled Catalog Envelopes, Brown",Envelopes,10.8,EAST,67.5,2012,Qtr 2,April,7,Regular Air,5.72,New York,11.58,1
Watertown,351,Juanita Coley Knox,Home Office,0.07,Erin,Low,2012,Qtr 4,November,17,1,Office Supplies,Small Box,Fellowes PB500 Electric Punch Plastic Comb Binding Machine with Manual Bind,Binders and Binder Accessories,81.64310000000006,EAST,3581.52,2012,Qtr 4,November,19,Regular Air,19.99,New York,1270.99,1
Watertown,351,Juanita Coley Knox,Home Office,0.07,Erin,Low,2012,Qtr 4,November,17,1,Office Supplies,Small Box,Self-Adhesive Address Labels for Typewriters by Universal,Labels,52.633199999999995,EAST,76.28,2012,Qtr 4,November,17,Regular Air,0.49,New York,7.31,1
Watertown,351,Juanita Coley Knox,Home Office,0.02,Erin,Low,2012,Qtr 4,December,10,1,Office Supplies,Small Box,Xerox 1983,Paper,-30.415,EAST,96.58,2012,Qtr 4,December,11,Regular Air,5.46,New York,5.98,1
Wayne,76,Glen Weeks,Small Business,0.1,Erin,Low,2012,Qtr 2,April,11,1,Technology,Small Box,Gyration RF Keyboard,Computer Peripherals,526.5735,EAST,763.15,2012,Qtr 2,April,12,Regular Air,5.5,New Jersey,159.99,1
West Babylon,479,Tim Moore,Small Business,0.01,Erin,Low,2011,Qtr 1,February,8,1,Furniture,Jumbo Drum,Hon 2090 “Pillow Soft” Series Mid Back Swivel/Tilt Chairs,Chairs & Chairmats,-416.7,EAST,3074.12,2011,Qtr 1,February,9,Delivery Truck,57,New York,280.98,1
West Babylon,479,Tim Moore,Small Business,0.03,Erin,Low,2011,Qtr 1,February,8,1,Office Supplies,Small Box,"Eureka Recycled Copy Paper 8 1/2"" x 11"", Ream",Paper,-34.91,EAST,35.59,2011,Qtr 1,February,10,Regular Air,5.94,New York,6.48,1
West Babylon,479,Tim Moore,Small Business,0.03,Erin,Low,2011,Qtr 1,March,3,1,Office Supplies,Wrap Bag,12 Colored Short Pencils,Pens & Art Supplies,-5.27,EAST,3.88,2011,Qtr 1,March,4,Regular Air,2.4,New York,2.6,1
West Babylon,479,Tim Moore,Small Business,0.01,Erin,Low,2011,Qtr 3,August,23,1,Office Supplies,Small Box,Eldon® Gobal File Keepers,Storage & Organization,-30.2848,EAST,121.92,2011,Qtr 3,August,25,Regular Air,4.53,New York,15.14,1
West Babylon,479,Tim Moore,Small Business,0.04,Erin,Low,2013,Qtr 1,March,14,1,Furniture,Jumbo Box,Hon 61000 Series Interactive Training Tables,Tables,33.988949999999996,EAST,513.94,2013,Qtr 1,March,15,Delivery Truck,46.59,New York,44.43,1
West Hollywood,463,Debbie Stevenson,Small Business,0.07,William,Low,2010,Qtr 3,July,14,1,Office Supplies,Small Box,Economy Rollaway Files,Storage & Organization,521.69,WEST,1081.54,2010,Qtr 3,July,16,Regular Air,19.99,California,165.2,1
West Hollywood,463,Debbie Stevenson,Small Business,0.05,William,Low,2011,Qtr 1,March,31,1,Technology,Jumbo Drum,Hewlett-Packard Deskjet 5550 Color Inkjet Printer,Office Machines,-44.517900000000004,WEST,714.29,2011,Qtr 2,April,2,Delivery Truck,56.14,California,115.99,1
West Hollywood,463,Debbie Stevenson,Small Business,0.05,William,Low,2012,Qtr 1,March,1,1,Office Supplies,Wrap Bag,"TOPS Money Receipt Book, Consecutively Numbered in Red,",Paper,31,WEST,56.23,2012,Qtr 1,March,4,Regular Air,2.87,California,8.01,1
West Hollywood,463,Debbie Stevenson,Small Business,0.09,William,Low,2012,Qtr 4,October,11,1,Furniture,Large Box,Luxo Professional Fluorescent Magnifier Lamp with Clamp-Mount Base,Office Furnishings,2820.8764,WEST,4776.61,2012,Qtr 4,October,15,Regular Air,21.21,California,209.84,1
West Hollywood,463,Debbie Stevenson,Small Business,0.06,William,Low,2013,Qtr 2,May,7,1,Technology,Small Box,Belkin MediaBoard 104- Keyboard,Computer Peripherals,-101.41,WEST,28.87,2013,Qtr 2,May,9,Regular Air,4,California,27.48,1
West Hollywood,463,Debbie Stevenson,Small Business,0.02,William,Low,2013,Qtr 4,December,28,1,Office Supplies,Small Box,Catalog Binders with Expanding Posts,Binders and Binder Accessories,730.2614999999998,WEST,1058.35,2013,Qtr 4,December,30,Regular Air,19.99,California,67.28,1
West Islip,480,Max Ross Finch,Home Office,0.06,Erin,Low,2011,Qtr 4,October,29,1,Furniture,Jumbo Box,Bretford CR4500 Series Slim Rectangular Table,Tables,-101.80684800000003,EAST,1038.45,2011,Qtr 4,October,30,Delivery Truck,40.19,New York,348.21,1
West Islip,480,Max Ross Finch,Small Business,0.08,Erin,Low,2012,Qtr 4,November,29,1,Technology,Small Box,Belkin MediaBoard 104- Keyboard,Computer Peripherals,11.506000000000014,EAST,560.82,2012,Qtr 4,November,30,Regular Air,4,New York,27.48,1
West Islip,605,Alison Peters Wooten,Corporate,0.09,Erin,Low,2010,Qtr 1,March,14,1,Furniture,Large Box,Laminate Occasional Tables,Tables,-1763.7477000000003,EAST,1494.63,2010,Qtr 1,March,15,Express Air,69,New York,154.13,1
West Islip,605,Alison Peters Wooten,Home Office,0.09,Erin,Low,2012,Qtr 1,February,28,1,Office Supplies,Small Box,Avery Durable Poly Binders,Binders and Binder Accessories,-46.1265,EAST,17.73,2012,Qtr 1,February,29,Regular Air,6.98,New York,5.53,1
West Islip,605,Alison Peters Wooten,Home Office,0.06,Erin,Low,2012,Qtr 4,December,7,1,Office Supplies,Small Box,GBC Standard Therm-A-Bind Covers,Binders and Binder Accessories,-20.7805,EAST,36.4,2012,Qtr 4,December,9,Regular Air,12.98,New York,24.92,1
West Islip,605,Alison Peters Wooten,Home Office,0.04,Erin,Low,2012,Qtr 4,December,7,1,Office Supplies,Wrap Bag,Rediform S.O.S. Phone Message Books,Paper,60.8442,EAST,88.18,2012,Qtr 4,December,9,Regular Air,0.8,New York,4.98,1
West Islip,605,Alison Peters Wooten,Home Office,0.1,Erin,Low,2013,Qtr 1,March,18,1,Office Supplies,Wrap Bag,"Recycled Desk Saver Line ""While You Were Out"" Book, 5 1/2"" X 4""",Paper,-4.22,EAST,10.23,2013,Qtr 1,March,18,Regular Air,2.01,New York,8.95,1
West Milford,441,Jack Durham,Small Business,0.1,Erin,Low,2011,Qtr 2,June,10,1,Office Supplies,Small Box,Xerox 1981,Paper,-81.34400000000001,EAST,59.05,2011,Qtr 2,June,12,Regular Air,5.57,New Jersey,5.28,1
West Orange,1225,Beverly Leonard,Small Business,0.03,Erin,Low,2012,Qtr 2,June,12,1,Furniture,Small Box,"Eldon® Image Series Desk Accessories, Burgundy",Office Furnishings,-107.016,EAST,63.59,2012,Qtr 2,June,14,Regular Air,6.92,New Jersey,4.18,1
West Palm Beach,2137,Crystal Crabtree,Corporate,0,Sam,Low,2010,Qtr 1,January,31,1,Office Supplies,Wrap Bag,"Adams Phone Message Book, Professional, 400 Message Capacity, 5 3/6” x 11”",Paper,-343.868,SOUTH,64.48,2010,Qtr 1,February,2,Regular Air,1.6,Florida,6.98,1
West Palm Beach,2137,Crystal Crabtree,Corporate,0.06,Sam,Low,2013,Qtr 3,July,15,1,Office Supplies,Wrap Bag,Prismacolor Color Pencil Set,Pens & Art Supplies,207.858,SOUTH,155.16,2013,Qtr 3,July,17,Regular Air,4.1,Florida,19.84,1
West Seneca,606,Tamara Cowan,Home Office,0,Erin,Low,2011,Qtr 1,January,11,1,Office Supplies,Small Box,"Mead 1st Gear 2"" Zipper Binder, Asst. Colors",Binders and Binder Accessories,64.5219,EAST,93.51,2011,Qtr 1,January,13,Regular Air,1.49,New York,12.97,1
West Seneca,606,Tamara Cowan,Home Office,0.01,Erin,Low,2012,Qtr 4,November,13,1,Office Supplies,Wrap Bag,Newell 326,Pens & Art Supplies,0.24600000000000022,EAST,42.42,2012,Qtr 4,November,14,Regular Air,0.7,New York,1.76,1
West Seneca,606,Tamara Cowan,Home Office,0.07,Erin,Low,2012,Qtr 4,November,13,1,Technology,Small Box,600 Series Non-Flip,Telephones and Communication,21.500600000000006,EAST,330.67,2012,Qtr 4,November,15,Regular Air,4.99,New York,45.99,1
West Seneca,606,Tamara Cowan,Home Office,0.04,Erin,Low,2013,Qtr 1,March,4,1,Office Supplies,Small Box,Xerox 198,Paper,-123.28,EAST,33.01,2013,Qtr 1,March,5,Express Air,8.33,New York,4.98,1
West Seneca,606,Tamara Cowan,Home Office,0.03,Erin,Low,2013,Qtr 3,July,24,1,Office Supplies,Small Box,Staples® General Use 3-Ring Binders,Binders and Binder Accessories,-13.770744,EAST,29.52,2013,Qtr 3,July,25,Regular Air,1.49,New York,1.88,1
West Seneca,606,Tamara Cowan,Home Office,0.05,Erin,Low,2013,Qtr 3,September,30,1,Office Supplies,Wrap Bag,"Crayola Anti Dust Chalk, 12/Pack",Pens & Art Supplies,0.9288,EAST,38.65,2013,Qtr 4,October,2,Regular Air,1,New York,1.82,1
Westfield,1863,Marian B Lyons,Home Office,0.08,Erin,Low,2012,Qtr 4,November,6,1,Furniture,Jumbo Drum,"Barricks 18"" x 48"" Non-Folding Utility Table with Bottom Storage Shelf",Tables,48.720672000000064,EAST,3028.25,2012,Qtr 4,November,7,Delivery Truck,60,New Jersey,100.8,1
Westminster,464,Patrick Rhodes,Small Business,0.06,William,Low,2011,Qtr 4,October,18,1,Furniture,Wrap Bag,"Master Caster Door Stop, Brown",Office Furnishings,16.799200000000003,WEST,68.47,2011,Qtr 4,October,20,Regular Air,2.03,California,5.08,1
Westminster,464,Patrick Rhodes,Small Business,0.08,William,Low,2012,Qtr 4,December,17,1,Furniture,Wrap Bag,Eldon Radial Chair Mat for Low to Medium Pile Carpets,Office Furnishings,303.705,WEST,661.29,2012,Qtr 4,December,19,Regular Air,9.2,California,39.98,1
Westminster,464,Patrick Rhodes,Small Business,0.02,William,Low,2012,Qtr 4,December,17,1,Office Supplies,Wrap Bag,Newell 312,Pens & Art Supplies,51.36,WEST,84.73,2012,Qtr 4,December,19,Regular Air,1.2,California,5.84,1
Westminster,464,Patrick Rhodes,Small Business,0.06,William,Low,2013,Qtr 4,October,18,1,Office Supplies,Small Box,"Peel & Seel® Recycled Catalog Envelopes, Brown",Envelopes,51.91,WEST,224.24,2013,Qtr 4,October,20,Regular Air,5.72,California,11.58,1
White Plains,608,Daniel Jones,Corporate,0.04,Erin,Low,2011,Qtr 1,March,1,1,Office Supplies,Small Box,Belkin 8 Outlet SurgeMaster II Gold Surge Protector with Phone Protection,Appliances,32.6,EAST,160.15,2011,Qtr 1,March,3,Regular Air,4.5,New York,80.98,1
White Plains,608,Daniel Jones,Corporate,0.08,Erin,Low,2011,Qtr 1,March,1,1,Office Supplies,Small Box,Xerox 23,Paper,-56.68,EAST,49.02,2011,Qtr 1,March,2,Regular Air,5.14,New York,6.48,1
White Plains,608,Daniel Jones,Corporate,0.09,Erin,Low,2011,Qtr 3,August,16,1,Technology,Large Box,Canon PC1060 Personal Laser Copier,Copiers and Fax,-188.6976,EAST,2000.26,2011,Qtr 3,August,23,Express Air,24.49,New York,699.99,1
White Plains,608,Daniel Jones,Corporate,0.09,Erin,Low,2012,Qtr 3,July,15,1,Technology,Jumbo Drum,Panasonic KX-P1150 Dot Matrix Printer,Office Machines,586.61,EAST,1382.49,2012,Qtr 3,July,16,Delivery Truck,17.85,New York,145.45,1
White Plains,608,Daniel Jones,Corporate,0.05,Erin,Low,2013,Qtr 3,September,16,1,Office Supplies,Wrap Bag,"Sanford EarthWrite® Recycled Pencils, Medium Soft, #2",Pens & Art Supplies,1.1340000000000001,EAST,34.95,2013,Qtr 3,September,18,Regular Air,0.7,New York,2.1,1
Whittier,465,Ricky Johnston,Small Business,0.02,William,Low,2011,Qtr 4,December,13,1,Office Supplies,Small Box,Xerox 1885,Paper,441.42749999999995,WEST,639.75,2011,Qtr 4,December,14,Regular Air,7.23,California,48.04,1
Whittier,465,Ricky Johnston,Small Business,0.08,William,Low,2013,Qtr 4,October,18,1,Office Supplies,Small Box,Eureka Disposable Bags for Sanitaire® Vibra Groomer I® Upright Vac,Appliances,-83.71,WEST,39.62,2013,Qtr 4,October,23,Regular Air,6.89,California,4.06,1
Whittier,661,Emma Leach,Consumer,0.04,William,Low,2011,Qtr 2,June,8,1,Furniture,Small Pack,Nu-Dell Leatherette Frames,Office Furnishings,86.84339999999999,WEST,125.86,2011,Qtr 2,June,10,Regular Air,5,California,14.34,1
Whittier,661,Emma Leach,Consumer,0.01,William,Low,2012,Qtr 1,January,17,1,Office Supplies,Wrap Bag,Newell 320,Pens & Art Supplies,-5.58,WEST,9.52,2012,Qtr 1,January,19,Regular Air,1.6,California,4.28,1
Whittier,782,Sarah N Becker,Small Business,0.04,William,Low,2010,Qtr 2,April,29,1,Office Supplies,Small Box,Home/Office Personal File Carts,Storage & Organization,192.5169,WEST,279.01,2010,Qtr 2,April,30,Regular Air,5.49,California,34.76,1
Willingboro,816,Joel Willard,Consumer,0.1,Erin,Low,2012,Qtr 3,September,19,1,Office Supplies,Small Box,"Hot File® 7-Pocket, Floor Stand",Storage & Organization,1662.92,EAST,3348.27,2012,Qtr 3,September,20,Express Air,19.99,New Jersey,178.47,1
Winter Garden,2220,Jennifer Stanton,Consumer,0.09,Sam,Low,2010,Qtr 3,August,28,1,Furniture,Wrap Bag,Coloredge Poster Frame,Office Furnishings,-324.73,SOUTH,55.08,2010,Qtr 3,September,1,Regular Air,5.3,Florida,14.2,1
Winter Garden,2220,Jennifer Stanton,Consumer,0.01,Sam,Low,2013,Qtr 2,May,22,1,Office Supplies,Wrap Bag,"Adams Phone Message Book, Professional, 400 Message Capacity, 5 3/6” x 11”",Paper,-2024.512,SOUTH,104.17,2013,Qtr 2,May,29,Express Air,1.6,Florida,6.98,1
Winter Garden,2220,Jennifer Stanton,Consumer,0.01,Sam,Low,2013,Qtr 3,August,12,1,Office Supplies,Wrap Bag,"Wirebound Message Book, 4 per Page",Paper,-69.49600000000001,SOUTH,34.99,2013,Qtr 3,August,12,Regular Air,0.95,Florida,5.43,1
Winter Garden,2483,Bryan Weinstein,Corporate,0.09,Sam,Low,2013,Qtr 3,August,15,1,Furniture,Medium Box,DAX Cubicle Frames - 8x10,Office Furnishings,-201.88,SOUTH,140.79,2013,Qtr 3,August,17,Regular Air,5.92,Florida,5.77,1
Winter Garden,2483,Bryan Weinstein,Corporate,0.02,Sam,Low,2013,Qtr 3,August,15,1,Office Supplies,Small Box,Ibico Covers for Plastic or Wire Binding Elements,Binders and Binder Accessories,15.264,SOUTH,105.24,2013,Qtr 3,August,17,Regular Air,7.19,Florida,11.5,1
Winter Haven,2484,Rhonda Bryant,Corporate,0.03,Sam,Low,2010,Qtr 3,September,13,1,Office Supplies,Small Box,Fellowes Recycled Storage Drawers,Storage & Organization,366.53999999999996,SOUTH,900.12,2010,Qtr 3,September,14,Regular Air,8.64,Florida,111.03,1
Winter Haven,2484,Rhonda Bryant,Corporate,0.05,Sam,Low,2010,Qtr 3,September,13,1,Office Supplies,Small Box,Xerox 216,Paper,322.12199999999996,SOUTH,109.99,2010,Qtr 3,September,14,Regular Air,7.91,Florida,6.48,1
Winter Haven,2484,Rhonda Bryant,Corporate,0,Sam,Low,2012,Qtr 2,April,28,1,Furniture,Jumbo Drum,"Global High-Back Leather Tilter, Burgundy",Chairs & Chairmats,-402.668,SOUTH,1023.65,2012,Qtr 2,April,30,Delivery Truck,70.2,Florida,122.99,1
Winter Haven,2484,Rhonda Bryant,Corporate,0,Sam,Low,2012,Qtr 2,May,23,1,Office Supplies,Small Pack,"Acme Design Line 8"" Stainless Steel Bent Scissors w/Champagne Handles, 3-1/8"" Cut","Scissors, Rulers and Trimmers",2558.892,SOUTH,120.45,2012,Qtr 2,May,26,Regular Air,8.37,Florida,6.84,1
Winter Haven,2484,Rhonda Bryant,Corporate,0.02,Sam,Low,2013,Qtr 3,August,7,1,Office Supplies,Small Box,Fellowes Super Stor/Drawer® Files,Storage & Organization,936.492,SOUTH,3108.3,2013,Qtr 3,August,9,Regular Air,19.99,Florida,161.55,1
Winter Haven,2484,Rhonda Bryant,Corporate,0.03,Sam,Low,2013,Qtr 3,September,13,1,Office Supplies,Small Box,GBC Plastic Binding Combs,Binders and Binder Accessories,756.864,SOUTH,75.67,2013,Qtr 3,September,14,Regular Air,11.51,Florida,7.38,1
Winter Haven,2538,Ruby Booth,Corporate,0.04,Sam,Low,2013,Qtr 3,September,30,1,Office Supplies,Small Pack,Fiskars® Softgrip Scissors,"Scissors, Rulers and Trimmers",66.91199999999999,SOUTH,12.86,2013,Qtr 4,October,1,Regular Air,3.37,Florida,10.98,1
Winter Park,2539,Max Hubbard,Corporate,0.02,Sam,Low,2011,Qtr 2,April,30,1,Office Supplies,Small Box,Belkin 8 Outlet SurgeMaster II Gold Surge Protector,Appliances,715.914,SOUTH,61.72,2011,Qtr 2,May,2,Regular Air,3.99,Florida,59.98,1
Winter Park,2539,Max Hubbard,Corporate,0.09,Sam,Low,2011,Qtr 2,April,30,1,Technology,Small Box,Hayes Optima 56K V.90 Internal Voice Modem,Computer Peripherals,4994.034,SOUTH,1403.17,2011,Qtr 2,April,30,Regular Air,11.25,Florida,256.99,1
Winter Park,2539,Max Hubbard,Corporate,0.01,Sam,Low,2011,Qtr 2,April,30,1,Technology,Wrap Bag,Accessory17,Telephones and Communication,-9.24,SOUTH,364.53,2011,Qtr 2,May,2,Regular Air,5,Florida,35.99,1
Winter Park,2539,Max Hubbard,Home Office,0.08,Sam,Low,2010,Qtr 2,April,7,1,Office Supplies,Small Box,Avery 485,Labels,215.718,SOUTH,61.1,2010,Qtr 2,April,8,Regular Air,0.5,Florida,12.53,1
Winter Park,2539,Max Hubbard,Home Office,0.1,Sam,Low,2012,Qtr 2,June,24,1,Furniture,Jumbo Drum,"Global Stack Chair without Arms, Black",Chairs & Chairmats,-286.90200000000004,SOUTH,52.51,2012,Qtr 2,June,25,Delivery Truck,14.36,Florida,25.98,1
Winter Park,2539,Max Hubbard,Home Office,0.09,Sam,Low,2012,Qtr 3,July,13,1,Office Supplies,Small Box,Self-Adhesive Ring Binder Labels,Binders and Binder Accessories,-207.186,SOUTH,46.89,2012,Qtr 3,July,15,Regular Air,6.83,Florida,3.52,1
Winter Park,2539,Max Hubbard,Home Office,0.02,Sam,Low,2012,Qtr 3,July,13,1,Office Supplies,Wrap Bag,"Black Print Carbonless 8 1/2"" x 8 1/4"" Rapid Memo Book",Paper,-8.568000000000001,SOUTH,65.57,2012,Qtr 3,July,14,Regular Air,4.23,Florida,7.28,1
Winter Park,2539,Max Hubbard,Home Office,0,Sam,Medium,2012,Qtr 2,June,24,1,Technology,Large Box,Canon PC940 Copier,Copiers and Fax,6.4079999999999995,SOUTH,5615.88,2012,Qtr 2,June,26,Regular Air,24.49,Florida,449.99,1
Winter Springs,2540,Helen Ferguson,Corporate,0.09,Sam,Low,2011,Qtr 3,September,4,1,Office Supplies,Small Box,Surelock™ Post Binders,Binders and Binder Accessories,-188.5954,SOUTH,139.05,2011,Qtr 3,September,6,Regular Air,2.99,Florida,30.56,1
Winter Springs,2540,Helen Ferguson,Corporate,0.1,Sam,Low,2013,Qtr 3,July,16,1,Office Supplies,Small Box,GBC Standard Therm-A-Bind Covers,Binders and Binder Accessories,-40.361999999999995,SOUTH,212.23,2013,Qtr 3,July,17,Regular Air,12.98,Florida,24.92,1
Winter Springs,2540,Helen Ferguson,Home Office,0.02,Sam,Low,2010,Qtr 2,April,7,1,Office Supplies,Small Box,"Hot File® 7-Pocket, Floor Stand",Storage & Organization,106.98479999999999,SOUTH,193.81,2010,Qtr 2,April,8,Regular Air,19.99,Florida,178.47,1
Winter Springs,2540,Helen Ferguson,Home Office,0.08,Sam,Low,2013,Qtr 1,January,21,1,Office Supplies,Small Box,Avery 494,Labels,-0.8694000000000015,SOUTH,30.54,2013,Qtr 1,January,22,Express Air,0.5,Florida,2.61,1
Winter Springs,2591,Maureen McCoy,Corporate,0.04,Sam,Low,2013,Qtr 4,October,23,1,Office Supplies,Wrap Bag,"While You Were Out Pads, 50 per Pad, 4 x 5 1/4, Green Cycle",Paper,11.046,SOUTH,75.62,2013,Qtr 4,October,23,Regular Air,1.52,Florida,4.73,1
Woodbridge,112,Louis Adkins,Consumer,0.09,Erin,Low,2011,Qtr 2,June,29,1,Technology,Small Box,Micro Innovations 104 Keyboard,Computer Peripherals,-137.872,EAST,168.53,2011,Qtr 2,June,30,Regular Air,6.5,New Jersey,10.97,1
Woodland,1041,Mildred Chase,Small Business,0.07,William,Low,2010,Qtr 2,April,17,1,Office Supplies,Small Box,Avery 48,Labels,44.9121,WEST,65.09,2010,Qtr 2,April,17,Regular Air,0.5,California,6.3,1
Woodland,1041,Mildred Chase,Small Business,0.06,William,Low,2010,Qtr 2,April,17,1,Technology,Small Box,"Fellowes Smart Design 104-Key Enhanced Keyboard, PS/2 Adapter, Platinum",Computer Peripherals,-13.77,WEST,322.77,2010,Qtr 2,April,18,Regular Air,4,California,55.94,1
Woodland,1041,Mildred Chase,Small Business,0.1,William,Low,2012,Qtr 1,February,6,1,Technology,Small Box,5125,Telephones and Communication,720.954,WEST,1316.16,2012,Qtr 1,February,7,Regular Air,8.08,California,200.99,1
Woodland,1041,Mildred Chase,Small Business,0,William,Low,2013,Qtr 4,October,30,1,Office Supplies,Small Box,Park Ridge™ Embossed Executive Business Envelopes,Envelopes,170.8164,WEST,247.56,2013,Qtr 4,October,31,Regular Air,1.39,California,15.57,1
Woodmere,1603,Alex Watkins,Small Business,0.05,Erin,Low,2010,Qtr 1,January,16,1,Furniture,Jumbo Box,"Bevis Round Conference Table Top, X-Base",Tables,-537.2797773200001,EAST,186.64,2010,Qtr 1,January,18,Delivery Truck,29.21,New York,179.29,1
Woodmere,1603,Alex Watkins,Small Business,0.09,Erin,Low,2010,Qtr 1,January,16,1,Office Supplies,Wrap Bag,Stockwell Push Pins,Rubber Bands,2.4548,EAST,19.12,2010,Qtr 1,January,18,Regular Air,0.78,New York,2.18,1
Woodmere,1603,Alex Watkins,Small Business,0.09,Erin,Low,2011,Qtr 4,October,31,1,Furniture,Large Box,Telescoping Adjustable Floor Lamp,Office Furnishings,-203.4828,EAST,427.71,2011,Qtr 4,November,1,Regular Air,11.17,New York,19.99,1
Woodmere,1603,Alex Watkins,Small Business,0.06,Erin,Low,2013,Qtr 4,November,3,1,Furniture,Small Pack,G.E. Longer-Life Indoor Recessed Floodlight Bulbs,Office Furnishings,25.240199999999998,EAST,36.58,2013,Qtr 4,November,5,Regular Air,4.95,New York,6.64,1
Woodmere,1603,Alex Watkins,Small Business,0.05,Erin,Low,2013,Qtr 4,November,3,1,Furniture,Small Pack,Ultra Door Push Plate,Office Furnishings,15.803840000000008,EAST,212.65,2013,Qtr 4,November,3,Regular Air,3.05,New York,4.91,1
Woodmere,1649,Roy Hardison,Corporate,0.03,Erin,Low,2010,Qtr 1,February,24,1,Office Supplies,Small Box,Belkin Premiere Surge Master II 8-outlet surge protector,Appliances,100.13279999999999,EAST,145.12,2010,Qtr 1,February,26,Express Air,3.99,New York,48.58,1
Wyckoff,77,Jan Kaufman Parrish,Small Business,0.1,Erin,Low,2012,Qtr 2,April,11,1,Office Supplies,Small Box,Xerox 227,Paper,-180.17,EAST,64.83,2012,Qtr 2,April,13,Regular Air,8.73,New Jersey,6.48,1
Yonkers,609,Shawn Adler,Corporate,0.1,Erin,Low,2011,Qtr 3,September,14,1,Technology,Small Box,Microsoft Natural Keyboard Elite,Computer Peripherals,-22.63,EAST,379.55,2011,Qtr 3,September,16,Regular Air,4,New York,39.98,1
Yonkers,609,Shawn Adler,Corporate,0,Erin,Low,2011,Qtr 4,November,21,1,Technology,Small Box,R280,Telephones and Communication,875.6154000000001,EAST,2163.9,2011,Qtr 4,November,23,Regular Air,8.99,New York,155.99,1
Yonkers,609,Shawn Adler,Corporate,0.01,Erin,Low,2012,Qtr 1,February,7,1,Office Supplies,Small Box,Cardinal Holdit Business Card Pockets,Binders and Binder Accessories,-85.008,EAST,50.64,2012,Qtr 1,February,9,Regular Air,4.95,New York,4.98,1
Yonkers,609,Shawn Adler,Corporate,0.06,Erin,Low,2013,Qtr 1,January,29,1,Office Supplies,Small Box,Fellowes Staxonsteel® Drawer Files,Storage & Organization,280.2804,EAST,1472.88,2013,Qtr 1,January,31,Regular Air,19.99,New York,193.17,1
Yonkers,609,Shawn Adler,Corporate,0.1,Erin,Low,2013,Qtr 1,March,29,1,Office Supplies,Small Box,Xerox 1996,Paper,-162.75,EAST,43.53,2013,Qtr 1,March,31,Regular Air,9.17,New York,6.48,1
Yonkers,609,Shawn Adler,Corporate,0.07,Erin,Low,2013,Qtr 1,March,29,1,Office Supplies,Small Pack,Boston KS Multi-Size Manual Pencil Sharpener,Pens & Art Supplies,-59.83,EAST,173.29,2013,Qtr 1,March,31,Regular Air,8.99,New York,22.99,1
Yonkers,609,Shawn Adler,Corporate,0.1,Erin,Low,2013,Qtr 3,September,14,1,Office Supplies,Small Box,Acco Perma® 2700 Stacking Storage Drawers,Storage & Organization,-32.6324,EAST,287.22,2013,Qtr 3,September,16,Regular Air,6.64,New York,29.74,1
Yuba City,1042,Jerome Burch,Small Business,0,William,Low,2010,Qtr 2,May,16,1,Office Supplies,Medium Box,Holmes Odor Grabber,Appliances,9.33,WEST,98.96,2010,Qtr 2,May,17,Express Air,6.75,California,14.42,1
Yuba City,1042,Jerome Burch,Small Business,0.01,William,Low,2011,Qtr 4,December,2,1,Furniture,Jumbo Box,O'Sullivan 3-Shelf Heavy-Duty Bookcases,Bookcases,-113.12,WEST,377.47,2011,Qtr 4,December,3,Delivery Truck,36.61,California,58.14,1
Yucaipa,1043,Ethel Coley,Small Business,0.04,William,Low,2012,Qtr 4,October,21,1,Technology,Small Pack,"Memorex 80 Minute CD-R, 30/Pack",Computer Peripherals,49.1648,WEST,160.61,2012,Qtr 4,October,23,Regular Air,1.99,California,22.98,1
Yucaipa,1043,Ethel Coley,Small Business,0.06,William,Low,2013,Qtr 3,September,6,1,Technology,Jumbo Drum,Epson LQ-570e Dot Matrix Printer,Office Machines,910.2564000000001,WEST,2641.14,2013,Qtr 3,September,8,Delivery Truck,28.06,California,270.97,1
Yucaipa,1112,Luis Kerr,Corporate,0.03,William,Low,2010,Qtr 4,October,2,1,Furniture,Jumbo Box,"Atlantic Metals Mobile 5-Shelf Bookcases, Custom Colors",Bookcases,1272.5808,WEST,3527.82,2010,Qtr 4,October,4,Delivery Truck,54.92,California,300.98,1
Yucaipa,1112,Luis Kerr,Corporate,0.02,William,Low,2010,Qtr 4,October,2,1,Technology,Jumbo Drum,Epson DFX-8500 Dot Matrix Printer,Office Machines,-5390.738892,WEST,4698.21,2010,Qtr 4,October,4,Delivery Truck,29.7,California,2550.14,1
Yuma,1118,Jesse Williams Katz,Consumer,0.05,William,High,2012,Qtr 4,November,7,1,Technology,Large Box,Polycom ViaVideo™ Desktop Video Communications Unit,Office Machines,8118.8919,WEST,11766.51,2012,Qtr 4,November,8,Regular Air,24.49,Arizona,574.74,1
Yuma,1118,Jesse Williams Katz,Home Office,0.01,William,Low,2011,Qtr 4,November,13,1,Furniture,Jumbo Box,O'Sullivan 3-Shelf Heavy-Duty Bookcases,Bookcases,143.83400000000017,WEST,2580.76,2011,Qtr 4,November,15,Delivery Truck,36.61,Arizona,58.14,1
Yuma,1118,Jesse Williams Katz,Home Office,0.02,William,Low,2013,Qtr 1,February,18,1,Office Supplies,Medium Box,Eldon Portable Mobile Manager,Storage & Organization,-93.46,WEST,142.25,2013,Qtr 1,February,19,Regular Air,13.99,Arizona,28.28,1
Yuma,1118,Jesse Williams Katz,Home Office,0.01,William,Low,2013,Qtr 1,February,18,1,Technology,Small Pack,"Memorex 4.7GB DVD-RAM, 3/Pack",Computer Peripherals,110.7174,WEST,160.46,2013,Qtr 1,February,18,Regular Air,1.99,Arizona,31.78,1
Yuma,1118,Jesse Williams Katz,Home Office,0.09,William,Medium,2011,Qtr 4,November,13,1,Furniture,Large Box,Luxo Professional Fluorescent Magnifier Lamp with Clamp-Mount Base,Office Furnishings,3540.7625999999996,WEST,5131.54,2011,Qtr 4,November,15,Regular Air,21.21,Arizona,209.84,1
